date_time,traffic_volume,predicted_traffic,predicted_congestion
2017-09-30 23:00:00,2517,1731.588175552094,LOW
2017-10-01 00:00:00,1447,941.9938061951178,LOW
2017-10-01 01:00:00,894,687.0096729483358,LOW
2017-10-01 02:00:00,617,460.0054124063312,LOW
2017-10-01 03:00:00,426,426.6899591639905,LOW
2017-10-01 03:00:00,426,426.6899591639905,LOW
2017-10-01 04:00:00,356,1715.3820725232622,LOW
2017-10-01 05:00:00,765,1226.6992549924173,LOW
2017-10-01 06:00:00,1654,2198.2697959267516,MEDIUM
2017-10-01 07:00:00,1838,2360.4034177803983,MEDIUM
2017-10-01 07:00:00,1838,2360.4034177803983,MEDIUM
2017-10-01 08:00:00,2403,3307.0603434284776,MEDIUM
2017-10-01 09:00:00,4429,4617.991530408337,HIGH
2017-10-01 10:00:00,5265,5587.003930286709,HIGH
2017-10-01 11:00:00,4748,4914.898631676504,HIGH
2017-10-01 12:00:00,4906,4751.885242055707,HIGH
2017-10-01 13:00:00,5108,4867.678418146098,HIGH
2017-10-01 13:00:00,5108,4867.678418146098,HIGH
2017-10-01 14:00:00,4921,4791.218899429665,HIGH
2017-10-01 15:00:00,4377,4353.775453586753,MEDIUM
2017-10-01 16:00:00,4385,4053.4655119196527,MEDIUM
2017-10-01 17:00:00,4110,3787.7357442801235,MEDIUM
2017-10-01 18:00:00,3680,3232.95539287652,MEDIUM
2017-10-01 19:00:00,3060,2525.9664998383296,MEDIUM
2017-10-01 20:00:00,2693,2405.462271425756,MEDIUM
2017-10-01 21:00:00,2003,1629.098426017952,LOW
2017-10-01 22:00:00,1686,1826.8009994970841,LOW
2017-10-01 23:00:00,1349,865.2983613614325,LOW
2017-10-02 00:00:00,581,397.02317561914714,LOW
2017-10-02 01:00:00,326,263.8054861184895,LOW
2017-10-02 01:00:00,326,263.8054861184895,LOW
2017-10-02 02:00:00,241,504.5325061119251,LOW
2017-10-02 02:00:00,241,504.5325061119251,LOW
2017-10-02 03:00:00,334,802.0176739386953,LOW
2017-10-02 03:00:00,334,802.0176739386953,LOW
2017-10-02 04:00:00,803,2099.211432644307,LOW
2017-10-02 04:00:00,803,2099.211432644307,LOW
2017-10-02 05:00:00,2894,5429.86243014526,HIGH
2017-10-02 06:00:00,5683,6120.293582008651,HIGH
2017-10-02 07:00:00,6577,5735.1697523544835,HIGH
2017-10-02 08:00:00,6054,5064.970182413173,HIGH
2017-10-02 09:00:00,5018,4708.996830561344,HIGH
2017-10-02 10:00:00,4342,4446.020670985719,MEDIUM
2017-10-02 11:00:00,4519,4677.772242848591,HIGH
2017-10-02 12:00:00,4683,4843.8391326892115,HIGH
2017-10-02 13:00:00,4670,4902.82970281925,HIGH
2017-10-02 14:00:00,4994,5483.98661693036,HIGH
2017-10-02 15:00:00,5737,6406.305190379086,HIGH
2017-10-02 15:00:00,5737,6406.305190379086,HIGH
2017-10-02 16:00:00,6667,6159.909751424757,HIGH
2017-10-02 16:00:00,6667,6159.909751424757,HIGH
2017-10-02 16:00:00,6667,6159.909751424757,HIGH
2017-10-02 17:00:00,5599,4763.279067967938,HIGH
2017-10-02 17:00:00,5599,4763.279067967938,HIGH
2017-10-02 17:00:00,5599,4763.279067967938,HIGH
2017-10-02 18:00:00,3897,3023.0355196020446,MEDIUM
2017-10-02 18:00:00,3897,3023.0355196020446,MEDIUM
2017-10-02 18:00:00,3897,3023.0355196020446,MEDIUM
2017-10-02 18:00:00,3897,3023.0355196020446,MEDIUM
2017-10-02 19:00:00,2631,2174.9896617317218,MEDIUM
2017-10-02 19:00:00,2631,2174.9896617317218,MEDIUM
2017-10-02 19:00:00,2631,2174.9896617317218,MEDIUM
2017-10-02 20:00:00,2208,2072.800664397811,LOW
2017-10-02 20:00:00,2208,2072.800664397811,LOW
2017-10-02 20:00:00,2208,2072.800664397811,LOW
2017-10-02 21:00:00,1958,1616.6704067872276,LOW
2017-10-02 21:00:00,1958,1616.6704067872276,LOW
2017-10-02 21:00:00,1958,1616.6704067872276,LOW
2017-10-02 22:00:00,1356,1002.3812634494038,LOW
2017-10-02 22:00:00,1356,1002.3812634494038,LOW
2017-10-02 22:00:00,1356,1002.3812634494038,LOW
2017-10-02 23:00:00,867,567.9795171724722,LOW
2017-10-02 23:00:00,867,567.9795171724722,LOW
2017-10-02 23:00:00,867,567.9795171724722,LOW
2017-10-03 00:00:00,501,384.64010913362307,LOW
2017-10-03 00:00:00,501,384.64010913362307,LOW
2017-10-03 00:00:00,501,384.64010913362307,LOW
2017-10-03 01:00:00,332,296.80126571147207,LOW
2017-10-03 01:00:00,332,296.80126571147207,LOW
2017-10-03 01:00:00,332,296.80126571147207,LOW
2017-10-03 02:00:00,212,1767.967223737605,LOW
2017-10-03 02:00:00,212,1767.967223737605,LOW
2017-10-03 02:00:00,212,1767.967223737605,LOW
2017-10-03 03:00:00,324,1188.1062011557292,LOW
2017-10-03 03:00:00,324,1188.1062011557292,LOW
2017-10-03 04:00:00,895,2656.9378546847065,MEDIUM
2017-10-03 04:00:00,895,2656.9378546847065,MEDIUM
2017-10-03 04:00:00,895,2656.9378546847065,MEDIUM
2017-10-03 05:00:00,3013,4949.133087680791,HIGH
2017-10-03 05:00:00,3013,4949.133087680791,HIGH
2017-10-03 06:00:00,5614,6039.553600987527,HIGH
2017-10-03 07:00:00,5455,5487.255760445595,HIGH
2017-10-03 07:00:00,5455,5487.255760445595,HIGH
2017-10-03 08:00:00,5764,5254.20589612511,HIGH
2017-10-03 08:00:00,5764,5254.20589612511,HIGH
2017-10-03 09:00:00,5443,4879.750248107046,HIGH
2017-10-03 09:00:00,5443,4879.750248107046,HIGH
2017-10-03 10:00:00,4472,4634.219453441169,HIGH
2017-10-03 10:00:00,4472,4634.219453441169,HIGH
2017-10-03 11:00:00,4696,4903.296140179877,HIGH
2017-10-03 12:00:00,5026,5041.405332868267,HIGH
2017-10-03 13:00:00,4939,5220.046083499366,HIGH
2017-10-03 14:00:00,5270,5731.0526917376665,HIGH
2017-10-03 15:00:00,5828,6415.399193822819,HIGH
2017-10-03 16:00:00,6706,6200.843697266447,HIGH
2017-10-03 17:00:00,5953,4358.275064124348,MEDIUM
2017-10-03 18:00:00,4652,3325.2371718860672,MEDIUM
2017-10-03 19:00:00,3457,2829.181841281985,MEDIUM
2017-10-03 20:00:00,2836,2506.3948758397905,MEDIUM
2017-10-03 21:00:00,2419,1709.4168667041718,LOW
2017-10-03 22:00:00,1768,1208.0762940855652,LOW
2017-10-03 23:00:00,1084,646.9587630058274,LOW
2017-10-04 00:00:00,533,330.5078827652051,LOW
2017-10-04 01:00:00,328,262.4526738881197,LOW
2017-10-04 02:00:00,281,381.9664526209553,LOW
2017-10-04 03:00:00,360,1026.9062022156518,LOW
2017-10-04 04:00:00,860,3013.3786377719302,MEDIUM
2017-10-04 05:00:00,3010,5656.383176588936,HIGH
2017-10-04 06:00:00,5971,6179.281646046455,HIGH
2017-10-04 07:00:00,6233,5477.7568204815325,HIGH
2017-10-04 08:00:00,5836,5206.933563113005,HIGH
2017-10-04 09:00:00,5516,4820.318362179943,HIGH
2017-10-04 10:00:00,4606,4861.217400667502,HIGH
2017-10-04 11:00:00,4826,5011.112613021187,HIGH
2017-10-04 12:00:00,5062,5084.920423282812,HIGH
2017-10-04 13:00:00,4899,5236.751368325737,HIGH
2017-10-04 14:00:00,5207,5665.984990093854,HIGH
2017-10-04 15:00:00,5751,6371.622455750813,HIGH
2017-10-04 16:00:00,6415,5891.8020809566115,HIGH
2017-10-04 17:00:00,6231,4768.122708017266,HIGH
2017-10-04 18:00:00,4990,3547.844225767907,MEDIUM
2017-10-04 19:00:00,3687,3107.520346949547,MEDIUM
2017-10-04 20:00:00,2987,2524.2968821523523,MEDIUM
2017-10-04 21:00:00,2511,1823.8512600785468,LOW
2017-10-04 22:00:00,1713,1086.0173534532767,LOW
2017-10-04 23:00:00,1042,611.3952723544176,LOW
2017-10-05 00:00:00,529,333.6949580554689,LOW
2017-10-05 01:00:00,344,294.14913133948573,LOW
2017-10-05 02:00:00,250,362.9687276563652,LOW
2017-10-05 03:00:00,345,916.046997291412,LOW
2017-10-05 04:00:00,885,2792.079042397655,MEDIUM
2017-10-05 05:00:00,3040,5032.656635239979,HIGH
2017-10-05 06:00:00,5850,6347.643378936206,HIGH
2017-10-05 07:00:00,6490,5823.1078344510615,HIGH
2017-10-05 08:00:00,4907,4662.744746128785,HIGH
2017-10-05 09:00:00,5389,4969.179598833818,HIGH
2017-10-05 10:00:00,4613,4813.070695308869,HIGH
2017-10-05 11:00:00,4786,4920.883592781695,HIGH
2017-10-05 12:00:00,5100,5096.442466384306,HIGH
2017-10-05 13:00:00,4991,5285.249143800535,HIGH
2017-10-05 14:00:00,5369,5888.888416356145,HIGH
2017-10-05 15:00:00,5968,6395.091093932205,HIGH
2017-10-05 15:00:00,5968,6395.091093932205,HIGH
2017-10-05 16:00:00,6783,6270.7903944493855,HIGH
2017-10-05 17:00:00,6122,4775.651717181986,HIGH
2017-10-05 17:00:00,6122,4775.651717181986,HIGH
2017-10-05 17:00:00,6122,4775.651717181986,HIGH
2017-10-05 18:00:00,4731,3712.6294774161843,MEDIUM
2017-10-05 19:00:00,3724,3260.487913138318,MEDIUM
2017-10-05 20:00:00,3228,2994.1001797876247,MEDIUM
2017-10-05 21:00:00,2700,2081.1933928200083,LOW
2017-10-05 22:00:00,1924,1323.9674436650116,LOW
2017-10-05 23:00:00,1326,793.0314480571272,LOW
2017-10-06 00:00:00,666,479.57589187347645,LOW
2017-10-06 01:00:00,374,308.7887763720627,LOW
2017-10-06 02:00:00,286,403.9314298978274,LOW
2017-10-06 03:00:00,353,899.1107173285054,LOW
2017-10-06 03:00:00,353,899.1107173285054,LOW
2017-10-06 04:00:00,833,3183.2503721113435,MEDIUM
2017-10-06 04:00:00,833,3183.2503721113435,MEDIUM
2017-10-06 05:00:00,2857,5559.041509707613,HIGH
2017-10-06 05:00:00,2857,5559.041509707613,HIGH
2017-10-06 06:00:00,5757,6159.281049030863,HIGH
2017-10-06 06:00:00,5757,6159.281049030863,HIGH
2017-10-06 07:00:00,6727,5929.38281732036,HIGH
2017-10-06 07:00:00,6727,5929.38281732036,HIGH
2017-10-06 08:00:00,5817,5162.011444171052,HIGH
2017-10-06 08:00:00,5817,5162.011444171052,HIGH
2017-10-06 09:00:00,5022,4736.028548621146,HIGH
2017-10-06 09:00:00,5022,4736.028548621146,HIGH
2017-10-06 10:00:00,4719,5005.395085809693,HIGH
2017-10-06 10:00:00,4719,5005.395085809693,HIGH
2017-10-06 11:00:00,5043,5226.745163030788,HIGH
2017-10-06 11:00:00,5043,5226.745163030788,HIGH
2017-10-06 12:00:00,5545,5513.564623359175,HIGH
2017-10-06 13:00:00,5387,5579.683239566317,HIGH
2017-10-06 14:00:00,5395,5782.130873151015,HIGH
2017-10-06 14:00:00,5395,5782.130873151015,HIGH
2017-10-06 14:00:00,5395,5782.130873151015,HIGH
2017-10-06 15:00:00,5777,6056.3891141239465,HIGH
2017-10-06 15:00:00,5777,6056.3891141239465,HIGH
2017-10-06 15:00:00,5777,6056.3891141239465,HIGH
2017-10-06 16:00:00,6017,5533.046919139022,HIGH
2017-10-06 16:00:00,6017,5533.046919139022,HIGH
2017-10-06 17:00:00,5655,4870.52763682118,HIGH
2017-10-06 17:00:00,5655,4870.52763682118,HIGH
2017-10-06 17:00:00,5655,4870.52763682118,HIGH
2017-10-06 18:00:00,4749,3691.9734518147943,MEDIUM
2017-10-06 18:00:00,4749,3691.9734518147943,MEDIUM
2017-10-06 19:00:00,4165,3490.0663974631707,MEDIUM
2017-10-06 19:00:00,4165,3490.0663974631707,MEDIUM
2017-10-06 20:00:00,3137,2988.7248500423652,MEDIUM
2017-10-06 20:00:00,3137,2988.7248500423652,MEDIUM
2017-10-06 20:00:00,3137,2988.7248500423652,MEDIUM
2017-10-06 21:00:00,2904,2562.4952243614903,MEDIUM
2017-10-06 21:00:00,2904,2562.4952243614903,MEDIUM
2017-10-06 21:00:00,2904,2562.4952243614903,MEDIUM
2017-10-06 22:00:00,2625,1960.2563311939637,LOW
2017-10-06 22:00:00,2625,1960.2563311939637,LOW
2017-10-06 22:00:00,2625,1960.2563311939637,LOW
2017-10-06 23:00:00,2776,2030.4847666666665,LOW
2017-10-06 23:00:00,2776,2030.4847666666665,LOW
2017-10-06 23:00:00,2776,2030.4847666666665,LOW
2017-10-07 00:00:00,1802,986.3759211951543,LOW
2017-10-07 00:00:00,1802,986.3759211951543,LOW
2017-10-07 00:00:00,1802,986.3759211951543,LOW
2017-10-07 01:00:00,805,607.8091864103427,LOW
2017-10-07 02:00:00,562,434.375002572926,LOW
2017-10-07 03:00:00,374,400.9313258797772,LOW
2017-10-07 03:00:00,374,400.9313258797772,LOW
2017-10-07 04:00:00,405,695.3106042400046,LOW
2017-10-07 04:00:00,405,695.3106042400046,LOW
2017-10-07 04:00:00,405,695.3106042400046,LOW
2017-10-07 05:00:00,762,1215.705623582161,LOW
2017-10-07 05:00:00,762,1215.705623582161,LOW
2017-10-07 05:00:00,762,1215.705623582161,LOW
2017-10-07 06:00:00,1356,1878.349383857447,LOW
2017-10-07 06:00:00,1356,1878.349383857447,LOW
2017-10-07 06:00:00,1356,1878.349383857447,LOW
2017-10-07 07:00:00,1989,2718.068777183788,MEDIUM
2017-10-07 07:00:00,1989,2718.068777183788,MEDIUM
2017-10-07 07:00:00,1989,2718.068777183788,MEDIUM
2017-10-07 08:00:00,3039,3585.158727472873,MEDIUM
2017-10-07 08:00:00,3039,3585.158727472873,MEDIUM
2017-10-07 08:00:00,3039,3585.158727472873,MEDIUM
2017-10-07 09:00:00,3654,3934.115278562807,MEDIUM
2017-10-07 09:00:00,3654,3934.115278562807,MEDIUM
2017-10-07 09:00:00,3654,3934.115278562807,MEDIUM
2017-10-07 10:00:00,4062,4324.128416509382,MEDIUM
2017-10-07 10:00:00,4062,4324.128416509382,MEDIUM
2017-10-07 11:00:00,4585,4906.517608293238,HIGH
2017-10-07 11:00:00,4585,4906.517608293238,HIGH
2017-10-07 12:00:00,4823,4762.034261094178,HIGH
2017-10-07 12:00:00,4823,4762.034261094178,HIGH
2017-10-07 13:00:00,4882,4898.740337522235,HIGH
2017-10-07 13:00:00,4882,4898.740337522235,HIGH
2017-10-07 13:00:00,4882,4898.740337522235,HIGH
2017-10-07 14:00:00,4809,4797.019247169685,HIGH
2017-10-07 15:00:00,4727,4618.889344374469,HIGH
2017-10-07 16:00:00,4508,4445.168735877693,MEDIUM
2017-10-07 17:00:00,4864,4276.824242178773,MEDIUM
2017-10-07 18:00:00,4926,3705.5008321371697,MEDIUM
2017-10-07 19:00:00,3993,3392.6910003179323,MEDIUM
2017-10-07 20:00:00,3210,3102.250960421123,MEDIUM
2017-10-07 21:00:00,3141,3012.304086020798,MEDIUM
2017-10-07 22:00:00,3002,2188.8808060753686,MEDIUM
2017-10-07 23:00:00,3527,1869.245708791209,LOW
2017-10-08 00:00:00,1687,998.6690542625183,LOW
2017-10-08 01:00:00,1035,628.1465970553706,LOW
2017-10-08 02:00:00,662,451.2271665041877,LOW
2017-10-08 03:00:00,435,446.9648693559229,LOW
2017-10-08 04:00:00,313,546.3322345478704,LOW
2017-10-08 05:00:00,491,890.1364133371337,LOW
2017-10-08 06:00:00,880,1235.053583503356,LOW
2017-10-08 07:00:00,1164,1752.8003996526493,LOW
2017-10-08 08:00:00,1960,3100.448714290997,MEDIUM
2017-10-08 09:00:00,2778,3492.734938870423,MEDIUM
2017-10-08 10:00:00,3612,3949.267097801267,MEDIUM
2017-10-08 11:00:00,3973,4096.922714040944,MEDIUM
2017-10-08 12:00:00,4289,4406.008211397707,MEDIUM
2017-10-08 13:00:00,4258,4269.468384390174,MEDIUM
2017-10-08 14:00:00,4569,4472.347355949022,MEDIUM
2017-10-08 15:00:00,4675,4571.0864992679135,HIGH
2017-10-08 16:00:00,4550,4435.125783160513,MEDIUM
2017-10-08 17:00:00,4401,3973.880058467848,MEDIUM
2017-10-08 18:00:00,4294,3440.8954188391485,MEDIUM
2017-10-08 19:00:00,3811,3272.147504521226,MEDIUM
2017-10-08 20:00:00,2992,2321.486959571909,MEDIUM
2017-10-08 21:00:00,2286,1635.3757560108547,LOW
2017-10-08 22:00:00,1695,1078.6293057756354,LOW
2017-10-08 23:00:00,955,569.2057472581813,LOW
2017-10-09 00:00:00,549,327.45206995674994,LOW
2017-10-09 01:00:00,304,251.60023382271072,LOW
2017-10-09 02:00:00,247,364.330404810016,LOW
2017-10-09 03:00:00,337,1111.9359302417902,LOW
2017-10-09 04:00:00,854,2881.51928755483,MEDIUM
2017-10-09 05:00:00,2818,5651.148574040973,HIGH
2017-10-09 06:00:00,5628,6214.0217676805405,HIGH
2017-10-09 07:00:00,6517,5428.730967222904,HIGH
2017-10-09 08:00:00,5769,4938.799256846524,HIGH
2017-10-09 09:00:00,5004,4559.426735594737,HIGH
2017-10-09 10:00:00,4298,4430.929779193097,MEDIUM
2017-10-09 11:00:00,4377,4546.7190174994375,HIGH
2017-10-09 12:00:00,4735,4821.849010774014,HIGH
2017-10-09 13:00:00,4766,5201.393833763415,HIGH
2017-10-09 14:00:00,5112,5596.183402087281,HIGH
2017-10-09 15:00:00,5740,6374.0527853687445,HIGH
2017-10-09 16:00:00,6630,6215.496693463186,HIGH
2017-10-09 17:00:00,5869,4325.537250010162,MEDIUM
2017-10-09 18:00:00,4282,3110.862929569279,MEDIUM
2017-10-09 19:00:00,3108,2733.569022098801,MEDIUM
2017-10-09 20:00:00,2400,2129.861432697163,LOW
2017-10-09 21:00:00,2149,1579.0496863059348,LOW
2017-10-09 22:00:00,1433,937.2059737490704,LOW
2017-10-09 23:00:00,993,584.4070651722764,LOW
2017-10-10 00:00:00,484,322.8720098896658,LOW
2017-10-10 01:00:00,334,270.34237915366543,LOW
2017-10-10 02:00:00,235,394.6053656544822,LOW
2017-10-10 03:00:00,345,1001.6850217135222,LOW
2017-10-10 04:00:00,839,2973.7227983269336,MEDIUM
2017-10-10 05:00:00,2974,5915.141146960114,HIGH
2017-10-10 06:00:00,5936,6261.568464195932,HIGH
2017-10-10 07:00:00,6174,5563.389054089428,HIGH
2017-10-10 07:00:00,6174,5563.389054089428,HIGH
2017-10-10 08:00:00,5677,5077.648095181278,HIGH
2017-10-10 09:00:00,5877,5063.197816676313,HIGH
2017-10-10 10:00:00,4909,5370.8589096044225,HIGH
2017-10-10 11:00:00,4756,4937.458124445447,HIGH
2017-10-10 12:00:00,5178,5194.577919737687,HIGH
2017-10-10 13:00:00,5014,5324.636747443313,HIGH
2017-10-10 14:00:00,5293,5763.3288066445375,HIGH
2017-10-10 15:00:00,5770,6377.61263411655,HIGH
2017-10-10 16:00:00,6745,6248.738886220199,HIGH
2017-10-10 17:00:00,6476,4611.6312263618365,HIGH
2017-10-10 18:00:00,4700,3167.8669549899782,MEDIUM
2017-10-10 19:00:00,3459,2874.005179325245,MEDIUM
2017-10-10 20:00:00,2836,2492.075609773846,MEDIUM
2017-10-10 21:00:00,2658,1836.9997913686595,LOW
2017-10-10 22:00:00,2101,1290.4342419734835,LOW
2017-10-10 23:00:00,1187,627.7109826785041,LOW
2017-10-11 00:00:00,574,367.0792347457516,LOW
2017-10-11 01:00:00,369,296.1794845870945,LOW
2017-10-11 02:00:00,253,381.0792267694492,LOW
2017-10-11 03:00:00,334,1477.6839889445514,LOW
2017-10-11 04:00:00,872,3133.6822852692985,MEDIUM
2017-10-11 05:00:00,3016,5914.688185382821,HIGH
2017-10-11 06:00:00,5891,6258.03327711966,HIGH
2017-10-11 07:00:00,6508,5809.690824730508,HIGH
2017-10-11 08:00:00,5859,5207.094922046702,HIGH
2017-10-11 09:00:00,5495,4811.372039507445,HIGH
2017-10-11 10:00:00,4636,4828.707942028878,HIGH
2017-10-11 11:00:00,4861,5034.7920847688065,HIGH
2017-10-11 12:00:00,4874,4895.382408806303,HIGH
2017-10-11 13:00:00,4970,5224.254036139831,HIGH
2017-10-11 14:00:00,5183,5584.92634556242,HIGH
2017-10-11 15:00:00,5869,6299.736994212738,HIGH
2017-10-11 16:00:00,6785,6285.699792507786,HIGH
2017-10-11 17:00:00,6416,5031.951509199442,HIGH
2017-10-11 18:00:00,4807,3415.8244949668883,MEDIUM
2017-10-11 19:00:00,3567,3152.563421802799,MEDIUM
2017-10-11 20:00:00,2901,2601.937328387041,MEDIUM
2017-10-11 21:00:00,2580,1814.8121565532313,LOW
2017-10-11 22:00:00,2341,1542.3057722491246,LOW
2017-10-11 23:00:00,1118,756.1390631440852,LOW
2017-10-12 00:00:00,628,431.4030065440529,LOW
2017-10-12 01:00:00,333,294.96954246748146,LOW
2017-10-12 02:00:00,276,365.98184750327914,LOW
2017-10-12 03:00:00,367,1295.7707409744044,LOW
2017-10-12 04:00:00,879,2649.0712436195317,MEDIUM
2017-10-12 05:00:00,2982,5085.684449357976,HIGH
2017-10-12 06:00:00,5821,6257.537110957611,HIGH
2017-10-12 06:00:00,5821,6257.537110957611,HIGH
2017-10-12 07:00:00,5765,5593.408214085374,HIGH
2017-10-12 08:00:00,5900,5426.188982510964,HIGH
2017-10-12 08:00:00,5900,5426.188982510964,HIGH
2017-10-12 09:00:00,5278,4827.217406505765,HIGH
2017-10-12 10:00:00,4714,4919.284076755801,HIGH
2017-10-12 11:00:00,4976,5092.33364088971,HIGH
2017-10-12 12:00:00,5084,5084.595884149937,HIGH
2017-10-12 13:00:00,5026,5332.897536209001,HIGH
2017-10-12 14:00:00,5446,5705.549048198082,HIGH
2017-10-12 15:00:00,5927,6365.072219242723,HIGH
2017-10-12 16:00:00,6742,6277.983496477427,HIGH
2017-10-12 17:00:00,6372,4809.542375673869,HIGH
2017-10-12 18:00:00,4980,3712.9605641461967,MEDIUM
2017-10-12 19:00:00,3804,3205.6605769457847,MEDIUM
2017-10-12 20:00:00,3239,2974.33930819261,MEDIUM
2017-10-12 21:00:00,3064,2541.7120996877993,MEDIUM
2017-10-12 22:00:00,2355,1601.330269610079,LOW
2017-10-12 23:00:00,1323,715.3407548009786,LOW
2017-10-13 00:00:00,640,414.3396115121466,LOW
2017-10-13 01:00:00,411,315.3219167870841,LOW
2017-10-13 02:00:00,305,455.9112610487594,LOW
2017-10-13 03:00:00,342,900.6946444778666,LOW
2017-10-13 04:00:00,832,3241.055149889121,MEDIUM
2017-10-13 05:00:00,2772,5642.174481808096,HIGH
2017-10-13 06:00:00,5829,6279.056879786473,HIGH
2017-10-13 07:00:00,6656,5853.3564159191865,HIGH
2017-10-13 08:00:00,5840,5200.4951321784065,HIGH
2017-10-13 09:00:00,5108,4874.301323741263,HIGH
2017-10-13 10:00:00,4782,5071.664006325653,HIGH
2017-10-13 11:00:00,5113,5349.334406736407,HIGH
2017-10-13 12:00:00,5447,5576.54900506279,HIGH
2017-10-13 13:00:00,5402,5652.01316596391,HIGH
2017-10-13 14:00:00,5976,6231.92941420201,HIGH
2017-10-13 15:00:00,6361,6413.1726949157155,HIGH
2017-10-13 16:00:00,6621,6105.2654818869305,HIGH
2017-10-13 17:00:00,6183,5193.493464231007,HIGH
2017-10-13 18:00:00,5002,4004.4907328183635,MEDIUM
2017-10-13 19:00:00,4200,3344.2302150406067,MEDIUM
2017-10-13 20:00:00,3594,3143.9942640705585,MEDIUM
2017-10-13 21:00:00,3709,3172.673202737272,MEDIUM
2017-10-13 22:00:00,3930,2104.771081807082,LOW
2017-10-13 23:00:00,2203,1410.3028000652623,LOW
2017-10-14 00:00:00,1371,1022.1605028229441,LOW
2017-10-14 01:00:00,822,628.9528256318155,LOW
2017-10-14 02:00:00,547,399.1814812556981,LOW
2017-10-14 03:00:00,382,414.0256731974922,LOW
2017-10-14 04:00:00,421,902.5190452587151,LOW
2017-10-14 05:00:00,762,1765.1546760898016,LOW
2017-10-14 06:00:00,1355,2128.5960054610323,LOW
2017-10-14 07:00:00,2012,3087.340461419472,MEDIUM
2017-10-14 08:00:00,3047,3765.4253855899915,MEDIUM
2017-10-14 09:00:00,3761,4039.0899547149656,MEDIUM
2017-10-14 10:00:00,4266,4497.1206217057925,MEDIUM
2017-10-14 11:00:00,5069,5290.174494295044,HIGH
2017-10-14 12:00:00,5332,5198.672501708182,HIGH
2017-10-14 13:00:00,5253,5097.2182252693565,HIGH
2017-10-14 14:00:00,5441,5173.131821364893,HIGH
2017-10-14 15:00:00,5301,5109.140158351856,HIGH
2017-10-14 15:00:00,5301,5109.140158351856,HIGH
2017-10-14 16:00:00,5203,4848.383741063214,HIGH
2017-10-14 16:00:00,5203,4848.383741063214,HIGH
2017-10-14 16:00:00,5203,4848.383741063214,HIGH
2017-10-14 17:00:00,5086,4343.295747902553,MEDIUM
2017-10-14 17:00:00,5086,4343.295747902553,MEDIUM
2017-10-14 17:00:00,5086,4343.295747902553,MEDIUM
2017-10-14 18:00:00,4564,3811.338200690795,MEDIUM
2017-10-14 18:00:00,4564,3811.338200690795,MEDIUM
2017-10-14 18:00:00,4564,3811.338200690795,MEDIUM
2017-10-14 19:00:00,3564,3146.6801547123036,MEDIUM
2017-10-14 19:00:00,3564,3146.6801547123036,MEDIUM
2017-10-14 20:00:00,2977,2891.96683206324,MEDIUM
2017-10-14 20:00:00,2977,2891.96683206324,MEDIUM
2017-10-14 20:00:00,2977,2891.96683206324,MEDIUM
2017-10-14 21:00:00,3065,2891.023175153039,MEDIUM
2017-10-14 21:00:00,3065,2891.023175153039,MEDIUM
2017-10-14 22:00:00,4533,1983.910117965368,LOW
2017-10-14 23:00:00,3083,2184.980345238096,MEDIUM
2017-10-14 23:00:00,3083,2184.980345238096,MEDIUM
2017-10-15 00:00:00,1531,957.9022144514635,LOW
2017-10-15 00:00:00,1531,957.9022144514635,LOW
2017-10-15 00:00:00,1531,957.9022144514635,LOW
2017-10-15 01:00:00,904,749.896270716566,LOW
2017-10-15 01:00:00,904,749.896270716566,LOW
2017-10-15 01:00:00,904,749.896270716566,LOW
2017-10-15 02:00:00,737,835.6203391642807,LOW
2017-10-15 02:00:00,737,835.6203391642807,LOW
2017-10-15 03:00:00,457,432.5418367794487,LOW
2017-10-15 03:00:00,457,432.5418367794487,LOW
2017-10-15 04:00:00,407,645.2221240421088,LOW
2017-10-15 04:00:00,407,645.2221240421088,LOW
2017-10-15 04:00:00,407,645.2221240421088,LOW
2017-10-15 05:00:00,668,1286.1449765631685,LOW
2017-10-15 05:00:00,668,1286.1449765631685,LOW
2017-10-15 06:00:00,1201,1809.2537129789964,LOW
2017-10-15 07:00:00,1456,2260.4849117989834,MEDIUM
2017-10-15 08:00:00,2323,3512.071487831457,MEDIUM
2017-10-15 09:00:00,4028,4387.920368885072,MEDIUM
2017-10-15 10:00:00,5022,4964.854018776855,HIGH
2017-10-15 11:00:00,4451,4704.530622914363,HIGH
2017-10-15 12:00:00,4308,4399.441195462223,MEDIUM
2017-10-15 13:00:00,4285,4314.255092364326,MEDIUM
2017-10-15 14:00:00,4496,4469.387748120006,MEDIUM
2017-10-15 15:00:00,4577,4527.30861835741,MEDIUM
2017-10-15 16:00:00,4753,4574.026275192375,HIGH
2017-10-15 17:00:00,4910,4377.177814414929,MEDIUM
2017-10-15 18:00:00,4236,3200.3416025535826,MEDIUM
2017-10-15 19:00:00,3412,2936.192756026644,MEDIUM
2017-10-15 20:00:00,2836,2433.852543978536,MEDIUM
2017-10-15 21:00:00,2211,1780.4080976564076,LOW
2017-10-15 22:00:00,1513,1030.205144746989,LOW
2017-10-15 23:00:00,998,788.1146332248594,LOW
2017-10-16 00:00:00,506,356.80801687023313,LOW
2017-10-16 01:00:00,337,274.2740364700441,LOW
2017-10-16 02:00:00,241,424.8953509886833,LOW
2017-10-16 03:00:00,314,981.998725792177,LOW
2017-10-16 04:00:00,854,3408.139005118518,MEDIUM
2017-10-16 05:00:00,2874,5995.84673287288,HIGH
2017-10-16 06:00:00,5835,6307.009147591709,HIGH
2017-10-16 07:00:00,6625,5962.236743546927,HIGH
2017-10-16 08:00:00,5887,5056.1920329261775,HIGH
2017-10-16 09:00:00,5151,4577.725733125962,HIGH
2017-10-16 10:00:00,4282,4407.632514560118,MEDIUM
2017-10-16 11:00:00,4651,4862.044278467354,HIGH
2017-10-16 12:00:00,4673,4868.651771988187,HIGH
2017-10-16 13:00:00,4880,5201.269888865605,HIGH
2017-10-16 14:00:00,5071,5615.782517942083,HIGH
2017-10-16 15:00:00,5746,6376.475540771996,HIGH
2017-10-16 16:00:00,6510,6009.574409934441,HIGH
2017-10-16 17:00:00,6057,4319.352240497329,MEDIUM
2017-10-16 18:00:00,4474,3252.858735293849,MEDIUM
2017-10-16 19:00:00,3496,2946.6058765549965,MEDIUM
2017-10-16 20:00:00,2690,2310.2127579911835,MEDIUM
2017-10-16 21:00:00,2274,1601.60688765642,LOW
2017-10-16 22:00:00,1674,1059.11102916587,LOW
2017-10-16 23:00:00,2442,903.8623333333334,LOW
2017-10-17 00:00:00,1044,499.4971362007169,LOW
2017-10-17 01:00:00,354,294.4201727830283,LOW
2017-10-17 02:00:00,309,383.9104722751656,LOW
2017-10-17 03:00:00,368,1017.2961966687036,LOW
2017-10-17 04:00:00,894,3388.479306741975,MEDIUM
2017-10-17 05:00:00,2983,5972.268163957609,HIGH
2017-10-17 06:00:00,6046,6142.946572384146,HIGH
2017-10-17 07:00:00,6405,5313.318549002325,HIGH
2017-10-17 08:00:00,5975,5196.208832751266,HIGH
2017-10-17 09:00:00,5391,4581.19480713995,HIGH
2017-10-17 10:00:00,4615,4831.725277059068,HIGH
2017-10-17 11:00:00,4889,5052.377089087988,HIGH
2017-10-17 12:00:00,4815,4878.260803197165,HIGH
2017-10-17 13:00:00,4948,5247.397007558779,HIGH
2017-10-17 14:00:00,5120,5630.122105387286,HIGH
2017-10-17 15:00:00,5873,6419.276404478601,HIGH
2017-10-17 16:00:00,6700,6095.1918554338945,HIGH
2017-10-17 17:00:00,6078,4429.183520293856,MEDIUM
2017-10-17 18:00:00,4836,3499.6558065810705,MEDIUM
2017-10-17 19:00:00,3550,2995.8218545983564,MEDIUM
2017-10-17 20:00:00,2965,2525.3023000764374,MEDIUM
2017-10-17 21:00:00,2546,1835.9776006745808,LOW
2017-10-17 22:00:00,1696,1053.9376944470316,LOW
2017-10-17 23:00:00,1031,562.240428028901,LOW
2017-10-18 00:00:00,557,340.2518760510294,LOW
2017-10-18 01:00:00,344,279.2697176082188,LOW
2017-10-18 02:00:00,265,361.2676036630817,LOW
2017-10-18 03:00:00,365,1096.4198167978072,LOW
2017-10-18 04:00:00,877,3568.646135813722,MEDIUM
2017-10-18 05:00:00,3054,5725.257063695738,HIGH
2017-10-18 06:00:00,5927,6149.225412131205,HIGH
2017-10-18 07:00:00,6451,5808.530850707388,HIGH
2017-10-18 08:00:00,5111,4696.930235142907,HIGH
2017-10-18 09:00:00,5546,4845.958198028061,HIGH
2017-10-18 10:00:00,4632,4865.90316112699,HIGH
2017-10-18 11:00:00,4779,4924.4379309766455,HIGH
2017-10-18 12:00:00,5032,5096.63505228613,HIGH
2017-10-18 13:00:00,5081,5402.2939806707855,HIGH
2017-10-18 14:00:00,5191,5552.836465805716,HIGH
2017-10-18 15:00:00,5875,6422.077042170809,HIGH
2017-10-18 16:00:00,6782,6287.794147931845,HIGH
2017-10-18 17:00:00,6384,4834.275995029892,HIGH
2017-10-18 18:00:00,5119,3564.5712074690364,MEDIUM
2017-10-18 19:00:00,3971,3049.9898238996448,MEDIUM
2017-10-18 20:00:00,3063,2454.4826425209303,MEDIUM
2017-10-18 21:00:00,2745,2138.668603492374,LOW
2017-10-18 22:00:00,3020,1640.9543370091897,LOW
2017-10-18 23:00:00,1797,1152.4018388713835,LOW
2017-10-19 00:00:00,785,569.9660816167142,LOW
2017-10-19 01:00:00,410,320.3541194856041,LOW
2017-10-19 02:00:00,285,738.957594945467,LOW
2017-10-19 03:00:00,391,1007.8443177078167,LOW
2017-10-19 04:00:00,882,3936.883151392589,MEDIUM
2017-10-19 05:00:00,2829,5745.810010118791,HIGH
2017-10-19 06:00:00,5535,6264.00353926478,HIGH
2017-10-19 07:00:00,6621,6053.149458072114,HIGH
2017-10-19 08:00:00,5508,5020.244355577365,HIGH
2017-10-19 09:00:00,5181,4786.160539035807,HIGH
2017-10-19 10:00:00,4766,4975.73590791469,HIGH
2017-10-19 11:00:00,4787,4962.547352038836,HIGH
2017-10-19 12:00:00,5139,5299.343721513918,HIGH
2017-10-19 13:00:00,5145,5467.272224391795,HIGH
2017-10-19 14:00:00,5526,5918.559262142495,HIGH
2017-10-19 15:00:00,5893,6274.015799004789,HIGH
2017-10-19 16:00:00,6656,6183.151465197323,HIGH
2017-10-19 17:00:00,5975,4671.847916042637,HIGH
2017-10-19 18:00:00,5107,3684.4517628126114,MEDIUM
2017-10-19 19:00:00,3723,3195.18857057287,MEDIUM
2017-10-19 20:00:00,3228,2959.7471317156505,MEDIUM
2017-10-19 21:00:00,2891,2146.6878566205705,LOW
2017-10-19 22:00:00,2188,1236.4701495464883,LOW
2017-10-19 23:00:00,1354,785.5291033940426,LOW
2017-10-20 00:00:00,748,459.8326054552974,LOW
2017-10-20 01:00:00,427,330.8336761347812,LOW
2017-10-20 02:00:00,318,387.85584759188794,LOW
2017-10-20 03:00:00,360,984.1589939902566,LOW
2017-10-20 04:00:00,852,3058.8333338507814,MEDIUM
2017-10-20 05:00:00,2583,5302.900564174804,HIGH
2017-10-20 06:00:00,5327,6068.724831474961,HIGH
2017-10-20 07:00:00,5827,5445.0568736731875,HIGH
2017-10-20 08:00:00,5358,4931.260076169506,HIGH
2017-10-20 09:00:00,4811,4518.8937215668975,MEDIUM
2017-10-20 10:00:00,4730,5051.838628097537,HIGH
2017-10-20 11:00:00,5071,5374.995506352214,HIGH
2017-10-20 12:00:00,5601,5601.515682944442,HIGH
2017-10-20 13:00:00,5332,4606.202490972181,HIGH
2017-10-20 14:00:00,5635,5983.486737598551,HIGH
2017-10-20 15:00:00,5757,5986.273084378498,HIGH
2017-10-20 16:00:00,6244,5402.111356725464,HIGH
2017-10-20 17:00:00,5877,4817.557738643051,HIGH
2017-10-20 18:00:00,5202,3805.9101982135144,MEDIUM
2017-10-20 19:00:00,4084,3434.150009064151,MEDIUM
2017-10-20 20:00:00,3287,3148.720134763186,MEDIUM
2017-10-20 21:00:00,2903,2515.6547487397197,MEDIUM
2017-10-20 22:00:00,3247,2323.3858781150248,MEDIUM
2017-10-20 23:00:00,2761,1702.9722222222222,LOW
2017-10-21 00:00:00,1546,909.6020416019824,LOW
2017-10-21 01:00:00,804,580.886312527333,LOW
2017-10-21 01:00:00,804,580.886312527333,LOW
2017-10-21 02:00:00,575,439.6563525951649,LOW
2017-10-21 03:00:00,453,471.15449244805495,LOW
2017-10-21 04:00:00,436,964.8498765063179,LOW
2017-10-21 05:00:00,788,1418.7807810625204,LOW
2017-10-21 06:00:00,1248,1812.720654749769,LOW
2017-10-21 07:00:00,1759,2545.9075879523593,MEDIUM
2017-10-21 07:00:00,1759,2545.9075879523593,MEDIUM
2017-10-21 08:00:00,2651,3201.5327898857086,MEDIUM
2017-10-21 08:00:00,2651,3201.5327898857086,MEDIUM
2017-10-21 08:00:00,2651,3201.5327898857086,MEDIUM
2017-10-21 09:00:00,3381,3815.489055104678,MEDIUM
2017-10-21 09:00:00,3381,3815.489055104678,MEDIUM
2017-10-21 09:00:00,3381,3815.489055104678,MEDIUM
2017-10-21 10:00:00,3843,4129.852049791964,MEDIUM
2017-10-21 10:00:00,3843,4129.852049791964,MEDIUM
2017-10-21 10:00:00,3843,4129.852049791964,MEDIUM
2017-10-21 11:00:00,4534,4758.785514374757,HIGH
2017-10-21 11:00:00,4534,4758.785514374757,HIGH
2017-10-21 11:00:00,4534,4758.785514374757,HIGH
2017-10-21 12:00:00,4890,4810.633104289064,HIGH
2017-10-21 13:00:00,4680,4567.991853355683,HIGH
2017-10-21 14:00:00,4453,4460.942867189247,MEDIUM
2017-10-21 15:00:00,4414,4395.22487210203,MEDIUM
2017-10-21 16:00:00,4438,4385.92764428001,MEDIUM
2017-10-21 17:00:00,4584,4084.457057536168,MEDIUM
2017-10-21 18:00:00,4247,3549.9539338106197,MEDIUM
2017-10-21 19:00:00,3340,3132.275031593196,MEDIUM
2017-10-21 20:00:00,3000,2921.580476201859,MEDIUM
2017-10-21 20:00:00,3000,2921.580476201859,MEDIUM
2017-10-21 21:00:00,3030,2844.542243613535,MEDIUM
2017-10-21 21:00:00,3030,2844.542243613535,MEDIUM
2017-10-21 22:00:00,2796,2106.7317309790365,LOW
2017-10-21 23:00:00,2029,1417.478666276345,LOW
2017-10-22 00:00:00,1425,831.3819272491942,LOW
2017-10-22 01:00:00,811,592.4999437389815,LOW
2017-10-22 02:00:00,588,386.9040556944699,LOW
2017-10-22 03:00:00,365,297.438593734018,LOW
2017-10-22 04:00:00,332,544.3949598798486,LOW
2017-10-22 05:00:00,527,906.4156731274318,LOW
2017-10-22 06:00:00,982,1427.8561867710166,LOW
2017-10-22 07:00:00,1315,2044.6566747206564,LOW
2017-10-22 08:00:00,1984,2899.3993522697474,MEDIUM
2017-10-22 09:00:00,3159,3939.2449298230176,MEDIUM
2017-10-22 10:00:00,4333,4575.256497200114,HIGH
2017-10-22 11:00:00,4116,4404.427250167096,MEDIUM
2017-10-22 12:00:00,4014,4111.706215134446,MEDIUM
2017-10-22 13:00:00,4343,4379.893468550027,MEDIUM
2017-10-22 14:00:00,4445,4459.607433132565,MEDIUM
2017-10-22 15:00:00,4933,4952.755589474592,HIGH
2017-10-22 16:00:00,4786,4593.008047247007,HIGH
2017-10-22 17:00:00,4959,4469.6293872873175,MEDIUM
2017-10-22 18:00:00,4555,3664.131890773011,MEDIUM
2017-10-22 19:00:00,3840,3287.001145381198,MEDIUM
2017-10-22 20:00:00,3141,2415.5119408445134,MEDIUM
2017-10-22 21:00:00,2463,1828.7389600326485,LOW
2017-10-22 22:00:00,2431,1681.4616400078035,LOW
2017-10-22 23:00:00,1586,1631.7515361496357,LOW
2017-10-23 00:00:00,638,425.1386647406723,LOW
2017-10-23 01:00:00,369,304.5004223371623,LOW
2017-10-23 02:00:00,265,420.4926708496517,LOW
2017-10-23 03:00:00,360,1128.799268312364,LOW
2017-10-23 04:00:00,862,2260.079323077343,MEDIUM
2017-10-23 05:00:00,2899,5637.027683274328,HIGH
2017-10-23 06:00:00,5842,6154.901256268017,HIGH
2017-10-23 07:00:00,6485,5405.402568563748,HIGH
2017-10-23 08:00:00,6076,5338.836935316877,HIGH
2017-10-23 09:00:00,4965,4566.472055551385,HIGH
2017-10-23 10:00:00,4379,4567.1368027719445,HIGH
2017-10-23 11:00:00,4652,4865.558614553258,HIGH
2017-10-23 12:00:00,4802,4890.888053190536,HIGH
2017-10-23 13:00:00,4804,5221.4586027792675,HIGH
2017-10-23 14:00:00,5118,5596.183402087281,HIGH
2017-10-23 15:00:00,5794,6356.397382879863,HIGH
2017-10-23 16:00:00,6726,6146.166587472316,HIGH
2017-10-23 17:00:00,6250,4795.2192327657485,HIGH
2017-10-23 18:00:00,4335,3240.2891208187975,MEDIUM
2017-10-23 19:00:00,3097,2736.8941858794647,MEDIUM
2017-10-23 20:00:00,2581,2292.3086482318813,MEDIUM
2017-10-23 21:00:00,2283,1822.182057017858,LOW
2017-10-23 22:00:00,1501,1079.48698749079,LOW
2017-10-23 23:00:00,953,654.739700700937,LOW
2017-10-24 00:00:00,545,399.06524889680003,LOW
2017-10-24 01:00:00,328,277.55346867838523,LOW
2017-10-24 02:00:00,237,425.87308659539764,LOW
2017-10-24 03:00:00,347,867.3402775636986,LOW
2017-10-24 04:00:00,851,2417.948856725463,MEDIUM
2017-10-24 05:00:00,3004,5512.057231186424,HIGH
2017-10-24 06:00:00,6039,6218.289026966796,HIGH
2017-10-24 07:00:00,6442,5771.48978881375,HIGH
2017-10-24 08:00:00,5929,5200.612776125088,HIGH
2017-10-24 09:00:00,5526,4706.836910293533,HIGH
2017-10-24 10:00:00,4518,4688.628740315769,HIGH
2017-10-24 11:00:00,4765,4928.173387539209,HIGH
2017-10-24 12:00:00,4981,4985.902771917434,HIGH
2017-10-24 13:00:00,4880,5235.563699465065,HIGH
2017-10-24 14:00:00,5429,5828.8935992172965,HIGH
2017-10-24 15:00:00,5848,6393.590109642509,HIGH
2017-10-24 16:00:00,6879,6289.120430490588,HIGH
2017-10-24 17:00:00,6231,4403.089484288368,MEDIUM
2017-10-24 18:00:00,4792,3372.0896250837272,MEDIUM
2017-10-24 19:00:00,3496,3015.364853456358,MEDIUM
2017-10-24 20:00:00,3028,2487.724003953977,MEDIUM
2017-10-24 21:00:00,3540,2581.29136101369,MEDIUM
2017-10-24 22:00:00,3068,1416.0288928571429,LOW
2017-10-24 23:00:00,1129,609.2599524705314,LOW
2017-10-25 00:00:00,597,375.34261355342716,LOW
2017-10-25 01:00:00,343,286.398119656821,LOW
2017-10-25 02:00:00,226,483.5738575033733,LOW
2017-10-25 03:00:00,343,957.0940919783233,LOW
2017-10-25 04:00:00,921,2743.349503672492,MEDIUM
2017-10-25 05:00:00,3006,5786.720393722529,HIGH
2017-10-25 06:00:00,5883,6153.497648675886,HIGH
2017-10-25 07:00:00,6093,5475.30898957963,HIGH
2017-10-25 08:00:00,5837,5219.769237678505,HIGH
2017-10-25 09:00:00,5542,4843.227277034164,HIGH
2017-10-25 10:00:00,4550,4822.11578176466,HIGH
2017-10-25 11:00:00,4887,5055.529363597826,HIGH
2017-10-25 12:00:00,4921,5094.33913444329,HIGH
2017-10-25 13:00:00,4984,5319.998337983549,HIGH
2017-10-25 14:00:00,5274,5777.8384287174,HIGH
2017-10-25 15:00:00,5895,6339.497506219678,HIGH
2017-10-25 16:00:00,6630,6196.85576045611,HIGH
2017-10-25 17:00:00,6424,4858.910296060682,HIGH
2017-10-25 18:00:00,4920,3408.6209284310776,MEDIUM
2017-10-25 19:00:00,3450,2976.493092947448,MEDIUM
2017-10-25 20:00:00,3115,2733.6517041462316,MEDIUM
2017-10-25 21:00:00,2686,1944.068997730654,LOW
2017-10-25 22:00:00,1912,1189.4196053442474,LOW
2017-10-25 23:00:00,1416,795.3109974942067,LOW
2017-10-26 00:00:00,684,425.67324245240474,LOW
2017-10-26 01:00:00,378,321.98924517405516,LOW
2017-10-26 02:00:00,268,774.1766955892618,LOW
2017-10-26 03:00:00,378,1288.7564629742121,LOW
2017-10-26 04:00:00,900,3734.3653780557593,MEDIUM
2017-10-26 05:00:00,2940,5873.808891296694,HIGH
2017-10-26 06:00:00,5982,6249.050986656051,HIGH
2017-10-26 07:00:00,6543,5945.788802219213,HIGH
2017-10-26 08:00:00,5825,5226.497739464063,HIGH
2017-10-26 09:00:00,5535,4926.254179576081,HIGH
2017-10-26 10:00:00,4671,4898.986606178619,HIGH
2017-10-26 11:00:00,4872,5037.148826580962,HIGH
2017-10-26 12:00:00,5217,5190.858737767506,HIGH
2017-10-26 13:00:00,5220,5547.315503595954,HIGH
2017-10-26 14:00:00,5443,5723.393883299689,HIGH
2017-10-26 15:00:00,6134,6415.3346856323615,HIGH
2017-10-26 16:00:00,6874,6334.6170678146145,HIGH
2017-10-26 17:00:00,6395,4618.614163546267,HIGH
2017-10-26 18:00:00,4853,3791.9844807904947,MEDIUM
2017-10-26 19:00:00,3763,3234.0205261481397,MEDIUM
2017-10-26 19:00:00,3763,3234.0205261481397,MEDIUM
2017-10-26 20:00:00,3222,2874.4328740964056,MEDIUM
2017-10-26 20:00:00,3222,2874.4328740964056,MEDIUM
2017-10-26 20:00:00,3222,2874.4328740964056,MEDIUM
2017-10-26 21:00:00,3761,2996.732484249847,MEDIUM
2017-10-26 21:00:00,3761,2996.732484249847,MEDIUM
2017-10-26 21:00:00,3761,2996.732484249847,MEDIUM
2017-10-26 21:00:00,3761,2996.732484249847,MEDIUM
2017-10-26 22:00:00,3218,1362.1500406698565,LOW
2017-10-26 22:00:00,3218,1362.1500406698565,LOW
2017-10-26 22:00:00,3218,1362.1500406698565,LOW
2017-10-26 22:00:00,3218,1362.1500406698565,LOW
2017-10-26 23:00:00,1617,1251.6969955466393,LOW
2017-10-26 23:00:00,1617,1251.6969955466393,LOW
2017-10-26 23:00:00,1617,1251.6969955466393,LOW
2017-10-26 23:00:00,1617,1251.6969955466393,LOW
2017-10-27 00:00:00,685,451.2220937997347,LOW
2017-10-27 00:00:00,685,451.2220937997347,LOW
2017-10-27 01:00:00,435,349.5324851888313,LOW
2017-10-27 01:00:00,435,349.5324851888313,LOW
2017-10-27 02:00:00,278,422.63129822012985,LOW
2017-10-27 02:00:00,278,422.63129822012985,LOW
2017-10-27 03:00:00,377,759.8881533271181,LOW
2017-10-27 03:00:00,377,759.8881533271181,LOW
2017-10-27 03:00:00,377,759.8881533271181,LOW
2017-10-27 04:00:00,847,2688.112667793422,MEDIUM
2017-10-27 04:00:00,847,2688.112667793422,MEDIUM
2017-10-27 04:00:00,847,2688.112667793422,MEDIUM
2017-10-27 05:00:00,2805,5141.573829221443,HIGH
2017-10-27 05:00:00,2805,5141.573829221443,HIGH
2017-10-27 05:00:00,2805,5141.573829221443,HIGH
2017-10-27 05:00:00,2805,5141.573829221443,HIGH
2017-10-27 06:00:00,5356,6052.633192626053,HIGH
2017-10-27 06:00:00,5356,6052.633192626053,HIGH
2017-10-27 06:00:00,5356,6052.633192626053,HIGH
2017-10-27 07:00:00,5582,5413.344595458563,HIGH
2017-10-27 07:00:00,5582,5413.344595458563,HIGH
2017-10-27 07:00:00,5582,5413.344595458563,HIGH
2017-10-27 08:00:00,5159,4883.855462133754,HIGH
2017-10-27 08:00:00,5159,4883.855462133754,HIGH
2017-10-27 08:00:00,5159,4883.855462133754,HIGH
2017-10-27 09:00:00,4444,4300.125712003545,MEDIUM
2017-10-27 09:00:00,4444,4300.125712003545,MEDIUM
2017-10-27 09:00:00,4444,4300.125712003545,MEDIUM
2017-10-27 10:00:00,4303,4522.258575587266,MEDIUM
2017-10-27 10:00:00,4303,4522.258575587266,MEDIUM
2017-10-27 10:00:00,4303,4522.258575587266,MEDIUM
2017-10-27 11:00:00,4705,4909.171903312334,HIGH
2017-10-27 11:00:00,4705,4909.171903312334,HIGH
2017-10-27 12:00:00,5214,5193.783636688218,HIGH
2017-10-27 12:00:00,5214,5193.783636688218,HIGH
2017-10-27 13:00:00,5092,5272.229963093038,HIGH
2017-10-27 13:00:00,5092,5272.229963093038,HIGH
2017-10-27 13:00:00,5092,5272.229963093038,HIGH
2017-10-27 14:00:00,5120,5368.504547345571,HIGH
2017-10-27 14:00:00,5120,5368.504547345571,HIGH
2017-10-27 14:00:00,5120,5368.504547345571,HIGH
2017-10-27 15:00:00,5644,5927.121259979801,HIGH
2017-10-27 15:00:00,5644,5927.121259979801,HIGH
2017-10-27 15:00:00,5644,5927.121259979801,HIGH
2017-10-27 16:00:00,6061,5625.796107397648,HIGH
2017-10-27 16:00:00,6061,5625.796107397648,HIGH
2017-10-27 16:00:00,6061,5625.796107397648,HIGH
2017-10-27 17:00:00,5292,4407.239987049787,MEDIUM
2017-10-27 17:00:00,5292,4407.239987049787,MEDIUM
2017-10-27 18:00:00,4634,4016.454996778035,MEDIUM
2017-10-27 18:00:00,4634,4016.454996778035,MEDIUM
2017-10-27 19:00:00,3498,3102.2381321918883,MEDIUM
2017-10-27 19:00:00,3498,3102.2381321918883,MEDIUM
2017-10-27 20:00:00,2971,2867.5385346663184,MEDIUM
2017-10-27 20:00:00,2971,2867.5385346663184,MEDIUM
2017-10-27 21:00:00,2905,2575.353426508011,MEDIUM
2017-10-27 21:00:00,2905,2575.353426508011,MEDIUM
2017-10-27 22:00:00,2621,1828.1257773031436,LOW
2017-10-27 22:00:00,2621,1828.1257773031436,LOW
2017-10-27 23:00:00,1892,1347.5881805933946,LOW
2017-10-28 00:00:00,1340,824.6006532056973,LOW
2017-10-28 01:00:00,796,584.4507571752325,LOW
2017-10-28 02:00:00,556,399.7558905662327,LOW
2017-10-28 03:00:00,376,410.4890908521304,LOW
2017-10-28 04:00:00,395,772.4451595022099,LOW
2017-10-28 05:00:00,774,1249.6617585122149,LOW
2017-10-28 06:00:00,1364,1990.6228243636156,LOW
2017-10-28 07:00:00,2090,3180.38899947129,MEDIUM
2017-10-28 08:00:00,2950,3292.9052395158405,MEDIUM
2017-10-28 09:00:00,3657,3924.01724276959,MEDIUM
2017-10-28 10:00:00,4267,4605.111407799382,HIGH
2017-10-28 11:00:00,5033,5203.759412490346,HIGH
2017-10-28 12:00:00,5002,4941.268171261097,HIGH
2017-10-28 13:00:00,4685,4691.251542444163,HIGH
2017-10-28 14:00:00,5031,4932.283738559451,HIGH
2017-10-28 15:00:00,5010,4925.943489237567,HIGH
2017-10-28 16:00:00,5234,4815.92180948939,HIGH
2017-10-28 17:00:00,4906,4234.826470238096,MEDIUM
2017-10-28 18:00:00,4634,3950.4001562843773,MEDIUM
2017-10-28 19:00:00,3847,3267.2919177361305,MEDIUM
2017-10-28 20:00:00,3337,3207.5390250461933,MEDIUM
2017-10-28 21:00:00,4284,3321.4124140093018,MEDIUM
2017-10-28 22:00:00,4461,2035.5130634088134,LOW
2017-10-28 23:00:00,2687,1362.6033333333332,LOW
2017-10-29 00:00:00,1622,936.2264870867206,LOW
2017-10-29 01:00:00,696,572.2910992911936,LOW
2017-10-29 02:00:00,446,374.602846265592,LOW
2017-10-29 03:00:00,434,414.7342476190476,LOW
2017-10-29 04:00:00,354,776.7515048310436,LOW
2017-10-29 05:00:00,478,714.2558270789805,LOW
2017-10-29 06:00:00,802,982.6654946391208,LOW
2017-10-29 07:00:00,1060,1587.3401516630597,LOW
2017-10-29 08:00:00,1840,2344.7400067502767,MEDIUM
2017-10-29 09:00:00,2468,3094.134700444098,MEDIUM
2017-10-29 10:00:00,3120,3523.4396678840526,MEDIUM
2017-10-29 11:00:00,3533,3746.4780708453673,MEDIUM
2017-10-29 12:00:00,4073,4167.623989419019,MEDIUM
2017-10-29 13:00:00,4264,4275.500030718253,MEDIUM
2017-10-29 14:00:00,4373,4357.773008692753,MEDIUM
2017-10-29 15:00:00,4514,4471.136790967579,MEDIUM
2017-10-29 16:00:00,4499,4398.969297493248,MEDIUM
2017-10-29 16:00:00,4499,4398.969297493248,MEDIUM
2017-10-29 17:00:00,4492,4068.7965431226608,MEDIUM
2017-10-29 17:00:00,4492,4068.7965431226608,MEDIUM
2017-10-29 18:00:00,3973,3360.699982994165,MEDIUM
2017-10-29 19:00:00,3409,2909.298219095121,MEDIUM
2017-10-29 20:00:00,2653,2196.222449170023,MEDIUM
2017-10-29 21:00:00,2077,1736.3598017123215,LOW
2017-10-29 21:00:00,2077,1736.3598017123215,LOW
2017-10-29 22:00:00,1661,1196.6033418741806,LOW
2017-10-29 22:00:00,1661,1196.6033418741806,LOW
2017-10-29 23:00:00,2100,1253.4243539199415,LOW
2017-10-29 23:00:00,2100,1253.4243539199415,LOW
2017-10-29 23:00:00,2100,1253.4243539199415,LOW
2017-10-30 00:00:00,563,395.45287683021155,LOW
2017-10-30 01:00:00,375,298.18955516531156,LOW
2017-10-30 02:00:00,293,404.8984350636706,LOW
2017-10-30 03:00:00,326,906.1635966269843,LOW
2017-10-30 04:00:00,813,2145.9980332214236,LOW
2017-10-30 05:00:00,2822,4811.758721349959,HIGH
2017-10-30 06:00:00,5869,6363.029762234733,HIGH
2017-10-30 07:00:00,6221,5613.072768154873,HIGH
2017-10-30 08:00:00,5825,5293.676186620826,HIGH
2017-10-30 09:00:00,5138,4567.086311044779,HIGH
2017-10-30 10:00:00,4482,4625.8857305072925,HIGH
2017-10-30 11:00:00,4569,4727.639908492945,HIGH
2017-10-30 11:00:00,4569,4727.639908492945,HIGH
2017-10-30 12:00:00,4911,5005.972573312599,HIGH
2017-10-30 12:00:00,4911,5005.972573312599,HIGH
2017-10-30 12:00:00,4911,5005.972573312599,HIGH
2017-10-30 12:00:00,4911,5005.972573312599,HIGH
2017-10-30 13:00:00,4899,5185.496671339608,HIGH
2017-10-30 13:00:00,4899,5185.496671339608,HIGH
2017-10-30 13:00:00,4899,5185.496671339608,HIGH
2017-10-30 14:00:00,5055,5521.298152098337,HIGH
2017-10-30 15:00:00,5698,6085.202161022991,HIGH
2017-10-30 16:00:00,6601,6197.968407762216,HIGH
2017-10-30 17:00:00,6258,4648.576643042462,HIGH
2017-10-30 18:00:00,4381,3298.3197896528122,MEDIUM
2017-10-30 19:00:00,2970,2377.093184580449,MEDIUM
2017-10-30 20:00:00,2491,2333.722078328491,MEDIUM
2017-10-30 21:00:00,2174,1679.5355807134295,LOW
2017-10-30 22:00:00,1514,991.6306828538554,LOW
2017-10-30 23:00:00,998,681.3630730964697,LOW
2017-10-31 00:00:00,544,378.80504799623674,LOW
2017-10-31 01:00:00,337,317.448051961049,LOW
2017-10-31 02:00:00,219,1037.3564886646848,LOW
2017-10-31 03:00:00,349,925.4505293796939,LOW
2017-10-31 04:00:00,872,2625.9282419794645,MEDIUM
2017-10-31 05:00:00,2924,5676.710657776389,HIGH
2017-10-31 06:00:00,5968,6261.135663922027,HIGH
2017-10-31 07:00:00,6541,5872.252891023243,HIGH
2017-10-31 08:00:00,5890,5123.529989722614,HIGH
2017-10-31 09:00:00,5605,4815.684238359459,HIGH
2017-10-31 10:00:00,4572,4753.841083091498,HIGH
2017-10-31 11:00:00,4739,4898.23066829879,HIGH
2017-10-31 12:00:00,4989,5028.2789892136425,HIGH
2017-10-31 13:00:00,4910,5269.332231792089,HIGH
2017-10-31 14:00:00,5201,5635.448455920635,HIGH
2017-10-31 15:00:00,5888,6390.407281226615,HIGH
2017-10-31 16:00:00,6985,6264.9683542944385,HIGH
2017-10-31 17:00:00,6035,4674.026569348169,HIGH
2017-10-31 18:00:00,3941,2827.202078593757,MEDIUM
2017-10-31 19:00:00,2937,2548.238189964942,MEDIUM
2017-10-31 20:00:00,2925,2533.195322003539,MEDIUM
2017-10-31 21:00:00,3747,2608.319625925926,MEDIUM
2017-10-31 22:00:00,2933,1395.5748315932433,LOW
2017-10-31 23:00:00,1221,692.3642880389998,LOW
2017-11-01 00:00:00,683,418.47918497117377,LOW
2017-11-01 01:00:00,472,367.57173103984985,LOW
2017-11-01 02:00:00,343,409.65193992385787,LOW
2017-11-01 03:00:00,390,958.2592248080672,LOW
2017-11-01 04:00:00,917,2443.1387118798057,MEDIUM
2017-11-01 05:00:00,2959,5784.062258351102,HIGH
2017-11-01 06:00:00,5665,5987.050308067288,HIGH
2017-11-01 07:00:00,6067,5678.898637456129,HIGH
2017-11-01 08:00:00,6147,5334.489834659944,HIGH
2017-11-01 09:00:00,5339,4939.645597751943,HIGH
2017-11-01 10:00:00,4634,4823.094987524205,HIGH
2017-11-01 11:00:00,4781,4910.8854977463825,HIGH
2017-11-01 12:00:00,4908,4978.206537388073,HIGH
2017-11-01 13:00:00,5008,5309.810871778294,HIGH
2017-11-01 14:00:00,4856,5170.8915343638255,HIGH
2017-11-01 14:00:00,4856,5170.8915343638255,HIGH
2017-11-01 15:00:00,5328,5858.409247101081,HIGH
2017-11-01 15:00:00,5328,5858.409247101081,HIGH
2017-11-01 16:00:00,6321,5704.820123854961,HIGH
2017-11-01 16:00:00,6321,5704.820123854961,HIGH
2017-11-01 16:00:00,6321,5704.820123854961,HIGH
2017-11-01 17:00:00,5858,4744.77330279265,HIGH
2017-11-01 17:00:00,5858,4744.77330279265,HIGH
2017-11-01 17:00:00,5858,4744.77330279265,HIGH
2017-11-01 17:00:00,5858,4744.77330279265,HIGH
2017-11-01 18:00:00,4297,3214.027855333606,MEDIUM
2017-11-01 18:00:00,4297,3214.027855333606,MEDIUM
2017-11-01 18:00:00,4297,3214.027855333606,MEDIUM
2017-11-01 18:00:00,4297,3214.027855333606,MEDIUM
2017-11-01 19:00:00,3045,2493.3448718764935,MEDIUM
2017-11-01 19:00:00,3045,2493.3448718764935,MEDIUM
2017-11-01 19:00:00,3045,2493.3448718764935,MEDIUM
2017-11-01 20:00:00,2704,2500.9076997605403,MEDIUM
2017-11-01 20:00:00,2704,2500.9076997605403,MEDIUM
2017-11-01 20:00:00,2704,2500.9076997605403,MEDIUM
2017-11-01 21:00:00,2204,1771.6470746200594,LOW
2017-11-01 21:00:00,2204,1771.6470746200594,LOW
2017-11-01 22:00:00,1713,1262.2118586028262,LOW
2017-11-01 22:00:00,1713,1262.2118586028262,LOW
2017-11-01 23:00:00,1068,800.8483706666885,LOW
2017-11-02 00:00:00,611,397.48405422298225,LOW
2017-11-02 01:00:00,362,314.92167885706044,LOW
2017-11-02 02:00:00,254,344.8638178920505,LOW
2017-11-02 02:00:00,254,344.8638178920505,LOW
2017-11-02 03:00:00,383,842.9147983969145,LOW
2017-11-02 03:00:00,383,842.9147983969145,LOW
2017-11-02 04:00:00,820,2429.7769160330076,MEDIUM
2017-11-02 04:00:00,820,2429.7769160330076,MEDIUM
2017-11-02 05:00:00,2914,5222.532046799998,HIGH
2017-11-02 05:00:00,2914,5222.532046799998,HIGH
2017-11-02 06:00:00,5674,5891.756721832215,HIGH
2017-11-02 06:00:00,5674,5891.756721832215,HIGH
2017-11-02 07:00:00,6258,5713.4582334698725,HIGH
2017-11-02 07:00:00,6258,5713.4582334698725,HIGH
2017-11-02 08:00:00,5995,5201.245859223411,HIGH
2017-11-02 08:00:00,5995,5201.245859223411,HIGH
2017-11-02 09:00:00,5488,4969.463156372728,HIGH
2017-11-02 10:00:00,4606,4814.392739974937,HIGH
2017-11-02 11:00:00,4910,5065.275582434507,HIGH
2017-11-02 12:00:00,5066,5112.526658981989,HIGH
2017-11-02 13:00:00,5255,5607.4606509899495,HIGH
2017-11-02 14:00:00,5428,5872.9613019394055,HIGH
2017-11-02 15:00:00,5987,6369.98818592123,HIGH
2017-11-02 16:00:00,6775,5908.197652353382,HIGH
2017-11-02 17:00:00,6488,5052.828583360162,HIGH
2017-11-02 18:00:00,5048,3689.14182351192,MEDIUM
2017-11-02 19:00:00,3335,2958.783941689666,MEDIUM
2017-11-02 20:00:00,2846,2782.9194140133422,MEDIUM
2017-11-02 21:00:00,3094,2529.6318308263358,MEDIUM
2017-11-02 22:00:00,2412,1434.434678917604,LOW
2017-11-02 23:00:00,1336,746.5922644105252,LOW
2017-11-03 00:00:00,768,482.62750551786775,LOW
2017-11-03 01:00:00,432,344.8907646227548,LOW
2017-11-03 02:00:00,354,393.1063189121416,LOW
2017-11-03 03:00:00,444,849.8904674372011,LOW
2017-11-03 04:00:00,842,3364.210230183116,MEDIUM
2017-11-03 05:00:00,2715,5796.270304439119,HIGH
2017-11-03 06:00:00,5524,6338.3052072892515,HIGH
2017-11-03 07:00:00,6594,5679.0230517641085,HIGH
2017-11-03 08:00:00,5784,5055.1648229704415,HIGH
2017-11-03 09:00:00,5086,4837.843366700403,HIGH
2017-11-03 10:00:00,4663,5014.068591382727,HIGH
2017-11-03 11:00:00,4977,5213.63505451757,HIGH
2017-11-03 12:00:00,5403,5532.286550716846,HIGH
2017-11-03 13:00:00,5484,5831.866368316331,HIGH
2017-11-03 14:00:00,5564,5961.9661798447605,HIGH
2017-11-03 15:00:00,5860,6139.815772909899,HIGH
2017-11-03 16:00:00,5086,4796.000737179487,HIGH
2017-11-03 16:00:00,5086,4796.000737179487,HIGH
2017-11-03 16:00:00,5086,4796.000737179487,HIGH
2017-11-03 17:00:00,5406,4399.1030145939385,MEDIUM
2017-11-03 17:00:00,5406,4399.1030145939385,MEDIUM
2017-11-03 17:00:00,5406,4399.1030145939385,MEDIUM
2017-11-03 18:00:00,4317,3284.9139794225193,MEDIUM
2017-11-03 18:00:00,4317,3284.9139794225193,MEDIUM
2017-11-03 18:00:00,4317,3284.9139794225193,MEDIUM
2017-11-03 19:00:00,3437,3033.6340781694726,MEDIUM
2017-11-03 19:00:00,3437,3033.6340781694726,MEDIUM
2017-11-03 20:00:00,2827,3032.492286840894,MEDIUM
2017-11-03 20:00:00,2827,3032.492286840894,MEDIUM
2017-11-03 21:00:00,2656,2469.951918813157,MEDIUM
2017-11-03 22:00:00,2613,1842.895435432052,LOW
2017-11-03 23:00:00,1676,1119.8547280626449,LOW
2017-11-04 00:00:00,1031,692.288456994232,LOW
2017-11-04 01:00:00,658,533.3564677640078,LOW
2017-11-04 02:00:00,470,401.5561115590395,LOW
2017-11-04 03:00:00,352,386.95686111111115,LOW
2017-11-04 04:00:00,371,609.3157680629843,LOW
2017-11-04 05:00:00,680,1279.2912556446004,LOW
2017-11-04 05:00:00,680,1279.2912556446004,LOW
2017-11-04 06:00:00,1243,1860.4933233756246,LOW
2017-11-04 07:00:00,1957,2807.0432216350646,MEDIUM
2017-11-04 08:00:00,2790,3169.0848885399178,MEDIUM
2017-11-04 08:00:00,2790,3169.0848885399178,MEDIUM
2017-11-04 09:00:00,3489,3763.4923789663553,MEDIUM
2017-11-04 09:00:00,3489,3763.4923789663553,MEDIUM
2017-11-04 10:00:00,3979,4220.046709980202,MEDIUM
2017-11-04 10:00:00,3979,4220.046709980202,MEDIUM
2017-11-04 11:00:00,4563,4857.881394998405,HIGH
2017-11-04 12:00:00,4837,4782.449743314202,HIGH
2017-11-04 12:00:00,4837,4782.449743314202,HIGH
2017-11-04 13:00:00,4836,4831.592279332476,HIGH
2017-11-04 14:00:00,4764,4579.893301209407,HIGH
2017-11-04 15:00:00,4890,4844.427568261766,HIGH
2017-11-04 16:00:00,4894,4810.4631916963,HIGH
2017-11-04 17:00:00,4794,4328.026576573858,MEDIUM
2017-11-04 17:00:00,4794,4328.026576573858,MEDIUM
2017-11-04 18:00:00,4411,3239.0817018516886,MEDIUM
2017-11-04 18:00:00,4411,3239.0817018516886,MEDIUM
2017-11-04 18:00:00,4411,3239.0817018516886,MEDIUM
2017-11-04 19:00:00,3421,2933.306478993795,MEDIUM
2017-11-04 19:00:00,3421,2933.306478993795,MEDIUM
2017-11-04 20:00:00,2718,2839.4654322996107,MEDIUM
2017-11-04 20:00:00,2718,2839.4654322996107,MEDIUM
2017-11-04 21:00:00,3515,3169.3883690332023,MEDIUM
2017-11-04 21:00:00,3515,3169.3883690332023,MEDIUM
2017-11-04 22:00:00,3865,2193.889487012987,MEDIUM
2017-11-04 22:00:00,3865,2193.889487012987,MEDIUM
2017-11-04 22:00:00,3865,2193.889487012987,MEDIUM
2017-11-04 23:00:00,2042,1577.9338359951746,LOW
2017-11-04 23:00:00,2042,1577.9338359951746,LOW
2017-11-05 00:00:00,1554,935.9067366128194,LOW
2017-11-05 00:00:00,1554,935.9067366128194,LOW
2017-11-05 00:00:00,1554,935.9067366128194,LOW
2017-11-05 01:00:00,629,507.0755022897007,LOW
2017-11-05 01:00:00,629,507.0755022897007,LOW
2017-11-05 01:00:00,629,507.0755022897007,LOW
2017-11-05 01:00:00,629,507.0755022897007,LOW
2017-11-05 01:00:00,629,507.0755022897007,LOW
2017-11-05 02:00:00,361,365.4129029302087,LOW
2017-11-05 02:00:00,361,365.4129029302087,LOW
2017-11-05 02:00:00,361,365.4129029302087,LOW
2017-11-05 03:00:00,247,324.5180974025974,LOW
2017-11-05 03:00:00,247,324.5180974025974,LOW
2017-11-05 04:00:00,287,430.7126002838563,LOW
2017-11-05 04:00:00,287,430.7126002838563,LOW
2017-11-05 04:00:00,287,430.7126002838563,LOW
2017-11-05 05:00:00,469,655.902912018632,LOW
2017-11-05 05:00:00,469,655.902912018632,LOW
2017-11-05 05:00:00,469,655.902912018632,LOW
2017-11-05 06:00:00,823,1060.6347527791736,LOW
2017-11-05 06:00:00,823,1060.6347527791736,LOW
2017-11-05 07:00:00,1209,1919.2904836934604,LOW
2017-11-05 08:00:00,2059,2990.042114265007,MEDIUM
2017-11-05 09:00:00,2974,3374.5929716783157,MEDIUM
2017-11-05 10:00:00,3592,3774.325453213173,MEDIUM
2017-11-05 11:00:00,4014,4211.872916381221,MEDIUM
2017-11-05 12:00:00,4256,4315.764137809435,MEDIUM
2017-11-05 13:00:00,4309,4311.9886550860065,MEDIUM
2017-11-05 14:00:00,4303,4317.257611387572,MEDIUM
2017-11-05 15:00:00,4525,4516.395081184468,MEDIUM
2017-11-05 16:00:00,4744,4465.900848699926,MEDIUM
2017-11-05 17:00:00,4235,3787.7343456317294,MEDIUM
2017-11-05 18:00:00,3765,3277.4877270333586,MEDIUM
2017-11-05 19:00:00,2888,2532.0679590746945,MEDIUM
2017-11-05 20:00:00,2273,2102.0110121479693,LOW
2017-11-05 21:00:00,1912,1552.2514561487808,LOW
2017-11-05 22:00:00,1323,978.6960510323012,LOW
2017-11-05 23:00:00,861,510.85995994508926,LOW
2017-11-06 00:00:00,469,304.24196223080935,LOW
2017-11-06 01:00:00,330,262.19484256964233,LOW
2017-11-06 02:00:00,186,941.4646619658118,LOW
2017-11-06 03:00:00,333,1337.1892239952547,LOW
2017-11-06 04:00:00,809,2805.410595656693,MEDIUM
2017-11-06 05:00:00,2853,5987.9859158956515,HIGH
2017-11-06 06:00:00,5836,6603.229047443503,HIGH
2017-11-06 07:00:00,6268,5654.996376685374,HIGH
2017-11-06 08:00:00,5990,5039.209477881727,HIGH
2017-11-06 09:00:00,4992,4572.443199756045,HIGH
2017-11-06 10:00:00,4298,4475.731266296014,MEDIUM
2017-11-06 11:00:00,4488,4679.093995074373,HIGH
2017-11-06 12:00:00,4677,4814.219933637771,HIGH
2017-11-06 13:00:00,4746,5172.108920279608,HIGH
2017-11-06 14:00:00,4987,5456.4991653829375,HIGH
2017-11-06 15:00:00,5657,5995.392433222006,HIGH
2017-11-06 16:00:00,6647,5995.4311602800435,HIGH
2017-11-06 17:00:00,6175,4498.861699873618,MEDIUM
2017-11-06 18:00:00,4152,2879.7417628016183,MEDIUM
2017-11-06 19:00:00,2919,2423.487510028186,MEDIUM
2017-11-06 20:00:00,2263,2098.914832412552,LOW
2017-11-06 21:00:00,2009,1416.3100279353625,LOW
2017-11-06 22:00:00,1451,1110.7175208102576,LOW
2017-11-06 23:00:00,961,624.172032244795,LOW
2017-11-07 00:00:00,560,381.42496552238225,LOW
2017-11-07 01:00:00,339,327.74559394105125,LOW
2017-11-07 02:00:00,244,343.48391579328205,LOW
2017-11-07 03:00:00,377,708.2416472436099,LOW
2017-11-07 04:00:00,899,2698.0871070345106,MEDIUM
2017-11-07 05:00:00,3031,5705.053285714285,HIGH
2017-11-07 06:00:00,6100,6055.30072795896,HIGH
2017-11-07 07:00:00,6538,5690.711431649778,HIGH
2017-11-07 08:00:00,6091,5255.16501456226,HIGH
2017-11-07 09:00:00,5319,5068.652234540734,HIGH
2017-11-07 10:00:00,4518,4689.154159179715,HIGH
2017-11-07 11:00:00,4701,4947.7393488314265,HIGH
2017-11-07 12:00:00,4866,4925.2315503631935,HIGH
2017-11-07 13:00:00,5101,5417.241288592591,HIGH
2017-11-07 14:00:00,5273,5794.080065754898,HIGH
2017-11-07 15:00:00,5747,6338.492322600706,HIGH
2017-11-07 16:00:00,6705,5998.183671308205,HIGH
2017-11-07 17:00:00,6198,4005.7122200244007,MEDIUM
2017-11-07 18:00:00,4421,3107.030770282835,MEDIUM
2017-11-07 19:00:00,3073,2576.454531932376,MEDIUM
2017-11-07 20:00:00,2581,2326.6025427435147,MEDIUM
2017-11-07 21:00:00,2265,1601.1523955567402,LOW
2017-11-07 22:00:00,1631,1016.5917390679034,LOW
2017-11-07 23:00:00,1073,599.9539112028076,LOW
2017-11-08 00:00:00,548,380.8291196559865,LOW
2017-11-08 01:00:00,329,266.37182860601706,LOW
2017-11-08 03:00:00,373,996.5048659790964,LOW
2017-11-08 04:00:00,898,2619.8875446615307,MEDIUM
2017-11-08 05:00:00,2985,6092.440283614035,HIGH
2017-11-08 06:00:00,6126,6245.231658374734,HIGH
2017-11-08 07:00:00,6513,5708.39094670005,HIGH
2017-11-08 08:00:00,5926,5145.542321991692,HIGH
2017-11-08 09:00:00,5670,4859.656298188563,HIGH
2017-11-08 10:00:00,4195,4452.0785372987275,MEDIUM
2017-11-08 11:00:00,4553,4797.326626847814,HIGH
2017-11-08 12:00:00,4585,4683.207844873722,HIGH
2017-11-08 13:00:00,4833,5195.480920822022,HIGH
2017-11-08 14:00:00,5049,5541.686531369993,HIGH
2017-11-08 15:00:00,5651,6254.167613075504,HIGH
2017-11-08 16:00:00,6832,5913.937347643361,HIGH
2017-11-08 17:00:00,6090,4565.991532914673,HIGH
2017-11-08 18:00:00,4650,3168.0226538987426,MEDIUM
2017-11-08 19:00:00,3292,2829.9092866036144,MEDIUM
2017-11-08 20:00:00,2885,2610.1744137298324,MEDIUM
2017-11-08 21:00:00,2445,1879.4411083675338,LOW
2017-11-08 22:00:00,1728,1128.3778203301952,LOW
2017-11-08 23:00:00,1094,742.1043245998128,LOW
2017-11-09 00:00:00,614,396.80635284452825,LOW
2017-11-09 01:00:00,348,294.04232271175306,LOW
2017-11-09 03:00:00,361,971.024168607641,LOW
2017-11-09 04:00:00,877,3971.683594404497,MEDIUM
2017-11-09 05:00:00,2966,5988.7212974202785,HIGH
2017-11-09 06:00:00,5970,6564.202026556777,HIGH
2017-11-09 07:00:00,6530,5920.363812814143,HIGH
2017-11-09 08:00:00,5542,5009.491809174865,HIGH
2017-11-09 09:00:00,5710,4896.1725553250035,HIGH
2017-11-09 10:00:00,4726,4972.811119746266,HIGH
2017-11-09 11:00:00,5025,5160.552399666744,HIGH
2017-11-09 12:00:00,5151,5258.447414254771,HIGH
2017-11-09 13:00:00,5340,5001.347497449052,HIGH
2017-11-09 14:00:00,5261,5714.282010458376,HIGH
2017-11-09 15:00:00,5794,6367.575917333268,HIGH
2017-11-09 16:00:00,6654,5992.883846636238,HIGH
2017-11-09 17:00:00,6210,4857.968813085984,HIGH
2017-11-09 18:00:00,4758,3168.3032812187807,MEDIUM
2017-11-09 19:00:00,3466,2974.9254700778374,MEDIUM
2017-11-09 20:00:00,3112,2920.9603721514313,MEDIUM
2017-11-09 21:00:00,2703,1947.2788793283655,LOW
2017-11-09 22:00:00,2838,1721.437929037733,LOW
2017-11-09 23:00:00,1471,814.4996274447041,LOW
2017-11-10 00:00:00,812,569.2187626559679,LOW
2017-11-10 01:00:00,418,343.2105280503819,LOW
2017-11-10 02:00:00,311,375.9088185800842,LOW
2017-11-10 03:00:00,419,969.8845884446205,LOW
2017-11-10 04:00:00,776,2606.849312347458,MEDIUM
2017-11-10 05:00:00,2725,5811.567506079224,HIGH
2017-11-10 06:00:00,5554,6483.569935769996,HIGH
2017-11-10 07:00:00,6494,5678.003079353304,HIGH
2017-11-10 08:00:00,5593,4986.059411262595,HIGH
2017-11-10 09:00:00,5039,4758.652795932737,HIGH
2017-11-10 10:00:00,4584,4823.513924185001,HIGH
2017-11-10 11:00:00,4964,5205.624850053129,HIGH
2017-11-10 12:00:00,5106,5148.1632882683425,HIGH
2017-11-10 13:00:00,5445,5744.1031869320395,HIGH
2017-11-10 14:00:00,5311,5324.757512731655,HIGH
2017-11-10 15:00:00,5667,6044.644387539214,HIGH
2017-11-10 16:00:00,6057,5476.329627723109,HIGH
2017-11-10 17:00:00,5412,4473.17509656527,MEDIUM
2017-11-10 18:00:00,4707,3463.6860917225467,MEDIUM
2017-11-10 19:00:00,3505,3003.8315739230743,MEDIUM
2017-11-10 20:00:00,3025,2928.5402290664138,MEDIUM
2017-11-10 21:00:00,2836,2574.5905761579243,MEDIUM
2017-11-10 22:00:00,2467,1926.6596987075714,LOW
2017-11-10 23:00:00,1739,1280.5824126379746,LOW
2017-11-11 00:00:00,1009,740.2615319795349,LOW
2017-11-11 00:00:00,1009,740.2615319795349,LOW
2017-11-11 01:00:00,649,546.0174172409442,LOW
2017-11-11 01:00:00,649,546.0174172409442,LOW
2017-11-11 03:00:00,541,509.9956507848227,LOW
2017-11-11 04:00:00,555,1129.5812295583314,LOW
2017-11-11 05:00:00,1057,2096.2019047619046,LOW
2017-11-11 06:00:00,1584,2229.332124399176,MEDIUM
2017-11-11 07:00:00,2323,3065.4780808064997,MEDIUM
2017-11-11 08:00:00,3446,3819.3296227581873,MEDIUM
2017-11-11 09:00:00,4305,4524.374985589338,MEDIUM
2017-11-11 10:00:00,4690,4777.252396345427,HIGH
2017-11-11 11:00:00,4714,4911.276987110356,HIGH
2017-11-11 12:00:00,4882,4816.2217877303665,HIGH
2017-11-11 13:00:00,4770,4638.156035923946,HIGH
2017-11-11 14:00:00,4858,4839.565190654489,HIGH
2017-11-11 15:00:00,4495,4462.446683613495,MEDIUM
2017-11-11 16:00:00,4766,4631.159071991682,HIGH
2017-11-11 17:00:00,4544,3765.465962957204,MEDIUM
2017-11-11 18:00:00,4236,3292.0754396599673,MEDIUM
2017-11-11 19:00:00,3435,2996.6559558626464,MEDIUM
2017-11-11 20:00:00,2694,2569.948866070588,MEDIUM
2017-11-11 21:00:00,2696,2646.7786030551665,MEDIUM
2017-11-11 22:00:00,2869,2483.5321545064576,MEDIUM
2017-11-11 23:00:00,2231,1449.4944512475777,LOW
2017-11-12 00:00:00,1259,819.0406465926894,LOW
2017-11-12 01:00:00,704,572.0063438338743,LOW
2017-11-12 02:00:00,724,408.1743183584033,LOW
2017-11-12 02:00:00,724,408.1743183584033,LOW
2017-11-12 03:00:00,497,481.43449999999996,LOW
2017-11-12 04:00:00,504,766.9113981032368,LOW
2017-11-12 05:00:00,609,1068.8148253235822,LOW
2017-11-12 06:00:00,962,1710.5749327889393,LOW
2017-11-12 07:00:00,1260,2185.59756150933,MEDIUM
2017-11-12 08:00:00,2133,3250.429089464929,MEDIUM
2017-11-12 09:00:00,2910,3686.2399813665916,MEDIUM
2017-11-12 09:00:00,2910,3686.2399813665916,MEDIUM
2017-11-12 10:00:00,3540,3988.853514484908,MEDIUM
2017-11-12 11:00:00,3858,4165.511861136223,MEDIUM
2017-11-12 12:00:00,4055,4138.620645523754,MEDIUM
2017-11-12 13:00:00,4114,4234.574957018817,MEDIUM
2017-11-12 14:00:00,4163,4245.894689232954,MEDIUM
2017-11-12 15:00:00,4490,4693.079498821717,HIGH
2017-11-12 16:00:00,4746,4447.975859145621,MEDIUM
2017-11-12 17:00:00,4877,4245.5399640660435,MEDIUM
2017-11-12 18:00:00,5355,3487.181574300699,MEDIUM
2017-11-12 19:00:00,3170,2723.9878642843796,MEDIUM
2017-11-12 20:00:00,2463,2171.4458132135137,MEDIUM
2017-11-12 21:00:00,1919,1388.9834006987346,LOW
2017-11-12 22:00:00,1342,1100.9452960333558,LOW
2017-11-12 23:00:00,929,534.171189234945,LOW
2017-11-13 00:00:00,461,308.32572178248734,LOW
2017-11-13 01:00:00,302,250.3766238540207,LOW
2017-11-13 02:00:00,207,871.9831972637755,LOW
2017-11-13 02:00:00,207,871.9831972637755,LOW
2017-11-13 03:00:00,338,1451.8041821808988,LOW
2017-11-13 04:00:00,819,3307.003174558355,MEDIUM
2017-11-13 05:00:00,2844,5962.480905207025,HIGH
2017-11-13 06:00:00,5660,6312.823256124931,HIGH
2017-11-13 07:00:00,6505,5522.602627355284,HIGH
2017-11-13 08:00:00,6117,5186.588799816663,HIGH
2017-11-13 09:00:00,5190,4590.588421622012,HIGH
2017-11-13 10:00:00,4456,4643.085987070667,HIGH
2017-11-13 10:00:00,4456,4643.085987070667,HIGH
2017-11-13 11:00:00,4595,4733.20679332538,HIGH
2017-11-13 12:00:00,4829,4902.541985160087,HIGH
2017-11-13 13:00:00,4779,5172.232277697135,HIGH
2017-11-13 14:00:00,5048,5541.521486482522,HIGH
2017-11-13 15:00:00,5629,6227.7251160746555,HIGH
2017-11-13 16:00:00,6604,5990.5015212133285,HIGH
2017-11-13 17:00:00,5936,4095.407254026594,MEDIUM
2017-11-13 18:00:00,4184,2902.8017143319685,MEDIUM
2017-11-13 19:00:00,3008,2492.603359528747,MEDIUM
2017-11-13 20:00:00,2537,2210.3435774672207,MEDIUM
2017-11-13 21:00:00,2048,1605.7472921826195,LOW
2017-11-13 21:00:00,2048,1605.7472921826195,LOW
2017-11-13 22:00:00,1498,1335.6124631916796,LOW
2017-11-13 22:00:00,1498,1335.6124631916796,LOW
2017-11-13 23:00:00,980,903.5461014775335,LOW
2017-11-13 23:00:00,980,903.5461014775335,LOW
2017-11-14 00:00:00,483,371.7620622452776,LOW
2017-11-14 00:00:00,483,371.7620622452776,LOW
2017-11-14 01:00:00,321,280.56211115530084,LOW
2017-11-14 01:00:00,321,280.56211115530084,LOW
2017-11-14 02:00:00,216,748.8831702640243,LOW
2017-11-14 02:00:00,216,748.8831702640243,LOW
2017-11-14 03:00:00,346,810.9083401874348,LOW
2017-11-14 04:00:00,871,2524.129440704817,MEDIUM
2017-11-14 05:00:00,3005,5079.993593164283,HIGH
2017-11-14 06:00:00,5631,5966.174833765594,HIGH
2017-11-14 07:00:00,6212,5749.5725531494545,HIGH
2017-11-14 08:00:00,5841,5459.212230999555,HIGH
2017-11-14 08:00:00,5841,5459.212230999555,HIGH
2017-11-14 09:00:00,5531,4820.428759593106,HIGH
2017-11-14 09:00:00,5531,4820.428759593106,HIGH
2017-11-14 09:00:00,5531,4820.428759593106,HIGH
2017-11-14 10:00:00,4398,4569.747585226739,HIGH
2017-11-14 10:00:00,4398,4569.747585226739,HIGH
2017-11-14 11:00:00,4690,4898.881607040284,HIGH
2017-11-14 12:00:00,4910,4971.363414062826,HIGH
2017-11-14 12:00:00,4910,4971.363414062826,HIGH
2017-11-14 13:00:00,4952,5237.333372206532,HIGH
2017-11-14 14:00:00,5129,5604.613840261109,HIGH
2017-11-14 15:00:00,5730,6276.399849117017,HIGH
2017-11-14 15:00:00,5730,6276.399849117017,HIGH
2017-11-14 16:00:00,6717,6058.806168707074,HIGH
2017-11-14 16:00:00,6717,6058.806168707074,HIGH
2017-11-14 17:00:00,6091,4312.004860285652,MEDIUM
2017-11-14 17:00:00,6091,4312.004860285652,MEDIUM
2017-11-14 17:00:00,6091,4312.004860285652,MEDIUM
2017-11-14 18:00:00,4371,3364.0076131331884,MEDIUM
2017-11-14 19:00:00,3202,2974.9651226230912,MEDIUM
2017-11-14 19:00:00,3202,2974.9651226230912,MEDIUM
2017-11-14 20:00:00,2778,2337.107533571838,MEDIUM
2017-11-14 20:00:00,2778,2337.107533571838,MEDIUM
2017-11-14 20:00:00,2778,2337.107533571838,MEDIUM
2017-11-14 21:00:00,3722,2477.825383590429,MEDIUM
2017-11-14 21:00:00,3722,2477.825383590429,MEDIUM
2017-11-14 21:00:00,3722,2477.825383590429,MEDIUM
2017-11-14 22:00:00,2381,1492.1952297524615,LOW
2017-11-14 22:00:00,2381,1492.1952297524615,LOW
2017-11-14 22:00:00,2381,1492.1952297524615,LOW
2017-11-14 23:00:00,1462,1107.5979141287726,LOW
2017-11-14 23:00:00,1462,1107.5979141287726,LOW
2017-11-14 23:00:00,1462,1107.5979141287726,LOW
2017-11-14 23:00:00,1462,1107.5979141287726,LOW
2017-11-15 00:00:00,608,419.39972259457653,LOW
2017-11-15 00:00:00,608,419.39972259457653,LOW
2017-11-15 00:00:00,608,419.39972259457653,LOW
2017-11-15 00:00:00,608,419.39972259457653,LOW
2017-11-15 01:00:00,318,283.8269501374597,LOW
2017-11-15 01:00:00,318,283.8269501374597,LOW
2017-11-15 01:00:00,318,283.8269501374597,LOW
2017-11-15 01:00:00,318,283.8269501374597,LOW
2017-11-15 03:00:00,354,871.3595245112476,LOW
2017-11-15 03:00:00,354,871.3595245112476,LOW
2017-11-15 03:00:00,354,871.3595245112476,LOW
2017-11-15 04:00:00,911,2578.9308500347365,MEDIUM
2017-11-15 04:00:00,911,2578.9308500347365,MEDIUM
2017-11-15 04:00:00,911,2578.9308500347365,MEDIUM
2017-11-15 05:00:00,3011,5444.154129940493,HIGH
2017-11-15 06:00:00,6015,6133.231965216441,HIGH
2017-11-15 07:00:00,6580,5761.835971339571,HIGH
2017-11-15 08:00:00,6104,5327.11858121233,HIGH
2017-11-15 09:00:00,5379,4891.745924690214,HIGH
2017-11-15 10:00:00,4687,4945.101324890932,HIGH
2017-11-15 11:00:00,4924,5081.753203802134,HIGH
2017-11-15 12:00:00,5043,5136.735291691211,HIGH
2017-11-15 13:00:00,4945,5225.037872856021,HIGH
2017-11-15 14:00:00,5221,5614.92717295342,HIGH
2017-11-15 15:00:00,5919,6296.334941058961,HIGH
2017-11-15 16:00:00,6923,6152.818205310172,HIGH
2017-11-15 17:00:00,6325,4392.878921284829,MEDIUM
2017-11-15 18:00:00,4660,3358.2888411809363,MEDIUM
2017-11-15 19:00:00,3216,2930.5855213046348,MEDIUM
2017-11-15 20:00:00,2914,2622.939290375987,MEDIUM
2017-11-15 21:00:00,2461,1875.8991874307642,LOW
2017-11-15 22:00:00,1957,1427.096848153142,LOW
2017-11-15 23:00:00,1400,3395.594233225464,MEDIUM
2017-11-16 00:00:00,604,395.67097378918,LOW
2017-11-16 01:00:00,359,304.01885605062813,LOW
2017-11-16 02:00:00,264,418.3901129199661,LOW
2017-11-16 03:00:00,375,837.9474699852764,LOW
2017-11-16 04:00:00,916,2409.3178769635533,MEDIUM
2017-11-16 05:00:00,2967,5801.8791666666675,HIGH
2017-11-16 06:00:00,5942,6193.886334255292,HIGH
2017-11-16 07:00:00,6685,5860.85627270382,HIGH
2017-11-16 08:00:00,6029,5093.555301920455,HIGH
2017-11-16 09:00:00,5507,4897.969096502699,HIGH
2017-11-16 10:00:00,4678,4933.484184961335,HIGH
2017-11-16 11:00:00,4943,5096.218612150344,HIGH
2017-11-16 12:00:00,4977,5000.9981923194255,HIGH
2017-11-16 13:00:00,5182,5541.003793794745,HIGH
2017-11-16 14:00:00,5315,5772.043364945054,HIGH
2017-11-16 15:00:00,6079,6385.441858006218,HIGH
2017-11-16 16:00:00,6658,6020.052949555814,HIGH
2017-11-16 17:00:00,6125,4667.285748905594,HIGH
2017-11-16 18:00:00,4724,3427.79237767268,MEDIUM
2017-11-16 19:00:00,3538,3075.334391467714,MEDIUM
2017-11-16 20:00:00,3132,2862.3424999876634,MEDIUM
2017-11-16 21:00:00,3069,2848.9168427936943,MEDIUM
2017-11-16 22:00:00,3643,1216.2325,LOW
2017-11-16 23:00:00,2158,976.3797377146391,LOW
2017-11-17 00:00:00,760,471.07861878310456,LOW
2017-11-17 01:00:00,469,361.815150163081,LOW
2017-11-17 02:00:00,316,398.99787932470116,LOW
2017-11-17 03:00:00,405,929.7636741287098,LOW
2017-11-17 04:00:00,851,3341.203960603874,MEDIUM
2017-11-17 05:00:00,2809,5393.054550089381,HIGH
2017-11-17 06:00:00,5672,5931.806194738292,HIGH
2017-11-17 07:00:00,5849,5435.675461266963,HIGH
2017-11-17 08:00:00,5344,5037.612590703698,HIGH
2017-11-17 08:00:00,5344,5037.612590703698,HIGH
2017-11-17 08:00:00,5344,5037.612590703698,HIGH
2017-11-17 09:00:00,5132,4911.795985466158,HIGH
2017-11-17 09:00:00,5132,4911.795985466158,HIGH
2017-11-17 09:00:00,5132,4911.795985466158,HIGH
2017-11-17 10:00:00,4706,5021.1256087455,HIGH
2017-11-17 10:00:00,4706,5021.1256087455,HIGH
2017-11-17 10:00:00,4706,5021.1256087455,HIGH
2017-11-17 11:00:00,5128,5381.845353298568,HIGH
2017-11-17 11:00:00,5128,5381.845353298568,HIGH
2017-11-17 11:00:00,5128,5381.845353298568,HIGH
2017-11-17 12:00:00,5308,5290.597582538661,HIGH
2017-11-17 12:00:00,5308,5290.597582538661,HIGH
2017-11-17 12:00:00,5308,5290.597582538661,HIGH
2017-11-17 12:00:00,5308,5290.597582538661,HIGH
2017-11-17 13:00:00,5105,5332.372385156901,HIGH
2017-11-17 13:00:00,5105,5332.372385156901,HIGH
2017-11-17 13:00:00,5105,5332.372385156901,HIGH
2017-11-17 14:00:00,5488,5920.5389817911955,HIGH
2017-11-17 14:00:00,5488,5920.5389817911955,HIGH
2017-11-17 14:00:00,5488,5920.5389817911955,HIGH
2017-11-17 14:00:00,5488,5920.5389817911955,HIGH
2017-11-17 15:00:00,5906,6043.517718065253,HIGH
2017-11-17 15:00:00,5906,6043.517718065253,HIGH
2017-11-17 15:00:00,5906,6043.517718065253,HIGH
2017-11-17 16:00:00,6629,5867.225879841699,HIGH
2017-11-17 16:00:00,6629,5867.225879841699,HIGH
2017-11-17 16:00:00,6629,5867.225879841699,HIGH
2017-11-17 17:00:00,5965,4684.136752280601,HIGH
2017-11-17 17:00:00,5965,4684.136752280601,HIGH
2017-11-17 18:00:00,5100,3676.5234970988818,MEDIUM
2017-11-17 18:00:00,5100,3676.5234970988818,MEDIUM
2017-11-17 19:00:00,3774,3306.453617762958,MEDIUM
2017-11-17 20:00:00,3077,2925.1826535451705,MEDIUM
2017-11-17 21:00:00,3030,2753.990279193016,MEDIUM
2017-11-17 22:00:00,2630,1847.2889495272923,LOW
2017-11-17 22:00:00,2630,1847.2889495272923,LOW
2017-11-17 23:00:00,2657,1573.7653333333333,LOW
2017-11-18 00:00:00,1222,778.6670741054047,LOW
2017-11-18 00:00:00,1222,778.6670741054047,LOW
2017-11-18 00:00:00,1222,778.6670741054047,LOW
2017-11-18 01:00:00,709,579.984634301849,LOW
2017-11-18 01:00:00,709,579.984634301849,LOW
2017-11-18 02:00:00,496,393.1793056371448,LOW
2017-11-18 03:00:00,433,465.5639299740507,LOW
2017-11-18 04:00:00,392,703.6944766633687,LOW
2017-11-18 05:00:00,801,1228.6133015666837,LOW
2017-11-18 06:00:00,1385,2003.541257655674,LOW
2017-11-18 07:00:00,2115,3230.925776309674,MEDIUM
2017-11-18 08:00:00,3136,3905.218485852226,MEDIUM
2017-11-18 09:00:00,3676,4094.469995488151,MEDIUM
2017-11-18 10:00:00,4034,4253.212898234071,MEDIUM
2017-11-18 11:00:00,4517,4737.77232206802,HIGH
2017-11-18 12:00:00,4590,4565.187819690196,HIGH
2017-11-18 13:00:00,4876,4851.103618195959,HIGH
2017-11-18 14:00:00,4729,4624.513676301182,HIGH
2017-11-18 15:00:00,4754,4680.8940282918475,HIGH
2017-11-18 16:00:00,4939,4855.35818602251,HIGH
2017-11-18 17:00:00,4852,4244.014404012009,MEDIUM
2017-11-18 18:00:00,4556,3387.7373274070555,MEDIUM
2017-11-18 19:00:00,3733,3140.1320041169597,MEDIUM
2017-11-18 20:00:00,3181,3312.489504220825,MEDIUM
2017-11-18 21:00:00,3011,2688.45607226986,MEDIUM
2017-11-18 22:00:00,3358,1871.7951666666665,LOW
2017-11-18 23:00:00,3347,1525.3633333333332,LOW
2017-11-19 00:00:00,1529,894.544048785307,LOW
2017-11-19 01:00:00,996,681.6828748959127,LOW
2017-11-19 02:00:00,726,408.7915619481471,LOW
2017-11-19 03:00:00,439,561.225,LOW
2017-11-19 04:00:00,407,699.0920893981603,LOW
2017-11-19 05:00:00,738,1308.378391888813,LOW
2017-11-19 06:00:00,1138,1728.6863327067238,LOW
2017-11-19 07:00:00,1498,2150.630782333738,MEDIUM
2017-11-19 08:00:00,2214,3319.155543438237,MEDIUM
2017-11-19 09:00:00,3432,3966.0514618802868,MEDIUM
2017-11-19 10:00:00,4460,4738.707240535608,HIGH
2017-11-19 11:00:00,4195,4310.136875924105,MEDIUM
2017-11-19 12:00:00,4185,4273.366683298341,MEDIUM
2017-11-19 13:00:00,4115,4228.400283400568,MEDIUM
2017-11-19 14:00:00,4121,4226.043810429086,MEDIUM
2017-11-19 15:00:00,4329,4361.847740531056,MEDIUM
2017-11-19 16:00:00,4555,4455.321419553242,MEDIUM
2017-11-19 17:00:00,4505,3823.4424953122657,MEDIUM
2017-11-19 18:00:00,3560,3029.352480442051,MEDIUM
2017-11-19 19:00:00,2989,2459.753658522234,MEDIUM
2017-11-19 20:00:00,2477,2173.8765857605945,MEDIUM
2017-11-19 21:00:00,1898,1393.3504866003464,LOW
2017-11-19 22:00:00,1413,882.4237891172539,LOW
2017-11-19 23:00:00,991,593.3162765813195,LOW
2017-11-20 00:00:00,484,320.37594388806156,LOW
2017-11-20 01:00:00,331,272.152095258725,LOW
2017-11-20 02:00:00,239,307.15210668707545,LOW
2017-11-20 03:00:00,373,994.7912899458338,LOW
2017-11-20 04:00:00,848,3185.3384159336,MEDIUM
2017-11-20 05:00:00,2851,5968.223644485902,HIGH
2017-11-20 06:00:00,5208,5820.156361677987,HIGH
2017-11-20 07:00:00,6600,5726.835370296946,HIGH
2017-11-20 08:00:00,5918,5044.265684477503,HIGH
2017-11-20 09:00:00,5020,4598.383592758115,HIGH
2017-11-20 10:00:00,4583,4820.792546109337,HIGH
2017-11-20 11:00:00,4556,4699.070221827718,HIGH
2017-11-20 12:00:00,4812,4906.795705568564,HIGH
2017-11-20 13:00:00,4866,5186.944209912868,HIGH
2017-11-20 14:00:00,5095,5579.660549813957,HIGH
2017-11-20 15:00:00,5769,6244.055002812842,HIGH
2017-11-20 16:00:00,6629,5992.334711515604,HIGH
2017-11-20 17:00:00,6013,4115.26437773595,MEDIUM
2017-11-20 18:00:00,4162,2881.30623911764,MEDIUM
2017-11-20 19:00:00,3029,2564.2423681511577,MEDIUM
2017-11-20 20:00:00,2612,2266.103747982493,MEDIUM
2017-11-20 21:00:00,2595,1960.6529428666195,LOW
2017-11-20 22:00:00,3268,1140.6815,LOW
2017-11-20 23:00:00,1174,642.2104997391524,LOW
2017-11-21 00:00:00,560,350.5981975086116,LOW
2017-11-21 01:00:00,373,297.3608046160782,LOW
2017-11-21 02:00:00,247,361.91492438994993,LOW
2017-11-21 03:00:00,381,1331.0188102993156,LOW
2017-11-21 04:00:00,867,2552.1686695166836,MEDIUM
2017-11-21 05:00:00,2906,5948.875868015258,HIGH
2017-11-21 06:00:00,5793,6344.80750841504,HIGH
2017-11-21 07:00:00,6796,6022.727957545863,HIGH
2017-11-21 08:00:00,5932,5161.52276976766,HIGH
2017-11-21 09:00:00,5354,4656.706202535294,HIGH
2017-11-21 10:00:00,4682,4919.3347596088915,HIGH
2017-11-21 11:00:00,4877,5040.817011905694,HIGH
2017-11-21 12:00:00,5069,5128.124971689961,HIGH
2017-11-21 13:00:00,5268,5688.8494899247235,HIGH
2017-11-21 14:00:00,5314,5848.227787231668,HIGH
2017-11-21 15:00:00,5823,6416.423452363192,HIGH
2017-11-21 16:00:00,6669,6018.004542520241,HIGH
2017-11-21 17:00:00,6379,4561.476780363652,HIGH
2017-11-21 18:00:00,4670,3153.4158914749873,MEDIUM
2017-11-21 19:00:00,3208,2793.001945498011,MEDIUM
2017-11-21 20:00:00,2807,2575.60809404401,MEDIUM
2017-11-21 21:00:00,2583,2126.85568575642,LOW
2017-11-21 22:00:00,1848,1387.082787303797,LOW
2017-11-21 23:00:00,1111,601.5548526010264,LOW
2017-11-22 00:00:00,633,408.1131838238203,LOW
2017-11-22 01:00:00,422,349.78457237506615,LOW
2017-11-22 02:00:00,320,387.76608552872017,LOW
2017-11-22 03:00:00,380,1170.142387416142,LOW
2017-11-22 04:00:00,861,2842.213728525872,MEDIUM
2017-11-22 05:00:00,2761,5760.365376766805,HIGH
2017-11-22 06:00:00,5385,5916.487187706516,HIGH
2017-11-22 07:00:00,5983,5546.6955329403245,HIGH
2017-11-22 08:00:00,5411,5014.796050459196,HIGH
2017-11-22 09:00:00,5036,4662.960599042044,HIGH
2017-11-22 10:00:00,4830,5089.69717179825,HIGH
2017-11-22 11:00:00,5165,5228.215268753976,HIGH
2017-11-22 12:00:00,5484,5583.097081899855,HIGH
2017-11-22 13:00:00,5650,5934.851731510366,HIGH
2017-11-22 14:00:00,5916,6228.23303016131,HIGH
2017-11-22 15:00:00,5793,6389.807318129401,HIGH
2017-11-22 16:00:00,6032,5567.385885771444,HIGH
2017-11-22 17:00:00,5177,4215.908335485621,MEDIUM
2017-11-22 18:00:00,4347,3173.9441102579144,MEDIUM
2017-11-22 19:00:00,3179,2920.047051118343,MEDIUM
2017-11-22 20:00:00,2860,2678.337055136705,MEDIUM
2017-11-22 21:00:00,2638,1919.5157512133496,LOW
2017-11-22 22:00:00,2077,1341.8040927566478,LOW
2017-11-22 23:00:00,1474,925.1262955560454,LOW
2017-11-23 00:00:00,1324,668.4380185508935,LOW
2017-11-23 01:00:00,601,474.8362973606307,LOW
2017-11-23 02:00:00,416,421.31944509487084,LOW
2017-11-23 03:00:00,320,734.562144344317,LOW
2017-11-23 04:00:00,266,596.9846753798935,LOW
2017-11-23 05:00:00,423,1107.075274216146,LOW
2017-11-23 06:00:00,834,1300.9948213146502,LOW
2017-11-23 07:00:00,991,1436.6385354027902,LOW
2017-11-23 08:00:00,1267,2323.2240817073966,MEDIUM
2017-11-23 09:00:00,2227,2694.2231995534094,MEDIUM
2017-11-23 10:00:00,2817,3325.257688294341,MEDIUM
2017-11-23 11:00:00,3347,3703.127758731543,MEDIUM
2017-11-23 12:00:00,3169,3575.92725993775,MEDIUM
2017-11-23 13:00:00,3049,3205.2207658842135,MEDIUM
2017-11-23 14:00:00,2935,3017.1554310564593,MEDIUM
2017-11-23 15:00:00,3278,3181.8019903781883,MEDIUM
2017-11-23 16:00:00,3212,3091.9794604787794,MEDIUM
2017-11-23 17:00:00,3340,3037.4764308498516,MEDIUM
2017-11-23 18:00:00,3267,2844.147441174772,MEDIUM
2017-11-23 19:00:00,3194,2845.9100164998563,MEDIUM
2017-11-23 20:00:00,2989,2685.46514015928,MEDIUM
2017-11-23 21:00:00,2730,1921.2594490148215,LOW
2017-11-23 22:00:00,1962,1333.1981274579666,LOW
2017-11-23 23:00:00,1313,720.2771004582102,LOW
2017-11-24 00:00:00,770,495.6813220451202,LOW
2017-11-24 01:00:00,467,356.90384335331214,LOW
2017-11-24 02:00:00,271,465.9960688787341,LOW
2017-11-24 03:00:00,257,515.7009603174604,LOW
2017-11-24 04:00:00,403,974.2451397511795,LOW
2017-11-24 05:00:00,1045,2881.3041297553796,MEDIUM
2017-11-24 06:00:00,2101,2790.455662507421,MEDIUM
2017-11-24 07:00:00,2419,2844.413773492258,MEDIUM
2017-11-24 08:00:00,2480,3135.031165381477,MEDIUM
2017-11-24 09:00:00,2909,3571.571209932944,MEDIUM
2017-11-24 10:00:00,3405,3954.3453384728728,MEDIUM
2017-11-24 11:00:00,4017,4231.016328833864,MEDIUM
2017-11-24 12:00:00,4321,4460.947548945044,MEDIUM
2017-11-24 13:00:00,4334,4511.829987394419,MEDIUM
2017-11-24 14:00:00,4749,5139.545324119247,HIGH
2017-11-24 15:00:00,4696,5386.960176515782,HIGH
2017-11-24 15:00:00,4696,5386.960176515782,HIGH
2017-11-24 16:00:00,4482,4366.6561047000705,MEDIUM
2017-11-24 16:00:00,4482,4366.6561047000705,MEDIUM
2017-11-24 17:00:00,4858,4308.002178472138,MEDIUM
2017-11-24 18:00:00,5325,3388.532782634032,MEDIUM
2017-11-24 19:00:00,3279,2722.2398041290767,MEDIUM
2017-11-24 20:00:00,2844,2993.0948675523036,MEDIUM
2017-11-24 21:00:00,2802,2605.2293560309813,MEDIUM
2017-11-24 22:00:00,2297,1748.33765779043,LOW
2017-11-24 23:00:00,1642,984.4437526306917,LOW
2017-11-25 00:00:00,1079,680.8911353958858,LOW
2017-11-25 01:00:00,655,511.8707513838926,LOW
2017-11-25 02:00:00,516,414.2252649868415,LOW
2017-11-25 03:00:00,372,396.866452917772,LOW
2017-11-25 04:00:00,323,561.7086813696864,LOW
2017-11-25 05:00:00,595,1097.0531085671244,LOW
2017-11-25 06:00:00,1010,1435.7253387580774,LOW
2017-11-25 07:00:00,1539,2300.1309378727983,MEDIUM
2017-11-25 08:00:00,2133,3267.716450006743,MEDIUM
2017-11-25 09:00:00,3054,3897.959228964153,MEDIUM
2017-11-25 10:00:00,3914,4225.4085617423925,MEDIUM
2017-11-25 11:00:00,4734,4924.193042665911,HIGH
2017-11-25 12:00:00,5167,5119.273505447662,HIGH
2017-11-25 13:00:00,4952,4940.507950137709,HIGH
2017-11-25 14:00:00,4461,4467.528418406776,MEDIUM
2017-11-25 15:00:00,4348,4378.953902112793,MEDIUM
2017-11-25 16:00:00,4380,4120.127270692353,MEDIUM
2017-11-25 17:00:00,4490,3981.654135799972,MEDIUM
2017-11-25 18:00:00,4046,3095.139309821477,MEDIUM
2017-11-25 19:00:00,3463,3000.4500992292,MEDIUM
2017-11-25 20:00:00,3005,2879.423133251725,MEDIUM
2017-11-25 21:00:00,2800,3081.280425636267,MEDIUM
2017-11-25 22:00:00,2673,2014.200310074299,LOW
2017-11-25 23:00:00,2584,1419.4150505050502,LOW
2017-11-26 00:00:00,1386,869.3624708301885,LOW
2017-11-26 01:00:00,938,704.0987658833325,LOW
2017-11-26 02:00:00,701,396.2397057777651,LOW
2017-11-26 03:00:00,513,540.5649285714285,LOW
2017-11-26 04:00:00,454,734.9783458600101,LOW
2017-11-26 05:00:00,602,1050.9213737394284,LOW
2017-11-26 06:00:00,965,1705.0351939553314,LOW
2017-11-26 07:00:00,1240,2051.184813423197,LOW
2017-11-26 08:00:00,1769,2494.656365889167,MEDIUM
2017-11-26 09:00:00,2404,3006.618619551828,MEDIUM
2017-11-26 10:00:00,3280,3631.2600566329165,MEDIUM
2017-11-26 11:00:00,3886,4191.1098643223695,MEDIUM
2017-11-26 12:00:00,4299,4428.35518249183,MEDIUM
2017-11-26 13:00:00,4860,4834.718327118164,HIGH
2017-11-26 14:00:00,4871,4817.454708936048,HIGH
2017-11-26 15:00:00,4994,4918.010547934882,HIGH
2017-11-26 16:00:00,4933,4679.668337684579,HIGH
2017-11-26 17:00:00,4794,4106.4153921090165,MEDIUM
2017-11-26 18:00:00,4392,2888.01002323988,MEDIUM
2017-11-26 19:00:00,3341,2785.2424175358437,MEDIUM
2017-11-26 20:00:00,2839,2320.217620278295,MEDIUM
2017-11-26 21:00:00,2550,2278.813878369925,MEDIUM
2017-11-26 22:00:00,1640,1127.9909046518592,LOW
2017-11-26 23:00:00,1009,574.9383520208005,LOW
2017-11-27 00:00:00,539,334.92785732870936,LOW
2017-11-27 01:00:00,317,278.34309961892535,LOW
2017-11-27 02:00:00,213,1651.664297509317,LOW
2017-11-27 03:00:00,328,1054.042072890065,LOW
2017-11-27 04:00:00,810,3058.296049696936,MEDIUM
2017-11-27 05:00:00,2875,5965.372578679248,HIGH
2017-11-27 06:00:00,5636,6080.507291559104,HIGH
2017-11-27 07:00:00,6656,5657.152552956805,HIGH
2017-11-27 08:00:00,5907,5049.901519712037,HIGH
2017-11-27 09:00:00,5063,4569.736509069063,HIGH
2017-11-27 10:00:00,4365,4545.803015164845,HIGH
2017-11-27 11:00:00,4513,4650.160889438513,HIGH
2017-11-27 12:00:00,4933,4985.175435152543,HIGH
2017-11-27 13:00:00,4659,4965.866205848353,HIGH
2017-11-27 14:00:00,4997,5499.642844941342,HIGH
2017-11-27 15:00:00,5748,6370.292481853338,HIGH
2017-11-27 16:00:00,6674,5562.515538921489,HIGH
2017-11-27 17:00:00,5937,4206.206762678501,MEDIUM
2017-11-27 18:00:00,4171,2983.933272731399,MEDIUM
2017-11-27 19:00:00,2984,2357.0178222444224,MEDIUM
2017-11-27 20:00:00,2399,2045.1675678713793,LOW
2017-11-27 21:00:00,2051,1416.8601479489726,LOW
2017-11-27 22:00:00,1431,923.8263815661346,LOW
2017-11-27 23:00:00,955,679.9555937760155,LOW
2017-11-28 00:00:00,569,354.76410525098623,LOW
2017-11-28 01:00:00,317,266.63258664258433,LOW
2017-11-28 02:00:00,254,338.0261269950504,LOW
2017-11-28 03:00:00,352,897.322006652328,LOW
2017-11-28 04:00:00,843,3094.156542204533,MEDIUM
2017-11-28 05:00:00,3058,6014.996179210758,HIGH
2017-11-28 06:00:00,5917,6187.7389328129975,HIGH
2017-11-28 07:00:00,6649,5687.567929636476,HIGH
2017-11-28 08:00:00,6075,5410.297592797064,HIGH
2017-11-28 09:00:00,5320,4734.797160747004,HIGH
2017-11-28 10:00:00,4493,4676.811737404812,HIGH
2017-11-28 11:00:00,4934,5112.730615166946,HIGH
2017-11-28 12:00:00,4980,4997.699946278726,HIGH
2017-11-28 13:00:00,4837,5207.644212014554,HIGH
2017-11-28 14:00:00,5024,5538.724967042257,HIGH
2017-11-28 15:00:00,5756,6361.638741178996,HIGH
2017-11-28 16:00:00,6731,6045.12044430207,HIGH
2017-11-28 17:00:00,5922,4350.343401066517,MEDIUM
2017-11-28 18:00:00,4740,3217.3885152505386,MEDIUM
2017-11-28 19:00:00,3162,2756.2184601839454,MEDIUM
2017-11-28 20:00:00,2676,2383.546488348846,MEDIUM
2017-11-28 21:00:00,2378,1706.9143213801806,LOW
2017-11-28 22:00:00,1532,963.0013943549443,LOW
2017-11-28 23:00:00,946,556.8921904605236,LOW
2017-11-29 00:00:00,552,343.9922441226149,LOW
2017-11-29 01:00:00,310,267.3069760002933,LOW
2017-11-29 02:00:00,274,396.15974648835976,LOW
2017-11-29 03:00:00,376,1241.8742294633548,LOW
2017-11-29 04:00:00,883,4081.054639286871,MEDIUM
2017-11-29 05:00:00,3034,6129.943635180189,HIGH
2017-11-29 06:00:00,5956,6641.410280221009,HIGH
2017-11-29 07:00:00,6624,5829.186224245679,HIGH
2017-11-29 08:00:00,6020,5161.081622728096,HIGH
2017-11-29 09:00:00,5331,4659.914570490748,HIGH
2017-11-29 10:00:00,4690,4962.056804203276,HIGH
2017-11-29 11:00:00,4770,4928.6787997854335,HIGH
2017-11-29 12:00:00,4982,4999.720465015932,HIGH
2017-11-29 13:00:00,4983,5311.46521123968,HIGH
2017-11-29 14:00:00,5223,5724.558992488473,HIGH
2017-11-29 15:00:00,5862,6406.878172018687,HIGH
2017-11-29 16:00:00,6685,5983.461037674536,HIGH
2017-11-29 17:00:00,6347,4692.062829557501,HIGH
2017-11-29 18:00:00,4914,3275.2081984980346,MEDIUM
2017-11-29 19:00:00,3716,3047.3163380848487,MEDIUM
2017-11-29 20:00:00,2859,2523.2662635231736,MEDIUM
2017-11-29 21:00:00,2491,1733.4777086117006,LOW
2017-11-29 22:00:00,1780,1148.4242124266818,LOW
2017-11-29 23:00:00,2859,1013.1086666666669,LOW
2017-11-30 00:00:00,732,454.8861272688917,LOW
2017-11-30 01:00:00,401,312.5764968702656,LOW
2017-11-30 02:00:00,284,673.431883673185,LOW
2017-11-30 03:00:00,395,946.6892868659352,LOW
2017-11-30 04:00:00,926,3143.794269521648,MEDIUM
2017-11-30 05:00:00,2967,6115.321415552146,HIGH
2017-11-30 06:00:00,5862,6147.566698433363,HIGH
2017-11-30 07:00:00,6440,5717.632587285031,HIGH
2017-11-30 08:00:00,5819,5215.348140402147,HIGH
2017-11-30 09:00:00,5518,4868.315040296368,HIGH
2017-11-30 10:00:00,4643,4913.413329409817,HIGH
2017-11-30 11:00:00,5089,5252.288290869511,HIGH
2017-11-30 12:00:00,5069,5134.662963304041,HIGH
2017-11-30 13:00:00,5138,5466.2002181075295,HIGH
2017-11-30 14:00:00,5338,5956.105161357784,HIGH
2017-11-30 15:00:00,5700,6087.941977626723,HIGH
2017-11-30 16:00:00,6605,5891.394247788087,HIGH
2017-11-30 17:00:00,6241,4519.452054372481,MEDIUM
2017-11-30 18:00:00,4668,3170.915659665401,MEDIUM
2017-11-30 19:00:00,3377,2912.444264909311,MEDIUM
2017-11-30 20:00:00,3106,2810.67524374948,MEDIUM
2017-11-30 21:00:00,3619,2712.422649826984,MEDIUM
2017-11-30 22:00:00,2969,1580.7756706708324,LOW
2017-11-30 23:00:00,1383,816.2637099772566,LOW
2017-12-01 00:00:00,721,429.2428366328075,LOW
2017-12-01 01:00:00,431,405.025801237447,LOW
2017-12-01 02:00:00,291,418.6388899480885,LOW
2017-12-01 03:00:00,420,951.9877425522232,LOW
2017-12-01 04:00:00,830,4041.569467129774,MEDIUM
2017-12-01 05:00:00,2873,5647.093526390276,HIGH
2017-12-01 06:00:00,5650,6023.703986853766,HIGH
2017-12-01 07:00:00,6708,5701.71803680307,HIGH
2017-12-01 08:00:00,5772,5126.746094882656,HIGH
2017-12-01 09:00:00,5335,4883.5694399857,HIGH
2017-12-01 10:00:00,4881,5289.870112237702,HIGH
2017-12-01 11:00:00,5187,5531.097469935899,HIGH
2017-12-01 12:00:00,5421,5574.758024333696,HIGH
2017-12-01 13:00:00,5565,5892.662787690958,HIGH
2017-12-01 14:00:00,5711,6050.527223953288,HIGH
2017-12-01 15:00:00,6284,6496.441332348772,HIGH
2017-12-01 16:00:00,6468,5791.583650616734,HIGH
2017-12-01 17:00:00,6000,4421.415341876727,MEDIUM
2017-12-01 18:00:00,5037,3720.1629089236462,MEDIUM
2017-12-01 19:00:00,4086,3207.7256037710704,MEDIUM
2017-12-01 20:00:00,3480,2953.0083589248575,MEDIUM
2017-12-01 21:00:00,3043,2649.6170717145114,MEDIUM
2017-12-01 22:00:00,3054,2372.2479704845887,MEDIUM
2017-12-01 23:00:00,3604,1920.537142857143,LOW
2017-12-02 00:00:00,1479,792.450427332785,LOW
2017-12-02 01:00:00,866,709.0440313480944,LOW
2017-12-02 02:00:00,635,408.18236244680486,LOW
2017-12-02 03:00:00,489,519.8050495200744,LOW
2017-12-02 04:00:00,539,833.4057334840063,LOW
2017-12-02 05:00:00,978,2312.092388888889,MEDIUM
2017-12-02 06:00:00,1666,2335.8944068859223,MEDIUM
2017-12-02 07:00:00,2386,3132.43556750125,MEDIUM
2017-12-02 08:00:00,3343,4150.502322506157,MEDIUM
2017-12-02 09:00:00,4112,4346.36746239686,MEDIUM
2017-12-02 10:00:00,4562,4590.428557490349,HIGH
2017-12-02 11:00:00,5055,5319.9688080178075,HIGH
2017-12-02 12:00:00,5441,5277.221792393958,HIGH
2017-12-02 13:00:00,5516,5415.49782792613,HIGH
2017-12-02 14:00:00,5177,5016.833035003069,HIGH
2017-12-02 15:00:00,5477,5331.937965093038,HIGH
2017-12-02 16:00:00,5397,4962.560520944969,HIGH
2017-12-02 17:00:00,5838,4484.232325748339,MEDIUM
2017-12-02 18:00:00,5490,3525.6255315656563,MEDIUM
2017-12-02 19:00:00,4140,3377.552231185459,MEDIUM
2017-12-02 20:00:00,4032,3576.520759744572,MEDIUM
2017-12-02 21:00:00,3182,3029.1280601684866,MEDIUM
2017-12-02 22:00:00,2623,1877.127790548341,LOW
2017-12-02 23:00:00,1939,1107.2703729899067,LOW
2017-12-03 00:00:00,1274,794.160130995888,LOW
2017-12-03 01:00:00,705,572.7437554047597,LOW
2017-12-03 02:00:00,577,371.74414641580677,LOW
2017-12-03 03:00:00,343,318.1711697405975,LOW
2017-12-03 04:00:00,289,457.8597578891538,LOW
2017-12-03 05:00:00,476,765.0585431632602,LOW
2017-12-03 06:00:00,813,1420.6565392491987,LOW
2017-12-03 07:00:00,1131,1770.1162461110364,LOW
2017-12-03 08:00:00,1936,3092.1515710650715,MEDIUM
2017-12-03 09:00:00,2831,3602.429973586943,MEDIUM
2017-12-03 10:00:00,3515,3873.0597939854797,MEDIUM
2017-12-03 11:00:00,4113,4310.2625622539135,MEDIUM
2017-12-03 12:00:00,4235,4248.232414677015,MEDIUM
2017-12-03 13:00:00,4516,4474.433461275269,MEDIUM
2017-12-03 14:00:00,4383,4373.4361685574295,MEDIUM
2017-12-03 15:00:00,4892,4777.820230451799,HIGH
2017-12-03 16:00:00,4962,4689.08177447601,HIGH
2017-12-03 17:00:00,5014,4324.637039126382,MEDIUM
2017-12-03 18:00:00,4035,3347.686535905863,MEDIUM
2017-12-03 19:00:00,2993,2576.738008354391,MEDIUM
2017-12-03 20:00:00,2533,2437.945131764944,MEDIUM
2017-12-03 21:00:00,2135,1767.3814879185522,LOW
2017-12-03 22:00:00,1782,1234.287852076498,LOW
2017-12-03 23:00:00,1105,662.6589477762972,LOW
2017-12-04 00:00:00,573,359.4519059803617,LOW
2017-12-04 01:00:00,358,351.63524549092915,LOW
2017-12-04 02:00:00,247,354.31790464872097,LOW
2017-12-04 03:00:00,407,1154.3749404714713,LOW
2017-12-04 04:00:00,915,2302.5123116724117,MEDIUM
2017-12-04 05:00:00,2938,5743.563501359238,HIGH
2017-12-04 06:00:00,5369,5922.728709176893,HIGH
2017-12-04 07:00:00,5056,4832.308533996603,HIGH
2017-12-04 08:00:00,5454,4843.905965502667,HIGH
2017-12-04 08:00:00,5454,4843.905965502667,HIGH
2017-12-04 09:00:00,5173,4644.005381693716,HIGH
2017-12-04 09:00:00,5173,4644.005381693716,HIGH
2017-12-04 09:00:00,5173,4644.005381693716,HIGH
2017-12-04 10:00:00,4647,4844.95750640424,HIGH
2017-12-04 10:00:00,4647,4844.95750640424,HIGH
2017-12-04 10:00:00,4647,4844.95750640424,HIGH
2017-12-04 11:00:00,4641,4816.686033641954,HIGH
2017-12-04 12:00:00,4705,4803.640259792522,HIGH
2017-12-04 12:00:00,4705,4803.640259792522,HIGH
2017-12-04 12:00:00,4705,4803.640259792522,HIGH
2017-12-04 13:00:00,5004,5303.738399757744,HIGH
2017-12-04 13:00:00,5004,5303.738399757744,HIGH
2017-12-04 13:00:00,5004,5303.738399757744,HIGH
2017-12-04 13:00:00,5004,5303.738399757744,HIGH
2017-12-04 14:00:00,5165,5543.2919316216585,HIGH
2017-12-04 14:00:00,5165,5543.2919316216585,HIGH
2017-12-04 14:00:00,5165,5543.2919316216585,HIGH
2017-12-04 15:00:00,5666,6099.530010437169,HIGH
2017-12-04 15:00:00,5666,6099.530010437169,HIGH
2017-12-04 15:00:00,5666,6099.530010437169,HIGH
2017-12-04 15:00:00,5666,6099.530010437169,HIGH
2017-12-04 16:00:00,6533,5827.635443796889,HIGH
2017-12-04 16:00:00,6533,5827.635443796889,HIGH
2017-12-04 16:00:00,6533,5827.635443796889,HIGH
2017-12-04 17:00:00,5912,4346.972734715137,MEDIUM
2017-12-04 17:00:00,5912,4346.972734715137,MEDIUM
2017-12-04 17:00:00,5912,4346.972734715137,MEDIUM
2017-12-04 18:00:00,4378,3311.438976170777,MEDIUM
2017-12-04 18:00:00,4378,3311.438976170777,MEDIUM
2017-12-04 19:00:00,3092,2653.451144696462,MEDIUM
2017-12-04 19:00:00,3092,2653.451144696462,MEDIUM
2017-12-04 19:00:00,3092,2653.451144696462,MEDIUM
2017-12-04 20:00:00,2556,2435.6968526596397,MEDIUM
2017-12-04 20:00:00,2556,2435.6968526596397,MEDIUM
2017-12-04 20:00:00,2556,2435.6968526596397,MEDIUM
2017-12-04 21:00:00,2150,1720.4746930766926,LOW
2017-12-04 21:00:00,2150,1720.4746930766926,LOW
2017-12-04 21:00:00,2150,1720.4746930766926,LOW
2017-12-04 22:00:00,1653,1271.9194222245776,LOW
2017-12-04 22:00:00,1653,1271.9194222245776,LOW
2017-12-04 22:00:00,1653,1271.9194222245776,LOW
2017-12-04 23:00:00,1763,1418.8748872904034,LOW
2017-12-04 23:00:00,1763,1418.8748872904034,LOW
2017-12-04 23:00:00,1763,1418.8748872904034,LOW
2017-12-05 00:00:00,693,448.1402532452622,LOW
2017-12-05 00:00:00,693,448.1402532452622,LOW
2017-12-05 00:00:00,693,448.1402532452622,LOW
2017-12-05 01:00:00,327,276.90463130576006,LOW
2017-12-05 01:00:00,327,276.90463130576006,LOW
2017-12-05 02:00:00,278,410.69514008318197,LOW
2017-12-05 02:00:00,278,410.69514008318197,LOW
2017-12-05 03:00:00,394,815.3896316478696,LOW
2017-12-05 03:00:00,394,815.3896316478696,LOW
2017-12-05 04:00:00,853,2583.795199433185,MEDIUM
2017-12-05 04:00:00,853,2583.795199433185,MEDIUM
2017-12-05 05:00:00,2637,5381.335044281861,HIGH
2017-12-05 06:00:00,3657,3697.0417133703186,MEDIUM
2017-12-05 07:00:00,2334,2703.4553492642253,MEDIUM
2017-12-05 08:00:00,2160,2614.7925585969665,MEDIUM
2017-12-05 09:00:00,2578,3035.295177798845,MEDIUM
2017-12-05 09:00:00,2578,3035.295177798845,MEDIUM
2017-12-05 10:00:00,3706,3887.706790959588,MEDIUM
2017-12-05 11:00:00,3683,3819.663148414562,MEDIUM
2017-12-05 11:00:00,3683,3819.663148414562,MEDIUM
2017-12-05 12:00:00,3991,4058.7058974237098,MEDIUM
2017-12-05 12:00:00,3991,4058.7058974237098,MEDIUM
2017-12-05 13:00:00,4158,4348.561983997923,MEDIUM
2017-12-05 13:00:00,4158,4348.561983997923,MEDIUM
2017-12-05 14:00:00,4383,4757.662553400687,HIGH
2017-12-05 14:00:00,4383,4757.662553400687,HIGH
2017-12-05 18:00:00,3936,2903.037366953399,MEDIUM
2017-12-05 18:00:00,3936,2903.037366953399,MEDIUM
2017-12-05 19:00:00,2924,2529.205490724552,MEDIUM
2017-12-05 20:00:00,2447,1924.1188316331245,LOW
2017-12-05 21:00:00,2278,1761.6880750942933,LOW
2017-12-05 22:00:00,1555,1055.6870530608428,LOW
2017-12-05 23:00:00,1014,580.4603867409139,LOW
2017-12-06 00:00:00,744,488.1638673540289,LOW
2017-12-06 01:00:00,585,462.05795884750427,LOW
2017-12-06 02:00:00,409,458.87155237585074,LOW
2017-12-06 03:00:00,534,944.1678505554617,LOW
2017-12-06 04:00:00,1072,2748.317327263552,MEDIUM
2017-12-06 05:00:00,3067,5914.945223790547,HIGH
2017-12-06 06:00:00,5480,5818.691427837944,HIGH
2017-12-06 07:00:00,5255,4821.2394365321625,HIGH
2017-12-06 08:00:00,5113,4727.627848254542,HIGH
2017-12-06 09:00:00,5485,4888.858576673354,HIGH
2017-12-06 10:00:00,4772,4949.5784611383815,HIGH
2017-12-06 11:00:00,4861,5030.725960171875,HIGH
2017-12-06 12:00:00,4983,5001.424745766242,HIGH
2017-12-06 13:00:00,5073,5371.0222569625885,HIGH
2017-12-06 14:00:00,5155,5458.602298297154,HIGH
2017-12-06 15:00:00,5480,6028.161557624376,HIGH
2017-12-06 15:00:00,5480,6028.161557624376,HIGH
2017-12-06 16:00:00,5729,4919.774852096125,HIGH
2017-12-06 16:00:00,5729,4919.774852096125,HIGH
2017-12-06 17:00:00,5196,4082.8792121212114,MEDIUM
2017-12-06 17:00:00,5196,4082.8792121212114,MEDIUM
2017-12-06 18:00:00,4144,3204.343295034757,MEDIUM
2017-12-06 18:00:00,4144,3204.343295034757,MEDIUM
2017-12-06 18:00:00,4144,3204.343295034757,MEDIUM
2017-12-06 19:00:00,3061,2471.528618360836,MEDIUM
2017-12-06 19:00:00,3061,2471.528618360836,MEDIUM
2017-12-06 19:00:00,3061,2471.528618360836,MEDIUM
2017-12-06 20:00:00,2753,2538.148774081778,MEDIUM
2017-12-06 20:00:00,2753,2538.148774081778,MEDIUM
2017-12-06 21:00:00,2449,1878.8602748656112,LOW
2017-12-06 22:00:00,1652,1074.947459321837,LOW
2017-12-06 23:00:00,1093,599.5223220568331,LOW
2017-12-07 00:00:00,602,382.3342050461925,LOW
2017-12-07 01:00:00,357,310.3475180540148,LOW
2017-12-07 02:00:00,286,418.5110119105196,LOW
2017-12-07 03:00:00,376,994.9179684137007,LOW
2017-12-07 04:00:00,927,2887.6060806366727,MEDIUM
2017-12-07 05:00:00,3044,5874.818982420806,HIGH
2017-12-07 06:00:00,5058,5877.18677506141,HIGH
2017-12-07 07:00:00,5782,5512.439476576704,HIGH
2017-12-07 08:00:00,5509,5037.810028912513,HIGH
2017-12-07 09:00:00,4958,4617.398838079114,HIGH
2017-12-07 10:00:00,4486,4733.064423983484,HIGH
2017-12-07 11:00:00,4774,4944.766173559793,HIGH
2017-12-07 12:00:00,4981,4958.461260703225,HIGH
2017-12-07 13:00:00,5035,5375.9339400839945,HIGH
2017-12-07 14:00:00,5296,5567.781417229374,HIGH
2017-12-07 15:00:00,5696,6090.167047892647,HIGH
2017-12-07 16:00:00,6217,5659.700794933131,HIGH
2017-12-07 17:00:00,5865,4146.638673308396,MEDIUM
2017-12-07 18:00:00,4712,3181.990868520368,MEDIUM
2017-12-07 19:00:00,3445,3036.1546810303466,MEDIUM
2017-12-07 20:00:00,2995,2689.0144761054644,MEDIUM
2017-12-07 21:00:00,2934,2560.4571359975384,MEDIUM
2017-12-07 22:00:00,1923,1157.8772226798926,LOW
2017-12-07 23:00:00,1152,713.4714375033526,LOW
2017-12-08 00:00:00,651,424.5665017024449,LOW
2017-12-08 01:00:00,386,318.8547552145624,LOW
2017-12-08 02:00:00,319,402.98589370296446,LOW
2017-12-08 03:00:00,392,717.5260402924366,LOW
2017-12-08 04:00:00,865,3165.576003506486,MEDIUM
2017-12-08 05:00:00,2916,5715.119051378446,HIGH
2017-12-08 06:00:00,5276,5798.074188849453,HIGH
2017-12-08 07:00:00,6081,5616.17309520904,HIGH
2017-12-08 08:00:00,5448,5042.485655696937,HIGH
2017-12-08 09:00:00,5087,4853.597832599947,HIGH
2017-12-08 10:00:00,4771,5112.903790783593,HIGH
2017-12-08 11:00:00,5083,5345.491977452466,HIGH
2017-12-08 12:00:00,5299,5292.630699665804,HIGH
2017-12-08 13:00:00,5418,5655.226840526039,HIGH
2017-12-08 14:00:00,5424,5866.2209209515895,HIGH
2017-12-08 15:00:00,5931,6214.99700216956,HIGH
2017-12-08 16:00:00,6150,5559.054551427734,HIGH
2017-12-08 17:00:00,5526,4469.906953765877,MEDIUM
2017-12-08 18:00:00,4564,3557.8929827316447,MEDIUM
2017-12-08 19:00:00,3631,3072.5588803027217,MEDIUM
2017-12-08 19:00:00,3631,3072.5588803027217,MEDIUM
2017-12-08 20:00:00,3190,2999.3912358614184,MEDIUM
2017-12-08 20:00:00,3190,2999.3912358614184,MEDIUM
2017-12-08 21:00:00,3138,2565.014387152576,MEDIUM
2017-12-08 22:00:00,2728,1879.8201240990957,LOW
2017-12-08 23:00:00,1846,1205.6546753604746,LOW
2017-12-09 00:00:00,1326,815.8643484846267,LOW
2017-12-09 01:00:00,826,657.2261680212664,LOW
2017-12-09 02:00:00,601,412.0364685770357,LOW
2017-12-09 03:00:00,389,533.3876055194805,LOW
2017-12-09 04:00:00,471,652.7588959519696,LOW
2017-12-09 05:00:00,877,1385.2583105793042,LOW
2017-12-09 06:00:00,1441,1963.676194070357,LOW
2017-12-09 07:00:00,2156,2892.7302141000605,MEDIUM
2017-12-09 08:00:00,3024,3533.7216816397768,MEDIUM
2017-12-09 09:00:00,3900,4194.829412590781,MEDIUM
2017-12-09 10:00:00,4433,4814.861462861982,HIGH
2017-12-09 11:00:00,4928,5116.799030145853,HIGH
2017-12-09 12:00:00,5263,5171.780805472556,HIGH
2017-12-09 13:00:00,5186,5153.002952905723,HIGH
2017-12-09 14:00:00,5255,5112.869440814135,HIGH
2017-12-09 15:00:00,5087,5063.016059030676,HIGH
2017-12-09 16:00:00,5160,4871.18184633253,HIGH
2017-12-09 17:00:00,5536,4319.578020097576,MEDIUM
2017-12-09 18:00:00,4555,3335.102763496308,MEDIUM
2017-12-09 19:00:00,3449,3070.5789144110536,MEDIUM
2017-12-09 20:00:00,3030,2924.7211602278085,MEDIUM
2017-12-09 21:00:00,3260,3581.5286603811583,MEDIUM
2017-12-09 22:00:00,3068,2401.7838517520213,MEDIUM
2017-12-09 23:00:00,1919,1188.5216894517969,LOW
2017-12-10 00:00:00,1370,906.9502714299703,LOW
2017-12-10 01:00:00,910,681.1419115988892,LOW
2017-12-10 02:00:00,641,385.71686809028813,LOW
2017-12-10 03:00:00,391,601.2091666666666,LOW
2017-12-10 04:00:00,392,719.1527439596083,LOW
2017-12-10 05:00:00,635,1111.7322097371582,LOW
2017-12-10 06:00:00,922,1165.83251144029,LOW
2017-12-10 07:00:00,1152,1658.0889882556728,LOW
2017-12-10 08:00:00,1869,2347.6693731357955,MEDIUM
2017-12-10 09:00:00,2745,3228.255881663906,MEDIUM
2017-12-10 10:00:00,3616,3867.253039983538,MEDIUM
2017-12-10 11:00:00,4025,4220.777456374233,MEDIUM
2017-12-10 12:00:00,4264,4320.092925711896,MEDIUM
2017-12-10 13:00:00,4352,4319.266356282616,MEDIUM
2017-12-10 14:00:00,4370,4316.91266752068,MEDIUM
2017-12-10 15:00:00,4762,4689.497433993978,HIGH
2017-12-10 16:00:00,4604,4380.01337397758,MEDIUM
2017-12-10 17:00:00,4355,3573.103940847164,MEDIUM
2017-12-10 18:00:00,3724,3162.7158731436234,MEDIUM
2017-12-10 19:00:00,2966,2503.500837343413,MEDIUM
2017-12-10 20:00:00,2560,2134.358199411492,LOW
2017-12-10 21:00:00,2069,1690.3403475411098,LOW
2017-12-10 22:00:00,1732,1025.9477147672312,LOW
2017-12-10 23:00:00,999,634.247804848713,LOW
2017-12-11 00:00:00,542,349.650627693204,LOW
2017-12-11 00:00:00,542,349.650627693204,LOW
2017-12-11 01:00:00,281,242.29853770900533,LOW
2017-12-11 01:00:00,281,242.29853770900533,LOW
2017-12-11 01:00:00,281,242.29853770900533,LOW
2017-12-11 02:00:00,279,549.7895750791631,LOW
2017-12-11 02:00:00,279,549.7895750791631,LOW
2017-12-11 03:00:00,353,897.3106597670088,LOW
2017-12-11 03:00:00,353,897.3106597670088,LOW
2017-12-11 04:00:00,901,2966.812330923128,MEDIUM
2017-12-11 04:00:00,901,2966.812330923128,MEDIUM
2017-12-11 05:00:00,2907,5524.575238095238,HIGH
2017-12-11 05:00:00,2907,5524.575238095238,HIGH
2017-12-11 06:00:00,5061,5698.372732999006,HIGH
2017-12-11 07:00:00,4050,4030.6002694287745,MEDIUM
2017-12-11 07:00:00,4050,4030.6002694287745,MEDIUM
2017-12-11 07:00:00,4050,4030.6002694287745,MEDIUM
2017-12-11 08:00:00,4349,4209.739419301297,MEDIUM
2017-12-11 08:00:00,4349,4209.739419301297,MEDIUM
2017-12-11 09:00:00,4734,4328.946330732021,MEDIUM
2017-12-11 09:00:00,4734,4328.946330732021,MEDIUM
2017-12-11 10:00:00,4049,4241.138313570192,MEDIUM
2017-12-11 10:00:00,4049,4241.138313570192,MEDIUM
2017-12-11 11:00:00,4291,4479.878834264815,MEDIUM
2017-12-11 11:00:00,4291,4479.878834264815,MEDIUM
2017-12-11 12:00:00,4452,4524.3306473298635,MEDIUM
2017-12-11 13:00:00,4509,4707.801596179555,HIGH
2017-12-11 14:00:00,4824,5071.694717515057,HIGH
2017-12-11 15:00:00,5501,6022.804928323441,HIGH
2017-12-11 16:00:00,6076,5681.648022665078,HIGH
2017-12-11 17:00:00,5712,4060.0967746546007,MEDIUM
2017-12-11 18:00:00,4040,2867.978414390769,MEDIUM
2017-12-11 19:00:00,2894,2443.5817696229005,MEDIUM
2017-12-11 20:00:00,2374,2008.3676688682733,LOW
2017-12-11 21:00:00,2028,1501.3867071235002,LOW
2017-12-11 22:00:00,1433,952.6110563906138,LOW
2017-12-11 23:00:00,958,571.0253930959877,LOW
2017-12-12 00:00:00,548,340.8726655827132,LOW
2017-12-12 01:00:00,395,309.3530611838411,LOW
2017-12-12 02:00:00,256,335.7641663235037,LOW
2017-12-12 03:00:00,339,1124.5576819113935,LOW
2017-12-12 04:00:00,939,2791.5497907455765,MEDIUM
2017-12-12 05:00:00,2963,5918.6522045732045,HIGH
2017-12-12 06:00:00,5981,6442.970930425393,HIGH
2017-12-12 07:00:00,5928,5870.732823664642,HIGH
2017-12-12 08:00:00,5709,5065.560902267696,HIGH
2017-12-12 09:00:00,5184,4618.247394525941,HIGH
2017-12-12 10:00:00,4531,4748.437644090563,HIGH
2017-12-12 11:00:00,4714,4895.1155520877455,HIGH
2017-12-12 12:00:00,4948,4926.3779099231015,HIGH
2017-12-12 13:00:00,4869,5143.562554557728,HIGH
2017-12-12 14:00:00,5012,5461.360145767112,HIGH
2017-12-12 15:00:00,5651,5974.259860003251,HIGH
2017-12-12 16:00:00,6407,5767.813346434955,HIGH
2017-12-12 17:00:00,5923,4452.31954978355,MEDIUM
2017-12-12 18:00:00,4427,3244.1272993709294,MEDIUM
2017-12-12 19:00:00,3282,2785.2808729950416,MEDIUM
2017-12-12 20:00:00,2673,2182.6109031307565,MEDIUM
2017-12-12 21:00:00,2819,2347.9261231401524,MEDIUM
2017-12-12 22:00:00,3263,1076.4696190476188,LOW
2017-12-12 23:00:00,1080,610.7720808931696,LOW
2017-12-13 00:00:00,641,404.21739308442324,LOW
2017-12-13 01:00:00,391,309.6121811640593,LOW
2017-12-13 02:00:00,268,409.45784951592543,LOW
2017-12-13 03:00:00,395,923.0833091699138,LOW
2017-12-13 04:00:00,912,3750.4008932589204,MEDIUM
2017-12-13 05:00:00,3108,5674.468654137977,HIGH
2017-12-13 06:00:00,5910,5970.863584496996,HIGH
2017-12-13 07:00:00,6025,5726.245078195128,HIGH
2017-12-13 08:00:00,4696,4530.575027422089,MEDIUM
2017-12-13 08:00:00,4696,4530.575027422089,MEDIUM
2017-12-13 09:00:00,5179,4763.379619672981,HIGH
2017-12-13 09:00:00,5179,4763.379619672981,HIGH
2017-12-13 10:00:00,4347,4574.659973481892,HIGH
2017-12-13 11:00:00,4501,4695.713845202748,HIGH
2017-12-13 12:00:00,4787,4876.701527299681,HIGH
2017-12-13 13:00:00,4943,5180.371819246622,HIGH
2017-12-13 14:00:00,5049,5435.403529487322,HIGH
2017-12-13 15:00:00,5642,5930.135122059845,HIGH
2017-12-13 16:00:00,6621,6079.081660880304,HIGH
2017-12-13 17:00:00,6000,4747.8444431688595,HIGH
2017-12-13 18:00:00,4370,3358.3719281110466,MEDIUM
2017-12-13 19:00:00,3139,2748.5509884377725,MEDIUM
2017-12-13 20:00:00,2777,2493.2060757224663,MEDIUM
2017-12-13 21:00:00,2369,1774.558008771365,LOW
2017-12-13 22:00:00,1889,1245.5251300875225,LOW
2017-12-13 23:00:00,1168,721.6756680185628,LOW
2017-12-14 00:00:00,571,403.01666401252135,LOW
2017-12-14 01:00:00,392,313.7530066800927,LOW
2017-12-14 02:00:00,298,424.55123709366904,LOW
2017-12-14 03:00:00,372,860.595982859326,LOW
2017-12-14 03:00:00,372,860.595982859326,LOW
2017-12-14 04:00:00,908,2365.2991768768225,MEDIUM
2017-12-14 05:00:00,2930,5642.453763157894,HIGH
2017-12-14 06:00:00,5808,6376.851799220259,HIGH
2017-12-14 07:00:00,6252,5692.221850356817,HIGH
2017-12-14 08:00:00,5573,5024.011851116998,HIGH
2017-12-14 09:00:00,5360,4747.10772403185,HIGH
2017-12-14 10:00:00,4607,4812.66695409736,HIGH
2017-12-14 11:00:00,4881,5034.296367972192,HIGH
2017-12-14 12:00:00,5058,5136.684429040039,HIGH
2017-12-14 13:00:00,5019,5333.000405798389,HIGH
2017-12-14 14:00:00,5430,5870.533823878065,HIGH
2017-12-14 15:00:00,5897,6259.229905638099,HIGH
2017-12-14 15:00:00,5897,6259.229905638099,HIGH
2017-12-14 16:00:00,6757,5990.668576205449,HIGH
2017-12-14 17:00:00,6042,4421.789273510218,MEDIUM
2017-12-14 18:00:00,4672,3282.580448976855,MEDIUM
2017-12-14 19:00:00,3397,3053.212998843983,MEDIUM
2017-12-14 20:00:00,3055,2918.369433471732,MEDIUM
2017-12-14 21:00:00,3558,2660.709338261427,MEDIUM
2017-12-14 22:00:00,3433,1285.3483333333334,LOW
2017-12-14 23:00:00,1680,1237.6533843273965,LOW
2017-12-15 00:00:00,803,553.3666218559079,LOW
2017-12-15 01:00:00,490,398.91317913999075,LOW
2017-12-15 02:00:00,358,415.6088486749356,LOW
2017-12-15 03:00:00,387,696.8430004737585,LOW
2017-12-15 04:00:00,836,3116.1091115751256,MEDIUM
2017-12-15 05:00:00,2773,5799.628864533631,HIGH
2017-12-15 06:00:00,5506,6179.528550150483,HIGH
2017-12-15 07:00:00,6307,5642.53676699388,HIGH
2017-12-15 08:00:00,5600,5011.593850241297,HIGH
2017-12-15 09:00:00,5222,4913.88497180495,HIGH
2017-12-15 10:00:00,4949,5215.75631808779,HIGH
2017-12-15 11:00:00,5342,5514.570032187579,HIGH
2017-12-15 12:00:00,5368,5412.696065333843,HIGH
2017-12-15 13:00:00,5386,5642.730748649187,HIGH
2017-12-15 14:00:00,5672,5994.925931856736,HIGH
2017-12-15 15:00:00,6048,6307.356750900326,HIGH
2017-12-15 16:00:00,6669,6023.839546907977,HIGH
2017-12-15 17:00:00,5666,4528.610025116025,MEDIUM
2017-12-15 18:00:00,4776,3691.323825071592,MEDIUM
2017-12-15 19:00:00,3550,3038.575758155283,MEDIUM
2017-12-15 19:00:00,3550,3038.575758155283,MEDIUM
2017-12-15 20:00:00,2849,2872.810418743489,MEDIUM
2017-12-15 20:00:00,2849,2872.810418743489,MEDIUM
2017-12-15 21:00:00,2866,2663.643392349335,MEDIUM
2017-12-15 21:00:00,2866,2663.643392349335,MEDIUM
2017-12-15 22:00:00,2554,1765.622145064086,LOW
2017-12-15 22:00:00,2554,1765.622145064086,LOW
2017-12-15 23:00:00,1814,1209.8699907047733,LOW
2017-12-15 23:00:00,1814,1209.8699907047733,LOW
2017-12-16 00:00:00,1275,792.7873500710098,LOW
2017-12-16 00:00:00,1275,792.7873500710098,LOW
2017-12-16 01:00:00,817,584.0113867609059,LOW
2017-12-16 01:00:00,817,584.0113867609059,LOW
2017-12-16 02:00:00,646,467.7805351802638,LOW
2017-12-16 02:00:00,646,467.7805351802638,LOW
2017-12-16 03:00:00,413,439.1026663677165,LOW
2017-12-16 03:00:00,413,439.1026663677165,LOW
2017-12-16 04:00:00,441,772.6303654005586,LOW
2017-12-16 05:00:00,798,1436.7905856683426,LOW
2017-12-16 06:00:00,1294,2314.4947574274825,MEDIUM
2017-12-16 07:00:00,1812,2309.9499149711987,MEDIUM
2017-12-16 08:00:00,2603,3235.8183599513973,MEDIUM
2017-12-16 09:00:00,3440,3680.358886035517,MEDIUM
2017-12-16 10:00:00,3960,4174.293649919749,MEDIUM
2017-12-16 11:00:00,4303,4574.98208300264,HIGH
2017-12-16 11:00:00,4303,4574.98208300264,HIGH
2017-12-16 12:00:00,4806,4897.804793319477,HIGH
2017-12-16 12:00:00,4806,4897.804793319477,HIGH
2017-12-16 13:00:00,4743,4685.917199090927,HIGH
2017-12-16 13:00:00,4743,4685.917199090927,HIGH
2017-12-16 14:00:00,4893,4783.191003253572,HIGH
2017-12-16 15:00:00,5448,5276.422234590526,HIGH
2017-12-16 16:00:00,6122,4982.55604614783,HIGH
2017-12-16 16:00:00,6122,4982.55604614783,HIGH
2017-12-16 17:00:00,5088,4296.119580586081,MEDIUM
2017-12-16 18:00:00,4600,3493.939764116926,MEDIUM
2017-12-16 19:00:00,3512,3010.9128487140447,MEDIUM
2017-12-16 20:00:00,3143,3089.3095586411546,MEDIUM
2017-12-16 21:00:00,3003,2798.6856653557256,MEDIUM
2017-12-16 22:00:00,3020,2380.945112574532,MEDIUM
2017-12-16 23:00:00,2166,1309.835054617779,LOW
2017-12-17 00:00:00,1230,791.8818791452119,LOW
2017-12-17 01:00:00,759,568.8317265305119,LOW
2017-12-17 02:00:00,557,373.861127181743,LOW
2017-12-17 03:00:00,391,596.9701666666666,LOW
2017-12-17 04:00:00,320,490.36520367284254,LOW
2017-12-17 05:00:00,501,752.9424273565833,LOW
2017-12-17 06:00:00,931,1490.645826268861,LOW
2017-12-17 07:00:00,1283,1761.5526435787092,LOW
2017-12-17 08:00:00,1994,2692.4555024015617,MEDIUM
2017-12-17 08:00:00,1994,2692.4555024015617,MEDIUM
2017-12-17 09:00:00,3246,3855.6178961070127,MEDIUM
2017-12-17 09:00:00,3246,3855.6178961070127,MEDIUM
2017-12-17 09:00:00,3246,3855.6178961070127,MEDIUM
2017-12-17 10:00:00,4399,4757.745200971311,HIGH
2017-12-17 10:00:00,4399,4757.745200971311,HIGH
2017-12-17 10:00:00,4399,4757.745200971311,HIGH
2017-12-17 11:00:00,3996,4236.652723274604,MEDIUM
2017-12-17 11:00:00,3996,4236.652723274604,MEDIUM
2017-12-17 12:00:00,4084,4316.494965239266,MEDIUM
2017-12-17 13:00:00,3977,4182.522620677914,MEDIUM
2017-12-17 13:00:00,3977,4182.522620677914,MEDIUM
2017-12-17 14:00:00,4015,4087.310343696175,MEDIUM
2017-12-17 14:00:00,4015,4087.310343696175,MEDIUM
2017-12-17 15:00:00,4255,4227.921897780881,MEDIUM
2017-12-17 15:00:00,4255,4227.921897780881,MEDIUM
2017-12-17 15:00:00,4255,4227.921897780881,MEDIUM
2017-12-17 16:00:00,4493,4227.9924946005185,MEDIUM
2017-12-17 16:00:00,4493,4227.9924946005185,MEDIUM
2017-12-17 17:00:00,4183,3661.3507894534773,MEDIUM
2017-12-17 17:00:00,4183,3661.3507894534773,MEDIUM
2017-12-17 18:00:00,3558,2942.5447932273773,MEDIUM
2017-12-17 18:00:00,3558,2942.5447932273773,MEDIUM
2017-12-17 19:00:00,2892,2527.6005653899474,MEDIUM
2017-12-17 19:00:00,2892,2527.6005653899474,MEDIUM
2017-12-17 20:00:00,2486,2344.013679250178,MEDIUM
2017-12-17 20:00:00,2486,2344.013679250178,MEDIUM
2017-12-17 21:00:00,2061,1706.4710177201734,LOW
2017-12-17 21:00:00,2061,1706.4710177201734,LOW
2017-12-17 22:00:00,1692,1609.3436247665873,LOW
2017-12-17 22:00:00,1692,1609.3436247665873,LOW
2017-12-17 23:00:00,979,651.9985603231805,LOW
2017-12-17 23:00:00,979,651.9985603231805,LOW
2017-12-18 00:00:00,530,348.76272040851,LOW
2017-12-18 00:00:00,530,348.76272040851,LOW
2017-12-18 01:00:00,310,263.88153881978195,LOW
2017-12-18 01:00:00,310,263.88153881978195,LOW
2017-12-18 02:00:00,260,526.0589400011823,LOW
2017-12-18 02:00:00,260,526.0589400011823,LOW
2017-12-18 03:00:00,332,1015.7101136245105,LOW
2017-12-18 03:00:00,332,1015.7101136245105,LOW
2017-12-18 04:00:00,905,4049.278304511509,MEDIUM
2017-12-18 05:00:00,2852,5432.263027799736,HIGH
2017-12-18 06:00:00,5448,5762.821734976817,HIGH
2017-12-18 07:00:00,6198,5728.379712340662,HIGH
2017-12-18 08:00:00,5039,4741.142571108897,HIGH
2017-12-18 09:00:00,4901,4461.4836897868045,MEDIUM
2017-12-18 10:00:00,4496,4665.862119366629,HIGH
2017-12-18 10:00:00,4496,4665.862119366629,HIGH
2017-12-18 11:00:00,4542,4826.568334421416,HIGH
2017-12-18 12:00:00,4860,4957.349352713104,HIGH
2017-12-18 13:00:00,4802,5107.440902228514,HIGH
2017-12-18 14:00:00,5185,5502.0297694865885,HIGH
2017-12-18 15:00:00,5859,6207.397162981101,HIGH
2017-12-18 16:00:00,6502,5875.568603324251,HIGH
2017-12-18 17:00:00,6009,4206.558862266525,MEDIUM
2017-12-18 18:00:00,4434,3374.8930152974062,MEDIUM
2017-12-18 19:00:00,3065,2471.301224331089,MEDIUM
2017-12-18 20:00:00,2397,2096.195502589157,LOW
2017-12-18 21:00:00,2125,1645.7515951381386,LOW
2017-12-18 22:00:00,1560,981.8792714336003,LOW
2017-12-18 23:00:00,1062,627.0096994502042,LOW
2017-12-19 00:00:00,591,373.1623247202572,LOW
2017-12-19 01:00:00,371,298.5085041370093,LOW
2017-12-19 02:00:00,278,417.57875131417904,LOW
2017-12-19 03:00:00,359,1039.2044840572175,LOW
2017-12-19 04:00:00,869,3311.385767870735,MEDIUM
2017-12-19 05:00:00,2977,5676.038325452326,HIGH
2017-12-19 06:00:00,5784,6106.347012163954,HIGH
2017-12-19 07:00:00,6291,5751.782145013106,HIGH
2017-12-19 08:00:00,5791,5099.336705670367,HIGH
2017-12-19 09:00:00,5121,4589.820245239692,HIGH
2017-12-19 10:00:00,4727,4949.46027448057,HIGH
2017-12-19 11:00:00,4976,5117.581587169077,HIGH
2017-12-19 12:00:00,5123,5119.198636619546,HIGH
2017-12-19 13:00:00,4997,5291.948300792288,HIGH
2017-12-19 14:00:00,5385,5947.427012094775,HIGH
2017-12-19 15:00:00,5847,6353.150992883686,HIGH
2017-12-19 16:00:00,6677,5978.771926537294,HIGH
2017-12-19 17:00:00,5962,4241.160614914627,MEDIUM
2017-12-19 18:00:00,4381,3222.4509081060287,MEDIUM
2017-12-19 19:00:00,3323,2797.5437037351644,MEDIUM
2017-12-19 20:00:00,2794,2803.788448550747,MEDIUM
2017-12-19 21:00:00,2461,1894.380884628245,LOW
2017-12-19 22:00:00,1911,1189.8259866175056,LOW
2017-12-19 23:00:00,1146,595.270742230766,LOW
2017-12-20 00:00:00,635,402.45492626201667,LOW
2017-12-20 01:00:00,418,342.0381099867636,LOW
2017-12-20 02:00:00,306,480.8902752730309,LOW
2017-12-20 03:00:00,379,1050.4915896000616,LOW
2017-12-20 04:00:00,905,2409.280444430532,MEDIUM
2017-12-20 05:00:00,2952,5865.2307370129865,HIGH
2017-12-20 06:00:00,5834,6561.860409680417,HIGH
2017-12-20 07:00:00,6546,5736.317181222376,HIGH
2017-12-20 08:00:00,5694,5091.77653512715,HIGH
2017-12-20 09:00:00,5372,4870.15434731421,HIGH
2017-12-20 10:00:00,4902,5207.239683194296,HIGH
2017-12-20 11:00:00,5092,5203.537409448224,HIGH
2017-12-20 12:00:00,5090,5133.745528606337,HIGH
2017-12-20 13:00:00,4769,5132.98915796156,HIGH
2017-12-20 14:00:00,5026,5467.864381068323,HIGH
2017-12-20 14:00:00,5026,5467.864381068323,HIGH
2017-12-20 15:00:00,5549,5970.994390602045,HIGH
2017-12-20 15:00:00,5549,5970.994390602045,HIGH
2017-12-20 15:00:00,5549,5970.994390602045,HIGH
2017-12-20 16:00:00,6372,5653.18913727778,HIGH
2017-12-20 17:00:00,5634,4205.276742424242,MEDIUM
2017-12-20 18:00:00,4366,3287.5600780072286,MEDIUM
2017-12-20 19:00:00,3259,2829.0293528637076,MEDIUM
2017-12-20 20:00:00,2648,2257.801560519485,MEDIUM
2017-12-20 21:00:00,2533,1986.1332052982043,LOW
2017-12-20 22:00:00,1915,1169.894039904918,LOW
2017-12-20 23:00:00,1204,737.5257603481382,LOW
2017-12-21 00:00:00,621,422.55956342529777,LOW
2017-12-21 01:00:00,393,313.3145432231869,LOW
2017-12-21 02:00:00,281,406.472624223146,LOW
2017-12-21 03:00:00,382,796.4730729891039,LOW
2017-12-21 04:00:00,901,2758.9551918191664,MEDIUM
2017-12-21 05:00:00,2863,5619.569351563692,HIGH
2017-12-21 06:00:00,5512,6249.849384622826,HIGH
2017-12-21 07:00:00,5878,5437.840356109114,HIGH
2017-12-21 08:00:00,5310,5017.129770406901,HIGH
2017-12-21 09:00:00,4975,4687.195896527959,HIGH
2017-12-21 10:00:00,4792,4997.436100566326,HIGH
2017-12-21 11:00:00,4936,5100.330058787185,HIGH
2017-12-21 12:00:00,5140,5325.127905744162,HIGH
2017-12-21 13:00:00,5137,5335.429956310722,HIGH
2017-12-21 14:00:00,5493,5989.739219827162,HIGH
2017-12-21 15:00:00,5903,6293.187666907186,HIGH
2017-12-21 16:00:00,6551,5925.911101156704,HIGH
2017-12-21 17:00:00,5926,4539.034731112557,MEDIUM
2017-12-21 18:00:00,4535,3393.2060235059603,MEDIUM
2017-12-21 19:00:00,3242,2830.199642039286,MEDIUM
2017-12-21 20:00:00,2884,2712.4388778554626,MEDIUM
2017-12-21 21:00:00,2773,1932.4952082262491,LOW
2017-12-21 22:00:00,2294,1693.1604537582496,LOW
2017-12-21 23:00:00,1450,817.7669929585612,LOW
2017-12-22 00:00:00,771,467.59019143431556,LOW
2017-12-22 01:00:00,474,390.6638517988039,LOW
2017-12-22 02:00:00,329,388.29760529452915,LOW
2017-12-22 03:00:00,382,1002.6940857482264,LOW
2017-12-22 04:00:00,767,2312.2888485125427,MEDIUM
2017-12-22 05:00:00,2429,4319.0639653679655,MEDIUM
2017-12-22 06:00:00,4378,4461.825882646775,MEDIUM
2017-12-22 07:00:00,4955,4688.317276788603,HIGH
2017-12-22 08:00:00,4509,4514.92885250251,MEDIUM
2017-12-22 09:00:00,4515,4463.768423509213,MEDIUM
2017-12-22 10:00:00,4593,4815.346585079096,HIGH
2017-12-22 11:00:00,5139,5520.694292793677,HIGH
2017-12-22 12:00:00,5447,5547.202770133392,HIGH
2017-12-22 13:00:00,5349,4508.373865551835,MEDIUM
2017-12-22 14:00:00,5581,5988.6448543794895,HIGH
2017-12-22 15:00:00,5510,5963.165034546019,HIGH
2017-12-22 16:00:00,5346,4333.814333333333,MEDIUM
2017-12-22 17:00:00,4871,4347.990581062386,MEDIUM
2017-12-22 18:00:00,4105,3318.655807466706,MEDIUM
2017-12-22 19:00:00,3464,3002.7557232789754,MEDIUM
2017-12-22 20:00:00,2972,2893.1628522051697,MEDIUM
2017-12-22 21:00:00,3096,2633.2682708061,MEDIUM
2017-12-22 22:00:00,2584,2077.299516972244,LOW
2017-12-22 23:00:00,1779,1246.4636795198633,LOW
2017-12-23 00:00:00,1141,778.3930590032382,LOW
2017-12-23 01:00:00,698,558.0292804013682,LOW
2017-12-23 03:00:00,391,559.9029761904762,LOW
2017-12-23 04:00:00,359,532.4074743589745,LOW
2017-12-23 05:00:00,596,1041.172198499368,LOW
2017-12-23 06:00:00,1016,1443.767737258496,LOW
2017-12-23 07:00:00,1390,2160.534162522167,MEDIUM
2017-12-23 08:00:00,2008,2981.500062441532,MEDIUM
2017-12-23 09:00:00,2819,3619.1770997343538,MEDIUM
2017-12-23 10:00:00,3375,3897.9256319640685,MEDIUM
2017-12-23 11:00:00,4002,4277.823965866073,MEDIUM
2017-12-23 12:00:00,4175,4264.588722625264,MEDIUM
2017-12-23 13:00:00,4475,4546.189700338711,HIGH
2017-12-23 14:00:00,4305,4356.8026632735355,MEDIUM
2017-12-23 15:00:00,4107,4203.210197863495,MEDIUM
2017-12-23 16:00:00,4144,3844.3060296096082,MEDIUM
2017-12-23 17:00:00,3994,3524.3595348200306,MEDIUM
2017-12-23 18:00:00,3532,3044.6440855155633,MEDIUM
2017-12-23 19:00:00,2949,2649.9074993430895,MEDIUM
2017-12-23 20:00:00,2420,2291.775791073575,MEDIUM
2017-12-23 21:00:00,2449,2453.81489446394,MEDIUM
2017-12-23 22:00:00,2372,1850.8921379321778,LOW
2017-12-23 23:00:00,1840,1314.6757000171308,LOW
2017-12-24 00:00:00,1147,799.971578556784,LOW
2017-12-24 01:00:00,963,791.4233787435415,LOW
2017-12-24 02:00:00,861,573.3845028011204,LOW
2017-12-24 03:00:00,374,317.9447314814815,LOW
2017-12-24 04:00:00,303,529.3581970013738,LOW
2017-12-24 05:00:00,529,931.840425501472,LOW
2017-12-24 06:00:00,839,1093.6574163394719,LOW
2017-12-24 07:00:00,964,1202.1220153910645,LOW
2017-12-24 08:00:00,1477,1969.7852069396456,LOW
2017-12-24 09:00:00,2250,2594.4356866315043,MEDIUM
2017-12-24 10:00:00,2929,3237.1562193984632,MEDIUM
2017-12-24 11:00:00,3200,3543.934918161431,MEDIUM
2017-12-24 12:00:00,3698,3845.624221698098,MEDIUM
2017-12-24 13:00:00,3400,3436.5288307076758,MEDIUM
2017-12-24 13:00:00,3400,3436.5288307076758,MEDIUM
2017-12-24 14:00:00,3694,3844.7209662280193,MEDIUM
2017-12-24 14:00:00,3694,3844.7209662280193,MEDIUM
2017-12-24 15:00:00,3851,3984.771606802496,MEDIUM
2017-12-24 16:00:00,3529,3354.897016793244,MEDIUM
2017-12-24 17:00:00,3196,2861.7025066183814,MEDIUM
2017-12-24 18:00:00,2549,2453.4952819916493,MEDIUM
2017-12-24 19:00:00,2339,2066.393483149777,LOW
2017-12-24 20:00:00,2460,2299.240716309051,MEDIUM
2017-12-24 21:00:00,2576,2014.9384864628125,LOW
2017-12-24 21:00:00,2576,2014.9384864628125,LOW
2017-12-24 22:00:00,2300,1597.9618003907165,LOW
2017-12-24 23:00:00,1565,1114.815086931509,LOW
2017-12-25 00:00:00,1092,461.0168281573499,LOW
2017-12-25 01:00:00,666,478.3543723844616,LOW
2017-12-25 02:00:00,487,502.7296545027603,LOW
2017-12-25 03:00:00,349,721.2466486134798,LOW
2017-12-25 04:00:00,339,636.6709341991343,LOW
2017-12-25 05:00:00,520,1109.0915797926143,LOW
2017-12-25 06:00:00,798,1014.8085413188503,LOW
2017-12-25 06:00:00,798,1014.8085413188503,LOW
2017-12-25 07:00:00,942,1130.1189602210452,LOW
2017-12-25 07:00:00,942,1130.1189602210452,LOW
2017-12-25 08:00:00,1260,2302.61669531813,MEDIUM
2017-12-25 08:00:00,1260,2302.61669531813,MEDIUM
2017-12-25 09:00:00,1760,2256.005462532243,MEDIUM
2017-12-25 10:00:00,2292,2623.4020355527846,MEDIUM
2017-12-25 11:00:00,2653,2913.1898718409966,MEDIUM
2017-12-25 12:00:00,2957,3210.294891609535,MEDIUM
2017-12-25 13:00:00,2983,3092.88625003183,MEDIUM
2017-12-25 14:00:00,2850,2880.2774565530876,MEDIUM
2017-12-25 15:00:00,2732,2708.760041791542,MEDIUM
2017-12-25 16:00:00,3045,2677.7809230769235,MEDIUM
2017-12-25 17:00:00,3134,2515.9681666666665,MEDIUM
2017-12-25 18:00:00,3172,2615.1473363387613,MEDIUM
2017-12-25 19:00:00,3100,2576.6420692716356,MEDIUM
2017-12-25 20:00:00,2875,2229.467206022425,MEDIUM
2017-12-25 21:00:00,2404,1672.5386939294567,LOW
2017-12-25 22:00:00,1798,1433.5447389812234,LOW
2017-12-25 23:00:00,1147,599.9113487468428,LOW
2017-12-26 00:00:00,539,337.9796650539293,LOW
2017-12-26 01:00:00,326,270.5933411906489,LOW
2017-12-26 02:00:00,213,2346.997643224199,MEDIUM
2017-12-26 03:00:00,261,487.74854506604504,LOW
2017-12-26 04:00:00,507,1186.1436736596738,LOW
2017-12-26 05:00:00,1761,2868.9034840149307,MEDIUM
2017-12-26 06:00:00,3029,3425.846811177598,MEDIUM
2017-12-26 07:00:00,3203,3471.3271704545455,MEDIUM
2017-12-26 08:00:00,2982,3352.5753722974328,MEDIUM
2017-12-26 09:00:00,3013,3508.7626446156396,MEDIUM
2017-12-26 10:00:00,3396,3797.659949867999,MEDIUM
2017-12-26 11:00:00,3983,4203.644016391048,MEDIUM
2017-12-26 12:00:00,4197,4388.845696921846,MEDIUM
2017-12-26 13:00:00,4487,4918.820393637789,HIGH
2017-12-26 14:00:00,4828,5154.12588381333,HIGH
2017-12-26 15:00:00,5172,5574.152514460567,HIGH
2017-12-26 16:00:00,5282,4518.27825,MEDIUM
2017-12-26 17:00:00,4561,3395.885333333333,MEDIUM
2017-12-26 18:00:00,3598,2555.541650793651,MEDIUM
2017-12-26 19:00:00,2846,2495.8851702923707,MEDIUM
2017-12-26 20:00:00,2369,2062.4343101968443,LOW
2017-12-26 21:00:00,2031,1468.36628200073,LOW
2017-12-26 22:00:00,1882,1397.899182519218,LOW
2017-12-26 23:00:00,1065,588.9976553975624,LOW
2017-12-27 00:00:00,586,371.93658515700025,LOW
2017-12-27 01:00:00,378,303.2114461883091,LOW
2017-12-27 02:00:00,272,445.55778907184185,LOW
2017-12-27 03:00:00,330,1260.5909457717678,LOW
2017-12-27 04:00:00,712,2452.8467607273415,MEDIUM
2017-12-27 05:00:00,2287,4561.578545454546,HIGH
2017-12-27 06:00:00,4250,4316.8198962875595,MEDIUM
2017-12-27 07:00:00,4453,4784.195685767131,HIGH
2017-12-27 08:00:00,4124,4404.200656617425,MEDIUM
2017-12-27 09:00:00,3950,3874.1908849762926,MEDIUM
2017-12-27 10:00:00,3858,4104.425504622111,MEDIUM
2017-12-27 11:00:00,4401,4592.797078405032,HIGH
2017-12-27 12:00:00,4752,4826.884567741025,HIGH
2017-12-27 13:00:00,4836,5160.378822967433,HIGH
2017-12-27 14:00:00,5250,5615.491457250918,HIGH
2017-12-27 15:00:00,5398,6047.0146459871985,HIGH
2017-12-27 16:00:00,5997,5487.158676012738,HIGH
2017-12-27 17:00:00,5397,3884.756857142857,MEDIUM
2017-12-27 18:00:00,4295,3037.9909017553173,MEDIUM
2017-12-27 19:00:00,2941,2588.8083741418177,MEDIUM
2017-12-27 20:00:00,2482,2383.438979434057,MEDIUM
2017-12-27 21:00:00,2971,3287.1275,MEDIUM
2017-12-27 22:00:00,3074,1689.1246666666668,LOW
2017-12-27 23:00:00,1310,676.7961859479291,LOW
2017-12-28 00:00:00,732,467.70595719448056,LOW
2017-12-28 01:00:00,412,314.94572928103537,LOW
2017-12-28 02:00:00,288,384.7857847861314,LOW
2017-12-28 03:00:00,373,831.4629070834238,LOW
2017-12-28 03:00:00,373,831.4629070834238,LOW
2017-12-28 04:00:00,743,2041.2383277682827,LOW
2017-12-28 04:00:00,743,2041.2383277682827,LOW
2017-12-28 05:00:00,2217,4304.12262987013,MEDIUM
2017-12-28 05:00:00,2217,4304.12262987013,MEDIUM
2017-12-28 05:00:00,2217,4304.12262987013,MEDIUM
2017-12-28 06:00:00,3997,4375.852978549228,MEDIUM
2017-12-28 06:00:00,3997,4375.852978549228,MEDIUM
2017-12-28 06:00:00,3997,4375.852978549228,MEDIUM
2017-12-28 07:00:00,3699,3709.1540613752395,MEDIUM
2017-12-28 07:00:00,3699,3709.1540613752395,MEDIUM
2017-12-28 07:00:00,3699,3709.1540613752395,MEDIUM
2017-12-28 08:00:00,2745,3268.5762395751954,MEDIUM
2017-12-28 08:00:00,2745,3268.5762395751954,MEDIUM
2017-12-28 09:00:00,3529,3661.600534872646,MEDIUM
2017-12-28 09:00:00,3529,3661.600534872646,MEDIUM
2017-12-28 09:00:00,3529,3661.600534872646,MEDIUM
2017-12-28 10:00:00,3562,3772.15423871568,MEDIUM
2017-12-28 10:00:00,3562,3772.15423871568,MEDIUM
2017-12-28 10:00:00,3562,3772.15423871568,MEDIUM
2017-12-28 11:00:00,3433,3758.2873995023187,MEDIUM
2017-12-28 11:00:00,3433,3758.2873995023187,MEDIUM
2017-12-28 11:00:00,3433,3758.2873995023187,MEDIUM
2017-12-28 12:00:00,3994,4073.8852529473197,MEDIUM
2017-12-28 12:00:00,3994,4073.8852529473197,MEDIUM
2017-12-28 13:00:00,3931,4142.186477402459,MEDIUM
2017-12-28 13:00:00,3931,4142.186477402459,MEDIUM
2017-12-28 14:00:00,4308,4625.76211243489,HIGH
2017-12-28 14:00:00,4308,4625.76211243489,HIGH
2017-12-28 15:00:00,4515,4418.4799076720365,MEDIUM
2017-12-28 15:00:00,4515,4418.4799076720365,MEDIUM
2017-12-28 16:00:00,5141,4207.921678571429,MEDIUM
2017-12-28 16:00:00,5141,4207.921678571429,MEDIUM
2017-12-28 17:00:00,4520,3441.9547671957675,MEDIUM
2017-12-28 17:00:00,4520,3441.9547671957675,MEDIUM
2017-12-28 18:00:00,3764,2986.7714451111424,MEDIUM
2017-12-28 19:00:00,2849,2589.7498411310908,MEDIUM
2017-12-28 20:00:00,2299,2219.4408796446446,MEDIUM
2017-12-28 21:00:00,2180,1988.0724704991237,LOW
2017-12-28 22:00:00,1916,1247.4674270996857,LOW
2017-12-28 22:00:00,1916,1247.4674270996857,LOW
2017-12-28 23:00:00,1177,699.671166259432,LOW
2017-12-29 00:00:00,741,528.8311773516033,LOW
2017-12-29 01:00:00,437,363.7196041033813,LOW
2017-12-29 02:00:00,358,437.90598307096224,LOW
2017-12-29 03:00:00,383,1180.1203643150043,LOW
2017-12-29 04:00:00,694,2684.605073091636,MEDIUM
2017-12-29 05:00:00,2207,4229.344069264069,MEDIUM
2017-12-29 06:00:00,3875,4094.6648478810002,MEDIUM
2017-12-29 07:00:00,4148,4186.768389796397,MEDIUM
2017-12-29 08:00:00,3897,3982.8520211747036,MEDIUM
2017-12-29 09:00:00,3845,3823.5202633837775,MEDIUM
2017-12-29 10:00:00,4109,4447.51468960667,MEDIUM
2017-12-29 11:00:00,4345,4585.604529161861,HIGH
2017-12-29 12:00:00,4496,4718.91948581659,HIGH
2017-12-29 13:00:00,4474,4828.509851709572,HIGH
2017-12-29 14:00:00,4750,5085.382692327745,HIGH
2017-12-29 14:00:00,4750,5085.382692327745,HIGH
2017-12-29 15:00:00,4767,4692.252359115386,HIGH
2017-12-29 15:00:00,4767,4692.252359115386,HIGH
2017-12-29 16:00:00,4859,4080.9751428571426,MEDIUM
2017-12-29 16:00:00,4859,4080.9751428571426,MEDIUM
2017-12-29 17:00:00,4564,3597.723611111111,MEDIUM
2017-12-29 17:00:00,4564,3597.723611111111,MEDIUM
2017-12-29 18:00:00,3929,3110.4090717775357,MEDIUM
2017-12-29 18:00:00,3929,3110.4090717775357,MEDIUM
2017-12-29 19:00:00,3016,2653.2544832224826,MEDIUM
2017-12-29 20:00:00,2470,2554.7634884102263,MEDIUM
2017-12-29 21:00:00,2554,2523.0863316315904,MEDIUM
2017-12-29 22:00:00,3725,2251.866666666667,MEDIUM
2017-12-29 23:00:00,1684,1077.3724733194936,LOW
2017-12-30 00:00:00,1092,678.1234134707862,LOW
2017-12-30 01:00:00,666,512.036259431572,LOW
2017-12-30 02:00:00,487,391.27150154949123,LOW
2017-12-30 03:00:00,349,376.3035873015873,LOW
2017-12-30 04:00:00,339,653.4285823472824,LOW
2017-12-30 05:00:00,601,1025.9645824643192,LOW
2017-12-30 06:00:00,1006,1429.5010747090887,LOW
2017-12-30 07:00:00,1216,2218.516875112272,MEDIUM
2017-12-30 08:00:00,1681,2430.230967772354,MEDIUM
2017-12-30 09:00:00,2412,3059.8007690866866,MEDIUM
2017-12-30 10:00:00,3188,3613.0671488765715,MEDIUM
2017-12-30 11:00:00,3716,4015.29006966998,MEDIUM
2017-12-30 12:00:00,4160,4277.630641689796,MEDIUM
2017-12-30 13:00:00,4197,4322.505522728572,MEDIUM
2017-12-30 14:00:00,4003,4047.0716352420172,MEDIUM
2017-12-30 15:00:00,3831,3849.2706912015747,MEDIUM
2017-12-30 16:00:00,4288,3880.1961474519635,MEDIUM
2017-12-30 17:00:00,4376,3934.189418066837,MEDIUM
2017-12-30 18:00:00,4514,3306.3956111917155,MEDIUM
2017-12-30 19:00:00,3380,2694.8240287453136,MEDIUM
2017-12-30 20:00:00,2597,2686.3433150845317,MEDIUM
2017-12-30 21:00:00,2271,2296.8962691377237,MEDIUM
2017-12-30 22:00:00,2352,1731.7080082318132,LOW
2017-12-30 23:00:00,2680,1412.8383333333334,LOW
2017-12-31 00:00:00,1000,681.804416793426,LOW
2017-12-31 01:00:00,711,553.6449538005585,LOW
2017-12-31 02:00:00,519,337.6583128868614,LOW
2017-12-31 03:00:00,303,283.8928571428571,LOW
2017-12-31 04:00:00,285,486.48490742729535,LOW
2017-12-31 05:00:00,457,784.6634902418238,LOW
2017-12-31 06:00:00,808,1263.3237784013324,LOW
2017-12-31 07:00:00,959,1656.9310281385283,LOW
2017-12-31 08:00:00,1319,2331.118622251696,MEDIUM
2017-12-31 09:00:00,2384,3078.1989979305044,MEDIUM
2017-12-31 10:00:00,3504,3647.3975222189842,MEDIUM
2017-12-31 11:00:00,3404,3555.008879022377,MEDIUM
2017-12-31 12:00:00,3438,3524.739699772259,MEDIUM
2017-12-31 13:00:00,3212,3424.5399489149295,MEDIUM
2017-12-31 14:00:00,3410,3599.2748386611474,MEDIUM
2017-12-31 15:00:00,3635,3615.1244964853013,MEDIUM
2017-12-31 16:00:00,3802,3393.8832222222222,MEDIUM
2017-12-31 17:00:00,3513,2966.2013528138527,MEDIUM
2017-12-31 18:00:00,3350,2677.4678401892224,MEDIUM
2017-12-31 19:00:00,2995,2321.3169715099716,MEDIUM
2017-12-31 20:00:00,2731,2121.773407407408,LOW
2017-12-31 21:00:00,2483,2636.6116533994204,MEDIUM
2017-12-31 22:00:00,2041,961.2442536412567,LOW
2017-12-31 23:00:00,1580,1266.3065917342394,LOW
2018-01-01 00:00:00,1478,754.4550000000002,LOW
2018-01-01 01:00:00,1408,726.6130222222222,LOW
2018-01-01 02:00:00,931,526.5366666666666,LOW
2018-01-01 03:00:00,585,1162.5249098290533,LOW
2018-01-01 04:00:00,381,703.3453063286843,LOW
2018-01-01 05:00:00,434,867.9996375167457,LOW
2018-01-01 06:00:00,686,946.7076666666668,LOW
2018-01-01 07:00:00,677,965.3276666666668,LOW
2018-01-01 08:00:00,811,1132.2426666666665,LOW
2018-01-01 09:00:00,1122,1583.711314659197,LOW
2018-01-01 10:00:00,1738,2146.233785515485,LOW
2018-01-01 11:00:00,2421,2596.669232732062,MEDIUM
2018-01-01 12:00:00,2908,3139.264908388251,MEDIUM
2018-01-01 13:00:00,2985,3199.7015273918973,MEDIUM
2018-01-01 14:00:00,3214,3441.9996900489855,MEDIUM
2018-01-01 15:00:00,3410,3418.6595848595844,MEDIUM
2018-01-01 16:00:00,3290,2758.7152777777783,MEDIUM
2018-01-01 17:00:00,3079,2663.46050877193,MEDIUM
2018-01-01 18:00:00,2891,2207.4061981266814,MEDIUM
2018-01-01 19:00:00,2199,1891.574598452893,LOW
2018-01-01 20:00:00,1738,1610.7439331947833,LOW
2018-01-01 21:00:00,1555,1322.506121034373,LOW
2018-01-01 22:00:00,1213,817.7209798534798,LOW
2018-01-01 23:00:00,830,444.84243228112973,LOW
2018-01-02 00:00:00,477,306.9258402682755,LOW
2018-01-02 01:00:00,279,230.25045045929713,LOW
2018-01-02 02:00:00,205,300.54358394913424,LOW
2018-01-02 03:00:00,299,689.1623423666683,LOW
2018-01-02 04:00:00,729,2520.5389058287196,MEDIUM
2018-01-02 05:00:00,2544,5332.634584043066,HIGH
2018-01-02 06:00:00,4801,5261.940515873017,HIGH
2018-01-02 07:00:00,5696,5212.184988707102,HIGH
2018-01-02 08:00:00,4901,4562.612974067147,HIGH
2018-01-02 09:00:00,4189,4024.9861856181815,MEDIUM
2018-01-02 10:00:00,4065,4269.2439802776735,MEDIUM
2018-01-02 11:00:00,4172,4247.858610958964,MEDIUM
2018-01-02 12:00:00,4448,4580.3948704159575,HIGH
2018-01-02 13:00:00,4537,4806.940518039338,HIGH
2018-01-02 14:00:00,4698,5086.46133430227,HIGH
2018-01-02 15:00:00,5232,5919.434273489553,HIGH
2018-01-02 16:00:00,5618,5262.068210545531,HIGH
2018-01-02 16:00:00,5618,5262.068210545531,HIGH
2018-01-02 17:00:00,5178,3935.7438809523806,MEDIUM
2018-01-02 17:00:00,5178,3935.7438809523806,MEDIUM
2018-01-02 18:00:00,3625,2560.2168385176205,MEDIUM
2018-01-02 18:00:00,3625,2560.2168385176205,MEDIUM
2018-01-02 19:00:00,2669,2225.6905931635965,MEDIUM
2018-01-02 19:00:00,2669,2225.6905931635965,MEDIUM
2018-01-02 20:00:00,2056,1900.0427108965814,LOW
2018-01-02 21:00:00,2834,2730.6278435292775,MEDIUM
2018-01-02 22:00:00,2785,1578.0728803258141,LOW
2018-01-02 23:00:00,1118,679.0775593451808,LOW
2018-01-03 00:00:00,599,415.2021807117859,LOW
2018-01-03 01:00:00,353,317.7335851938067,LOW
2018-01-03 01:00:00,353,317.7335851938067,LOW
2018-01-03 02:00:00,283,447.0859516414037,LOW
2018-01-03 03:00:00,358,736.0569613791026,LOW
2018-01-03 04:00:00,811,2713.296233174414,MEDIUM
2018-01-03 05:00:00,2739,5647.070114933208,HIGH
2018-01-03 06:00:00,5225,5937.436973141594,HIGH
2018-01-03 07:00:00,6017,5633.295561523515,HIGH
2018-01-03 08:00:00,5398,4944.758636199638,HIGH
2018-01-03 09:00:00,5142,4406.988267079938,MEDIUM
2018-01-03 10:00:00,4092,4351.9885909870445,MEDIUM
2018-01-03 11:00:00,4328,4509.840636167339,MEDIUM
2018-01-03 12:00:00,4600,4780.706166056592,HIGH
2018-01-03 13:00:00,4591,4916.905622750935,HIGH
2018-01-03 14:00:00,4983,5489.689830035857,HIGH
2018-01-03 15:00:00,5589,6333.206939123711,HIGH
2018-01-03 16:00:00,6317,5926.89407152503,HIGH
2018-01-03 17:00:00,5951,4152.2352619047615,MEDIUM
2018-01-03 18:00:00,4350,3023.6075551330014,MEDIUM
2018-01-03 19:00:00,3144,2686.0532691235735,MEDIUM
2018-01-03 20:00:00,2319,2095.0721200995245,LOW
2018-01-03 21:00:00,2105,1563.5248290858126,LOW
2018-01-03 22:00:00,1517,971.5541325563418,LOW
2018-01-03 23:00:00,991,479.9474539112018,LOW
2018-01-04 00:00:00,529,333.8270575028978,LOW
2018-01-04 01:00:00,343,276.9497079022295,LOW
2018-01-04 02:00:00,247,436.47240684849913,LOW
2018-01-04 03:00:00,325,793.8279730840535,LOW
2018-01-04 04:00:00,827,3141.7029491617054,MEDIUM
2018-01-04 05:00:00,2757,5763.134756248498,HIGH
2018-01-04 06:00:00,5323,6017.557704516226,HIGH
2018-01-04 07:00:00,6420,5686.7560622055635,HIGH
2018-01-04 08:00:00,4478,4341.063490110976,MEDIUM
2018-01-04 09:00:00,4885,4435.45876522498,MEDIUM
2018-01-04 10:00:00,4259,4564.888673387131,HIGH
2018-01-04 11:00:00,4446,4744.880465295154,HIGH
2018-01-04 12:00:00,4738,4826.791008680588,HIGH
2018-01-04 13:00:00,4656,5076.950487498546,HIGH
2018-01-04 14:00:00,5094,5689.112852064135,HIGH
2018-01-04 15:00:00,5442,6097.478279942009,HIGH
2018-01-04 16:00:00,6450,5992.188971706835,HIGH
2018-01-04 17:00:00,5993,4149.76504112554,MEDIUM
2018-01-04 18:00:00,4377,3119.010067414611,MEDIUM
2018-01-04 19:00:00,3071,2724.879410816041,MEDIUM
2018-01-04 20:00:00,2646,2530.257854985579,MEDIUM
2018-01-04 21:00:00,3933,2261.293101076555,MEDIUM
2018-01-04 22:00:00,2422,1526.4447724215602,LOW
2018-01-04 23:00:00,1185,608.9524838860796,LOW
2018-01-05 00:00:00,630,407.7042968242324,LOW
2018-01-05 01:00:00,379,311.9010177144923,LOW
2018-01-05 02:00:00,301,364.35323126796555,LOW
2018-01-05 03:00:00,335,788.1062712769517,LOW
2018-01-05 04:00:00,813,2920.552490470792,MEDIUM
2018-01-05 05:00:00,2629,5071.511280931209,HIGH
2018-01-05 06:00:00,5002,5499.887271666242,HIGH
2018-01-05 07:00:00,5906,5400.5496118579,HIGH
2018-01-05 08:00:00,4742,4501.889294174284,MEDIUM
2018-01-05 09:00:00,4704,4405.87403708289,MEDIUM
2018-01-05 10:00:00,4279,4611.619421133816,HIGH
2018-01-05 11:00:00,4566,4832.898699366611,HIGH
2018-01-05 12:00:00,4989,4967.256046699771,HIGH
2018-01-05 13:00:00,4968,5277.423953234182,HIGH
2018-01-05 14:00:00,5315,5750.227260304169,HIGH
2018-01-05 15:00:00,5867,6203.1782229259925,HIGH
2018-01-05 16:00:00,6504,5918.30200413467,HIGH
2018-01-05 17:00:00,6185,4322.933999999999,MEDIUM
2018-01-05 18:00:00,4611,3377.8759411441274,MEDIUM
2018-01-05 19:00:00,3652,2731.531699529229,MEDIUM
2018-01-05 20:00:00,2880,3032.2277843383886,MEDIUM
2018-01-05 21:00:00,2815,2835.163337893352,MEDIUM
2018-01-05 22:00:00,2978,1806.1563538011699,LOW
2018-01-05 23:00:00,1805,1156.3692575201055,LOW
2018-01-06 00:00:00,1003,638.4884701203534,LOW
2018-01-06 01:00:00,673,568.0052226796302,LOW
2018-01-06 02:00:00,483,466.79992777877874,LOW
2018-01-06 03:00:00,319,326.00804329004336,LOW
2018-01-06 04:00:00,383,688.1281015295847,LOW
2018-01-06 05:00:00,694,1228.599786549708,LOW
2018-01-06 06:00:00,1129,1607.5219324604059,LOW
2018-01-06 07:00:00,1728,2537.4293127745696,MEDIUM
2018-01-06 08:00:00,2487,3177.9711683072883,MEDIUM
2018-01-06 09:00:00,3046,3632.993906680896,MEDIUM
2018-01-06 10:00:00,3593,4080.9298177661917,MEDIUM
2018-01-06 11:00:00,4092,4421.257456722307,MEDIUM
2018-01-06 12:00:00,4506,4530.468700286771,MEDIUM
2018-01-06 13:00:00,4501,4564.548796178106,HIGH
2018-01-06 14:00:00,4857,4822.474702689425,HIGH
2018-01-06 15:00:00,4519,4546.098911166379,HIGH
2018-01-06 16:00:00,4486,4323.177144457454,MEDIUM
2018-01-06 17:00:00,4536,3893.5059983792466,MEDIUM
2018-01-06 18:00:00,3801,2971.6254624518056,MEDIUM
2018-01-06 19:00:00,3174,2691.1701265980837,MEDIUM
2018-01-06 20:00:00,2556,2716.265704439406,MEDIUM
2018-01-06 21:00:00,2463,2415.6428409470254,MEDIUM
2018-01-06 22:00:00,2801,2347.5878132657335,MEDIUM
2018-01-06 23:00:00,2089,1366.7962007161645,LOW
2018-01-07 00:00:00,1053,738.3605430554862,LOW
2018-01-07 01:00:00,648,573.8573519400089,LOW
2018-01-07 02:00:00,540,374.54208157984726,LOW
2018-01-07 03:00:00,313,263.1479175824176,LOW
2018-01-07 04:00:00,260,471.0725092017297,LOW
2018-01-07 05:00:00,442,734.5139129569238,LOW
2018-01-07 06:00:00,769,1187.8412083333333,LOW
2018-01-07 07:00:00,1024,1743.4781889533986,LOW
2018-01-07 08:00:00,1695,2423.3981974551907,MEDIUM
2018-01-07 09:00:00,2516,3400.483890622332,MEDIUM
2018-01-07 10:00:00,3256,3562.2095221646096,MEDIUM
2018-01-07 11:00:00,3670,4056.040346044401,MEDIUM
2018-01-07 12:00:00,4070,4210.170310858615,MEDIUM
2018-01-07 13:00:00,4065,4153.746167831554,MEDIUM
2018-01-07 14:00:00,4409,4444.59699108234,MEDIUM
2018-01-07 15:00:00,4082,4160.948409387298,MEDIUM
2018-01-07 16:00:00,4050,3481.146869456445,MEDIUM
2018-01-07 17:00:00,4099,3506.6739621926326,MEDIUM
2018-01-07 18:00:00,3388,2795.149945547962,MEDIUM
2018-01-07 19:00:00,2780,2446.2361693584185,MEDIUM
2018-01-07 20:00:00,2261,2154.473043735606,MEDIUM
2018-01-07 21:00:00,1800,1380.8612657507408,LOW
2018-01-07 22:00:00,1433,827.096193524562,LOW
2018-01-07 23:00:00,1073,648.8010688586598,LOW
2018-01-08 00:00:00,455,313.5306480294831,LOW
2018-01-08 01:00:00,289,343.93282743079976,LOW
2018-01-08 02:00:00,220,366.24272526980394,LOW
2018-01-08 03:00:00,361,1170.138301172121,LOW
2018-01-08 04:00:00,820,2876.4581702331348,MEDIUM
2018-01-08 05:00:00,2809,4839.382169197556,HIGH
2018-01-08 06:00:00,5189,5913.37849300279,HIGH
2018-01-08 07:00:00,6048,5607.516068758985,HIGH
2018-01-08 08:00:00,5751,4963.259669715349,HIGH
2018-01-08 09:00:00,4728,4195.284539734771,MEDIUM
2018-01-08 10:00:00,4138,4344.403723660705,MEDIUM
2018-01-08 11:00:00,4324,4458.885289753492,MEDIUM
2018-01-08 12:00:00,4512,4595.7520439394,HIGH
2018-01-08 13:00:00,4786,5284.3969351840005,HIGH
2018-01-08 14:00:00,4880,5366.228000090957,HIGH
2018-01-08 15:00:00,5406,6127.888585552959,HIGH
2018-01-08 16:00:00,6458,5955.342762014982,HIGH
2018-01-08 17:00:00,5732,4443.784157670772,MEDIUM
2018-01-08 18:00:00,4446,3081.9845094309753,MEDIUM
2018-01-08 19:00:00,2836,2422.15793561431,MEDIUM
2018-01-08 20:00:00,2416,2045.7675398198014,LOW
2018-01-08 21:00:00,2076,1506.6939183976524,LOW
2018-01-08 22:00:00,1481,915.2385549917785,LOW
2018-01-08 23:00:00,948,544.4791640640047,LOW
2018-01-09 00:00:00,560,353.25054114045304,LOW
2018-01-09 01:00:00,342,270.0350127211815,LOW
2018-01-09 02:00:00,239,364.4183084374612,LOW
2018-01-09 03:00:00,334,1079.9613764539313,LOW
2018-01-09 04:00:00,832,3024.8058770581456,MEDIUM
2018-01-09 05:00:00,2972,5274.52687922078,HIGH
2018-01-09 06:00:00,5674,6505.234748398931,HIGH
2018-01-09 07:00:00,6229,5651.247639011216,HIGH
2018-01-09 08:00:00,5965,5101.298859452773,HIGH
2018-01-09 09:00:00,5124,4556.234069563792,HIGH
2018-01-09 10:00:00,4348,4545.383672703302,HIGH
2018-01-09 11:00:00,4473,4677.185564595109,HIGH
2018-01-09 12:00:00,5034,5044.844546864895,HIGH
2018-01-09 13:00:00,4784,5269.890237782787,HIGH
2018-01-09 14:00:00,5065,5744.7521602930765,HIGH
2018-01-09 15:00:00,5589,6280.373234249861,HIGH
2018-01-09 16:00:00,6559,5839.821505726711,HIGH
2018-01-09 17:00:00,6104,4565.73701908072,HIGH
2018-01-09 18:00:00,4405,3150.0291949117654,MEDIUM
2018-01-09 19:00:00,3001,2512.5879799284057,MEDIUM
2018-01-09 20:00:00,2604,2339.708056031988,MEDIUM
2018-01-09 21:00:00,2931,2542.2548829248813,MEDIUM
2018-01-09 22:00:00,3488,1248.0056313131313,LOW
2018-01-09 23:00:00,1125,645.9033633513203,LOW
2018-01-10 00:00:00,583,354.3703232940137,LOW
2018-01-10 01:00:00,327,270.2032689462836,LOW
2018-01-10 02:00:00,270,434.48386697800476,LOW
2018-01-10 03:00:00,336,665.5953162298131,LOW
2018-01-10 03:00:00,336,665.5953162298131,LOW
2018-01-10 04:00:00,887,2473.4492899083943,MEDIUM
2018-01-10 04:00:00,887,2473.4492899083943,MEDIUM
2018-01-10 05:00:00,2944,5671.3671560298035,HIGH
2018-01-10 05:00:00,2944,5671.3671560298035,HIGH
2018-01-10 06:00:00,5614,6037.211328973533,HIGH
2018-01-10 06:00:00,5614,6037.211328973533,HIGH
2018-01-10 07:00:00,6228,5795.804471130441,HIGH
2018-01-10 07:00:00,6228,5795.804471130441,HIGH
2018-01-10 08:00:00,5842,5317.033686042593,HIGH
2018-01-10 08:00:00,5842,5317.033686042593,HIGH
2018-01-10 09:00:00,5145,4704.382744393608,HIGH
2018-01-10 09:00:00,5145,4704.382744393608,HIGH
2018-01-10 10:00:00,4552,4730.023152025288,HIGH
2018-01-10 10:00:00,4552,4730.023152025288,HIGH
2018-01-10 11:00:00,4623,4805.3393591235,HIGH
2018-01-10 12:00:00,4911,4996.065300706681,HIGH
2018-01-10 13:00:00,4926,5312.797978042992,HIGH
2018-01-10 14:00:00,5315,5858.271780855028,HIGH
2018-01-10 14:00:00,5315,5858.271780855028,HIGH
2018-01-10 15:00:00,5681,6148.970118477927,HIGH
2018-01-10 15:00:00,5681,6148.970118477927,HIGH
2018-01-10 16:00:00,6602,5901.155165274591,HIGH
2018-01-10 16:00:00,6602,5901.155165274591,HIGH
2018-01-10 17:00:00,6128,4843.099093165037,HIGH
2018-01-10 17:00:00,6128,4843.099093165037,HIGH
2018-01-10 18:00:00,4520,3412.8038905068033,MEDIUM
2018-01-10 18:00:00,4520,3412.8038905068033,MEDIUM
2018-01-10 19:00:00,2986,2599.794596798103,MEDIUM
2018-01-10 20:00:00,2642,2376.764851289468,MEDIUM
2018-01-10 20:00:00,2642,2376.764851289468,MEDIUM
2018-01-10 20:00:00,2642,2376.764851289468,MEDIUM
2018-01-10 21:00:00,2342,1835.1891137500272,LOW
2018-01-10 21:00:00,2342,1835.1891137500272,LOW
2018-01-10 21:00:00,2342,1835.1891137500272,LOW
2018-01-10 22:00:00,1596,1376.4860571127494,LOW
2018-01-10 22:00:00,1596,1376.4860571127494,LOW
2018-01-10 22:00:00,1596,1376.4860571127494,LOW
2018-01-10 23:00:00,1115,733.3144388675022,LOW
2018-01-10 23:00:00,1115,733.3144388675022,LOW
2018-01-10 23:00:00,1115,733.3144388675022,LOW
2018-01-11 00:00:00,568,404.7786823731126,LOW
2018-01-11 00:00:00,568,404.7786823731126,LOW
2018-01-11 00:00:00,568,404.7786823731126,LOW
2018-01-11 01:00:00,352,346.4143448839917,LOW
2018-01-11 01:00:00,352,346.4143448839917,LOW
2018-01-11 02:00:00,291,406.14060815987364,LOW
2018-01-11 02:00:00,291,406.14060815987364,LOW
2018-01-11 02:00:00,291,406.14060815987364,LOW
2018-01-11 03:00:00,391,697.8203364276612,LOW
2018-01-11 03:00:00,391,697.8203364276612,LOW
2018-01-11 04:00:00,855,2351.9235900821714,MEDIUM
2018-01-11 04:00:00,855,2351.9235900821714,MEDIUM
2018-01-11 04:00:00,855,2351.9235900821714,MEDIUM
2018-01-11 05:00:00,2869,5337.760108377002,HIGH
2018-01-11 05:00:00,2869,5337.760108377002,HIGH
2018-01-11 06:00:00,4869,5288.400320346321,HIGH
2018-01-11 06:00:00,4869,5288.400320346321,HIGH
2018-01-11 06:00:00,4869,5288.400320346321,HIGH
2018-01-11 07:00:00,4601,4615.327819072447,HIGH
2018-01-11 07:00:00,4601,4615.327819072447,HIGH
2018-01-11 08:00:00,4475,4248.349794794183,MEDIUM
2018-01-11 08:00:00,4475,4248.349794794183,MEDIUM
2018-01-11 09:00:00,4021,3864.878104238554,MEDIUM
2018-01-11 09:00:00,4021,3864.878104238554,MEDIUM
2018-01-11 10:00:00,3559,3748.3814324709174,MEDIUM
2018-01-11 10:00:00,3559,3748.3814324709174,MEDIUM
2018-01-11 11:00:00,3524,3723.083768330577,MEDIUM
2018-01-11 11:00:00,3524,3723.083768330577,MEDIUM
2018-01-11 12:00:00,3587,3752.6885654029397,MEDIUM
2018-01-11 12:00:00,3587,3752.6885654029397,MEDIUM
2018-01-11 13:00:00,3293,3519.727083463436,MEDIUM
2018-01-11 13:00:00,3293,3519.727083463436,MEDIUM
2018-01-11 14:00:00,3557,3648.1198309454485,MEDIUM
2018-01-11 14:00:00,3557,3648.1198309454485,MEDIUM
2018-01-11 15:00:00,4081,4090.6499698639855,MEDIUM
2018-01-11 15:00:00,4081,4090.6499698639855,MEDIUM
2018-01-11 16:00:00,4269,3803.5843173818935,MEDIUM
2018-01-11 17:00:00,4178,3591.653873672465,MEDIUM
2018-01-11 17:00:00,4178,3591.653873672465,MEDIUM
2018-01-11 18:00:00,3130,2851.9527933374484,MEDIUM
2018-01-11 19:00:00,2480,2424.7586228558494,MEDIUM
2018-01-11 20:00:00,2251,2093.9895303764665,LOW
2018-01-11 21:00:00,2081,1624.047760702027,LOW
2018-01-11 22:00:00,1450,991.9700885338185,LOW
2018-01-11 23:00:00,949,512.5486912694951,LOW
2018-01-12 00:00:00,566,368.41941725440824,LOW
2018-01-12 01:00:00,335,288.7855743650922,LOW
2018-01-12 02:00:00,272,443.20719877981753,LOW
2018-01-12 03:00:00,353,789.08037460385,LOW
2018-01-12 04:00:00,828,3091.974750862615,MEDIUM
2018-01-12 05:00:00,2728,5714.9746427245345,HIGH
2018-01-12 06:00:00,4791,5414.428222222222,HIGH
2018-01-12 07:00:00,5517,5208.811318393215,HIGH
2018-01-12 08:00:00,4240,4154.611775132686,MEDIUM
2018-01-12 09:00:00,4565,4262.965485562199,MEDIUM
2018-01-12 10:00:00,3988,4260.820257210238,MEDIUM
2018-01-12 11:00:00,4440,4775.622225769718,HIGH
2018-01-12 12:00:00,4958,4772.623697697517,HIGH
2018-01-12 13:00:00,4928,5278.872860069964,HIGH
2018-01-12 14:00:00,5078,5600.6175950689885,HIGH
2018-01-12 15:00:00,5560,6156.5583173518025,HIGH
2018-01-12 16:00:00,5841,5175.397232414722,HIGH
2018-01-12 17:00:00,5779,4478.937785714285,MEDIUM
2018-01-12 18:00:00,4677,3422.8764830050436,MEDIUM
2018-01-12 19:00:00,3348,2774.0257381665783,MEDIUM
2018-01-12 20:00:00,2690,2555.7913970482878,MEDIUM
2018-01-12 21:00:00,2573,2569.1252978949155,MEDIUM
2018-01-12 22:00:00,2440,1737.7444168919312,LOW
2018-01-12 23:00:00,1654,1416.1907637849972,LOW
2018-01-13 00:00:00,1032,650.8456636331208,LOW
2018-01-13 01:00:00,601,501.44749426602505,LOW
2018-01-13 02:00:00,467,410.42324206601296,LOW
2018-01-13 03:00:00,361,420.1936666666666,LOW
2018-01-13 04:00:00,388,705.9906102001081,LOW
2018-01-13 05:00:00,647,1190.115469877345,LOW
2018-01-13 06:00:00,1175,1649.9885003156235,LOW
2018-01-13 07:00:00,1720,2519.758377487635,MEDIUM
2018-01-13 08:00:00,2582,3291.7333757221354,MEDIUM
2018-01-13 09:00:00,3473,3786.152557975939,MEDIUM
2018-01-13 10:00:00,3916,4201.139056318885,MEDIUM
2018-01-13 11:00:00,4155,4387.920532504017,MEDIUM
2018-01-13 12:00:00,4379,4397.292382100401,MEDIUM
2018-01-13 13:00:00,4595,4617.5254015184755,HIGH
2018-01-13 14:00:00,4212,4292.899444006262,MEDIUM
2018-01-13 15:00:00,3941,4021.236157236799,MEDIUM
2018-01-13 16:00:00,3601,3181.1108474025987,MEDIUM
2018-01-13 17:00:00,3374,2748.849095238095,MEDIUM
2018-01-13 18:00:00,3141,2647.006187145584,MEDIUM
2018-01-13 19:00:00,3479,2666.8914068906283,MEDIUM
2018-01-13 20:00:00,3429,2775.520081871345,MEDIUM
2018-01-13 21:00:00,4055,2937.3710503246757,MEDIUM
2018-01-13 22:00:00,2990,1973.9806395154558,LOW
2018-01-13 23:00:00,1872,1284.5206604985801,LOW
2018-01-14 00:00:00,1210,819.4971612598988,LOW
2018-01-14 01:00:00,756,560.8585115519661,LOW
2018-01-14 02:00:00,494,358.7357612943041,LOW
2018-01-14 03:00:00,313,262.6646916971917,LOW
2018-01-14 04:00:00,271,518.8824359619704,LOW
2018-01-14 05:00:00,474,807.6501900675545,LOW
2018-01-14 06:00:00,735,1169.9561388888887,LOW
2018-01-14 07:00:00,1296,2086.380343119729,LOW
2018-01-14 08:00:00,1880,3068.926146922133,MEDIUM
2018-01-14 09:00:00,2567,3171.0702963908966,MEDIUM
2018-01-14 10:00:00,3338,3755.3653045377037,MEDIUM
2018-01-14 10:00:00,3338,3755.3653045377037,MEDIUM
2018-01-14 11:00:00,3771,4290.792539533009,MEDIUM
2018-01-14 11:00:00,3771,4290.792539533009,MEDIUM
2018-01-14 12:00:00,4175,4267.87494649053,MEDIUM
2018-01-14 12:00:00,4175,4267.87494649053,MEDIUM
2018-01-14 13:00:00,4567,4479.237587044393,MEDIUM
2018-01-14 13:00:00,4567,4479.237587044393,MEDIUM
2018-01-14 14:00:00,3873,3971.215159806019,MEDIUM
2018-01-14 14:00:00,3873,3971.215159806019,MEDIUM
2018-01-14 15:00:00,3383,3195.8980238360086,MEDIUM
2018-01-14 15:00:00,3383,3195.8980238360086,MEDIUM
2018-01-14 16:00:00,2769,2710.3741071428567,MEDIUM
2018-01-14 16:00:00,2769,2710.3741071428567,MEDIUM
2018-01-14 16:00:00,2769,2710.3741071428567,MEDIUM
2018-01-14 17:00:00,2357,1973.6050221499138,LOW
2018-01-14 17:00:00,2357,1973.6050221499138,LOW
2018-01-14 17:00:00,2357,1973.6050221499138,LOW
2018-01-14 18:00:00,1935,1674.5096943102337,LOW
2018-01-14 18:00:00,1935,1674.5096943102337,LOW
2018-01-14 19:00:00,1800,1693.2253010079344,LOW
2018-01-14 19:00:00,1800,1693.2253010079344,LOW
2018-01-14 20:00:00,2218,2070.281272149635,LOW
2018-01-14 20:00:00,2218,2070.281272149635,LOW
2018-01-14 21:00:00,2264,1616.1904924433836,LOW
2018-01-14 21:00:00,2264,1616.1904924433836,LOW
2018-01-14 22:00:00,2292,1530.1661248118353,LOW
2018-01-14 22:00:00,2292,1530.1661248118353,LOW
2018-01-14 22:00:00,2292,1530.1661248118353,LOW
2018-01-14 23:00:00,979,510.8826027722381,LOW
2018-01-14 23:00:00,979,510.8826027722381,LOW
2018-01-15 00:00:00,600,402.5469067467748,LOW
2018-01-15 00:00:00,600,402.5469067467748,LOW
2018-01-15 00:00:00,600,402.5469067467748,LOW
2018-01-15 01:00:00,341,266.9971703937864,LOW
2018-01-15 01:00:00,341,266.9971703937864,LOW
2018-01-15 02:00:00,269,409.4809194477654,LOW
2018-01-15 02:00:00,269,409.4809194477654,LOW
2018-01-15 03:00:00,347,1102.9596794975328,LOW
2018-01-15 03:00:00,347,1102.9596794975328,LOW
2018-01-15 04:00:00,775,2212.9215528229934,MEDIUM
2018-01-15 04:00:00,775,2212.9215528229934,MEDIUM
2018-01-15 04:00:00,775,2212.9215528229934,MEDIUM
2018-01-15 05:00:00,2183,4424.493797591298,MEDIUM
2018-01-15 05:00:00,2183,4424.493797591298,MEDIUM
2018-01-15 05:00:00,2183,4424.493797591298,MEDIUM
2018-01-15 06:00:00,3637,3647.0145212560783,MEDIUM
2018-01-15 06:00:00,3637,3647.0145212560783,MEDIUM
2018-01-15 07:00:00,3651,3593.8110669433336,MEDIUM
2018-01-15 07:00:00,3651,3593.8110669433336,MEDIUM
2018-01-15 07:00:00,3651,3593.8110669433336,MEDIUM
2018-01-15 08:00:00,3231,3224.822051304037,MEDIUM
2018-01-15 08:00:00,3231,3224.822051304037,MEDIUM
2018-01-15 09:00:00,3410,3513.657577244625,MEDIUM
2018-01-15 09:00:00,3410,3513.657577244625,MEDIUM
2018-01-15 10:00:00,3307,3440.3130238860385,MEDIUM
2018-01-15 10:00:00,3307,3440.3130238860385,MEDIUM
2018-01-15 11:00:00,3638,3831.1117979560104,MEDIUM
2018-01-15 11:00:00,3638,3831.1117979560104,MEDIUM
2018-01-15 12:00:00,3970,4117.926727310619,MEDIUM
2018-01-15 12:00:00,3970,4117.926727310619,MEDIUM
2018-01-15 13:00:00,4207,4365.5399217437125,MEDIUM
2018-01-15 13:00:00,4207,4365.5399217437125,MEDIUM
2018-01-15 14:00:00,4440,4811.942710869384,HIGH
2018-01-15 15:00:00,4414,4720.252131938402,HIGH
2018-01-15 15:00:00,4414,4720.252131938402,HIGH
2018-01-15 16:00:00,4800,4237.176925465838,MEDIUM
2018-01-15 16:00:00,4800,4237.176925465838,MEDIUM
2018-01-15 17:00:00,4437,3291.8225,MEDIUM
2018-01-15 18:00:00,3528,2552.40525244037,MEDIUM
2018-01-15 19:00:00,2611,2237.9250831372624,MEDIUM
2018-01-15 20:00:00,2162,1959.0961221178084,LOW
2018-01-15 21:00:00,1977,1567.381384051645,LOW
2018-01-15 22:00:00,1430,938.4846480113118,LOW
2018-01-15 23:00:00,888,501.8799593783848,LOW
2018-01-16 00:00:00,494,335.7692183707279,LOW
2018-01-16 01:00:00,321,256.0693056421944,LOW
2018-01-16 02:00:00,255,333.91338080567306,LOW
2018-01-16 03:00:00,354,854.3020365045631,LOW
2018-01-16 04:00:00,872,2988.2154517619433,MEDIUM
2018-01-16 05:00:00,2836,5276.160881247434,HIGH
2018-01-16 06:00:00,5254,6031.949210562362,HIGH
2018-01-16 07:00:00,5568,5244.585294453979,HIGH
2018-01-16 08:00:00,5066,4660.422979268737,HIGH
2018-01-16 09:00:00,5045,4407.532332751201,MEDIUM
2018-01-16 09:00:00,5045,4407.532332751201,MEDIUM
2018-01-16 10:00:00,4302,4471.4226723474185,MEDIUM
2018-01-16 11:00:00,4332,4508.254493084068,MEDIUM
2018-01-16 11:00:00,4332,4508.254493084068,MEDIUM
2018-01-16 12:00:00,4602,4761.237045580527,HIGH
2018-01-16 13:00:00,4608,5043.237757208461,HIGH
2018-01-16 14:00:00,4625,5125.384433074501,HIGH
2018-01-16 15:00:00,5424,6199.529837237716,HIGH
2018-01-16 16:00:00,6186,5869.051130277334,HIGH
2018-01-16 17:00:00,5809,3950.512083559523,MEDIUM
2018-01-16 18:00:00,4066,2837.374958887862,MEDIUM
2018-01-16 19:00:00,2924,2457.557319245224,MEDIUM
2018-01-16 20:00:00,2574,2415.345920509407,MEDIUM
2018-01-16 21:00:00,2330,1565.2535493295509,LOW
2018-01-16 22:00:00,1522,964.0873232905302,LOW
2018-01-16 23:00:00,977,470.34692364218773,LOW
2018-01-17 00:00:00,491,319.41153651363896,LOW
2018-01-17 01:00:00,303,255.3749304932287,LOW
2018-01-17 02:00:00,245,373.73669249292675,LOW
2018-01-17 03:00:00,346,898.2758761362702,LOW
2018-01-17 04:00:00,882,3160.1267890808654,MEDIUM
2018-01-17 05:00:00,2856,5457.307103069781,HIGH
2018-01-17 06:00:00,5351,5961.879584230437,HIGH
2018-01-17 07:00:00,5684,5504.649727383282,HIGH
2018-01-17 08:00:00,5345,4819.868626386238,HIGH
2018-01-17 09:00:00,4847,4339.361877589112,MEDIUM
2018-01-17 10:00:00,4412,4645.73020558079,HIGH
2018-01-17 11:00:00,4497,4735.0581258519105,HIGH
2018-01-17 12:00:00,4653,4734.032525198309,HIGH
2018-01-17 13:00:00,4917,5284.010053379902,HIGH
2018-01-17 14:00:00,5147,5790.175606162234,HIGH
2018-01-17 15:00:00,3271,3065.7843663587873,MEDIUM
2018-01-17 16:00:00,5287,4409.4817539682535,MEDIUM
2018-01-17 17:00:00,5676,4373.8471808447575,MEDIUM
2018-01-17 18:00:00,4207,2980.2465517773594,MEDIUM
2018-01-17 19:00:00,3080,2736.1500714469485,MEDIUM
2018-01-17 20:00:00,2777,2560.511945609746,MEDIUM
2018-01-17 21:00:00,2278,1614.2356476460388,LOW
2018-01-17 22:00:00,1706,1164.96959326695,LOW
2018-01-17 23:00:00,2597,788.41,LOW
2018-01-18 00:00:00,756,657.8847985462096,LOW
2018-01-18 01:00:00,352,349.33446269159714,LOW
2018-01-18 03:00:00,366,932.9598330732995,LOW
2018-01-18 04:00:00,883,2746.0952959461056,MEDIUM
2018-01-18 05:00:00,2952,5784.549095035243,HIGH
2018-01-18 06:00:00,5369,5909.883114684355,HIGH
2018-01-18 07:00:00,5848,5385.477189777165,HIGH
2018-01-18 08:00:00,5751,5044.559669906008,HIGH
2018-01-18 09:00:00,5143,4671.814647445838,HIGH
2018-01-18 10:00:00,4479,4756.245011407572,HIGH
2018-01-18 11:00:00,4706,4942.42622952772,HIGH
2018-01-18 12:00:00,4872,4935.3727130150755,HIGH
2018-01-18 13:00:00,4878,5291.533453637507,HIGH
2018-01-18 14:00:00,5056,5547.25775998563,HIGH
2018-01-18 15:00:00,5834,6435.031227419571,HIGH
2018-01-18 16:00:00,6527,5965.390396881408,HIGH
2018-01-18 17:00:00,6039,4591.997111984206,HIGH
2018-01-18 18:00:00,4502,3413.3309886883067,MEDIUM
2018-01-18 19:00:00,3289,2951.5786297967175,MEDIUM
2018-01-18 20:00:00,3096,2789.9289232601445,MEDIUM
2018-01-18 21:00:00,2753,2618.4066832095127,MEDIUM
2018-01-18 22:00:00,1797,1194.4138761601007,LOW
2018-01-18 23:00:00,1188,671.8226675554474,LOW
2018-01-19 00:00:00,589,363.95945944979445,LOW
2018-01-19 01:00:00,333,286.869978281484,LOW
2018-01-19 02:00:00,283,536.1483984414805,LOW
2018-01-19 03:00:00,373,1203.629146579857,LOW
2018-01-19 04:00:00,886,2821.325428969854,MEDIUM
2018-01-19 05:00:00,2795,5110.769914722503,HIGH
2018-01-19 06:00:00,5340,6111.849260106653,HIGH
2018-01-19 07:00:00,6309,5652.174245376084,HIGH
2018-01-19 08:00:00,5673,5052.6938251898,HIGH
2018-01-19 09:00:00,4948,4534.909936790521,MEDIUM
2018-01-19 10:00:00,4463,4772.320279418807,HIGH
2018-01-19 11:00:00,4936,5015.004299849219,HIGH
2018-01-19 12:00:00,5218,5244.7768612121445,HIGH
2018-01-19 13:00:00,5101,5322.360570548618,HIGH
2018-01-19 14:00:00,5302,5697.996922805597,HIGH
2018-01-19 15:00:00,5810,6140.784629349987,HIGH
2018-01-19 16:00:00,6305,5878.819760813889,HIGH
2018-01-19 17:00:00,5657,4730.274425665314,HIGH
2018-01-19 18:00:00,4503,3645.4815855853153,MEDIUM
2018-01-19 19:00:00,3516,3119.430577609054,MEDIUM
2018-01-19 20:00:00,3094,2948.6830490750494,MEDIUM
2018-01-19 21:00:00,3370,3070.014923802482,MEDIUM
2018-01-19 22:00:00,2819,2249.2635527526804,MEDIUM
2018-01-19 23:00:00,1892,1305.8231213294891,LOW
2018-01-20 00:00:00,1179,780.6268340012065,LOW
2018-01-20 01:00:00,759,593.5777819571202,LOW
2018-01-20 02:00:00,528,413.2422583289032,LOW
2018-01-20 03:00:00,366,423.27079487179486,LOW
2018-01-20 04:00:00,399,721.7409740084527,LOW
2018-01-20 05:00:00,703,1357.5645182678109,LOW
2018-01-20 05:00:00,703,1357.5645182678109,LOW
2018-01-20 05:00:00,703,1357.5645182678109,LOW
2018-01-20 06:00:00,1307,2143.3046233097066,LOW
2018-01-20 06:00:00,1307,2143.3046233097066,LOW
2018-01-20 06:00:00,1307,2143.3046233097066,LOW
2018-01-20 07:00:00,1888,2644.674820797876,MEDIUM
2018-01-20 08:00:00,2838,3418.0864149878716,MEDIUM
2018-01-20 09:00:00,3381,3802.362248912932,MEDIUM
2018-01-20 10:00:00,4033,4432.504844196578,MEDIUM
2018-01-20 11:00:00,4425,4794.18648024798,HIGH
2018-01-20 12:00:00,4886,4431.831260323411,MEDIUM
2018-01-20 13:00:00,4693,4603.920587241976,HIGH
2018-01-20 14:00:00,4986,4898.643218852409,HIGH
2018-01-20 15:00:00,4811,4850.066813439838,HIGH
2018-01-20 16:00:00,4757,4747.734590666294,HIGH
2018-01-20 17:00:00,4754,4409.772709810657,MEDIUM
2018-01-20 18:00:00,4530,3444.879830664206,MEDIUM
2018-01-20 19:00:00,3900,3246.43710739906,MEDIUM
2018-01-20 20:00:00,3497,3395.064105786899,MEDIUM
2018-01-20 21:00:00,3742,2959.766049104938,MEDIUM
2018-01-20 22:00:00,3608,2492.214476190476,MEDIUM
2018-01-20 23:00:00,3427,1744.69,LOW
2018-01-21 00:00:00,1830,1403.0424450483092,LOW
2018-01-21 01:00:00,1254,836.0537510317175,LOW
2018-01-21 02:00:00,788,524.0443304586711,LOW
2018-01-21 03:00:00,367,321.8791900419842,LOW
2018-01-21 04:00:00,433,721.8646089869632,LOW
2018-01-21 05:00:00,582,936.4794409224418,LOW
2018-01-21 06:00:00,1070,1602.6568402199655,LOW
2018-01-21 07:00:00,1343,2001.5364957221711,LOW
2018-01-21 08:00:00,2056,3097.9723032091356,MEDIUM
2018-01-21 09:00:00,2804,3392.10288957369,MEDIUM
2018-01-21 10:00:00,3355,3786.290228908097,MEDIUM
2018-01-21 11:00:00,3686,4588.241716398017,HIGH
2018-01-21 12:00:00,4247,4329.568851402486,MEDIUM
2018-01-21 13:00:00,4403,4390.252600264023,MEDIUM
2018-01-21 14:00:00,4464,4398.517347533956,MEDIUM
2018-01-21 15:00:00,4261,4179.569730184219,MEDIUM
2018-01-21 16:00:00,4236,3905.909345030737,MEDIUM
2018-01-21 17:00:00,3791,3334.879621939335,MEDIUM
2018-01-21 18:00:00,2398,2262.3424848718355,MEDIUM
2018-01-21 19:00:00,1992,1749.8319095293318,LOW
2018-01-21 20:00:00,2566,2484.142450558838,MEDIUM
2018-01-21 21:00:00,2433,1654.7134610809562,LOW
2018-01-21 22:00:00,1481,882.3534570040729,LOW
2018-01-21 23:00:00,848,509.13666881401883,LOW
2018-01-22 00:00:00,486,328.0409018565,LOW
2018-01-22 01:00:00,337,274.5022696952628,LOW
2018-01-22 02:00:00,254,335.00667352470833,LOW
2018-01-22 03:00:00,325,851.2598346884339,LOW
2018-01-22 04:00:00,897,3583.114054635392,MEDIUM
2018-01-22 05:00:00,2797,4720.638227974062,HIGH
2018-01-22 05:00:00,2797,4720.638227974062,HIGH
2018-01-22 06:00:00,5109,5910.049487755577,HIGH
2018-01-22 06:00:00,5109,5910.049487755577,HIGH
2018-01-22 07:00:00,5250,4840.411756329215,HIGH
2018-01-22 08:00:00,4429,4069.6418582196993,MEDIUM
2018-01-22 09:00:00,3794,3754.210342063345,MEDIUM
2018-01-22 10:00:00,3351,3505.255443440074,MEDIUM
2018-01-22 10:00:00,3351,3505.255443440074,MEDIUM
2018-01-22 11:00:00,3240,3416.981525502321,MEDIUM
2018-01-22 11:00:00,3240,3416.981525502321,MEDIUM
2018-01-22 11:00:00,3240,3416.981525502321,MEDIUM
2018-01-22 12:00:00,3143,3353.324015553596,MEDIUM
2018-01-22 12:00:00,3143,3353.324015553596,MEDIUM
2018-01-22 12:00:00,3143,3353.324015553596,MEDIUM
2018-01-22 13:00:00,3066,3275.205416248955,MEDIUM
2018-01-22 13:00:00,3066,3275.205416248955,MEDIUM
2018-01-22 13:00:00,3066,3275.205416248955,MEDIUM
2018-01-22 14:00:00,2846,2910.4030656800724,MEDIUM
2018-01-22 14:00:00,2846,2910.4030656800724,MEDIUM
2018-01-22 15:00:00,2132,2260.95635934535,MEDIUM
2018-01-22 15:00:00,2132,2260.95635934535,MEDIUM
2018-01-22 16:00:00,1488,1844.675778586809,LOW
2018-01-22 16:00:00,1488,1844.675778586809,LOW
2018-01-22 17:00:00,1379,1497.6936508049182,LOW
2018-01-22 17:00:00,1379,1497.6936508049182,LOW
2018-01-22 18:00:00,1086,1411.3874347081992,LOW
2018-01-22 18:00:00,1086,1411.3874347081992,LOW
2018-01-22 18:00:00,1086,1411.3874347081992,LOW
2018-01-22 19:00:00,1291,1218.6682212787214,LOW
2018-01-22 19:00:00,1291,1218.6682212787214,LOW
2018-01-22 20:00:00,889,1337.1619047619047,LOW
2018-01-22 20:00:00,889,1337.1619047619047,LOW
2018-01-22 20:00:00,889,1337.1619047619047,LOW
2018-01-22 21:00:00,1246,1219.5927501808972,LOW
2018-01-22 21:00:00,1246,1219.5927501808972,LOW
2018-01-22 22:00:00,1631,1029.8523083587568,LOW
2018-01-22 22:00:00,1631,1029.8523083587568,LOW
2018-01-22 23:00:00,570,515.9000030953023,LOW
2018-01-22 23:00:00,570,515.9000030953023,LOW
2018-01-23 00:00:00,446,331.79776798913764,LOW
2018-01-23 01:00:00,245,249.44457075509706,LOW
2018-01-23 02:00:00,211,301.48286226356737,LOW
2018-01-23 03:00:00,282,759.7447836076426,LOW
2018-01-23 04:00:00,705,2213.079958599955,MEDIUM
2018-01-23 05:00:00,2008,4212.467474358974,MEDIUM
2018-01-23 06:00:00,3674,3694.674253803413,MEDIUM
2018-01-23 07:00:00,3788,3713.8041337804484,MEDIUM
2018-01-23 08:00:00,3196,3265.3957881129086,MEDIUM
2018-01-23 09:00:00,3337,3502.849118254038,MEDIUM
2018-01-23 10:00:00,3237,3381.7119461437974,MEDIUM
2018-01-23 11:00:00,3299,3560.318812022227,MEDIUM
2018-01-23 12:00:00,3506,3690.945159409501,MEDIUM
2018-01-23 13:00:00,3670,3822.941396512739,MEDIUM
2018-01-23 14:00:00,4001,4188.815296233767,MEDIUM
2018-01-23 15:00:00,4287,4362.052009575174,MEDIUM
2018-01-23 16:00:00,5068,4506.501901045033,MEDIUM
2018-01-23 17:00:00,4650,4077.1772069470685,MEDIUM
2018-01-23 18:00:00,3467,2879.838860878997,MEDIUM
2018-01-23 19:00:00,2652,2257.791830365203,MEDIUM
2018-01-23 20:00:00,2279,2114.6777066348736,LOW
2018-01-23 21:00:00,2175,1624.855673988245,LOW
2018-01-23 22:00:00,1412,888.9338986388707,LOW
2018-01-23 23:00:00,979,561.0524386347001,LOW
2018-01-24 00:00:00,512,327.1223972943651,LOW
2018-01-24 01:00:00,350,333.1457289090366,LOW
2018-01-24 02:00:00,235,406.64623873862575,LOW
2018-01-24 03:00:00,373,1046.5246544705149,LOW
2018-01-24 04:00:00,893,2281.8444660930754,MEDIUM
2018-01-24 05:00:00,2915,5275.564029899198,HIGH
2018-01-24 06:00:00,5445,6056.241523803475,HIGH
2018-01-24 07:00:00,5866,5438.278614357559,HIGH
2018-01-24 08:00:00,5625,4898.857433364414,HIGH
2018-01-24 09:00:00,5153,4633.528904841608,HIGH
2018-01-24 10:00:00,4359,4577.524187431416,HIGH
2018-01-24 11:00:00,4510,4703.3478360345425,HIGH
2018-01-24 12:00:00,4704,4811.1792890345105,HIGH
2018-01-24 13:00:00,4672,5103.433301137826,HIGH
2018-01-24 14:00:00,4878,5249.316162041116,HIGH
2018-01-24 15:00:00,5570,5855.684759650718,HIGH
2018-01-24 16:00:00,6395,5991.013484105019,HIGH
2018-01-24 17:00:00,5836,4512.824252766052,MEDIUM
2018-01-24 18:00:00,4270,3347.460275131092,MEDIUM
2018-01-24 19:00:00,3104,2739.5328127927482,MEDIUM
2018-01-24 20:00:00,2720,2515.24217017891,MEDIUM
2018-01-24 21:00:00,2567,2025.0869649094573,LOW
2018-01-24 22:00:00,2254,1337.2984435445003,LOW
2018-01-24 23:00:00,1074,699.6116817994099,LOW
2018-01-24 23:00:00,1074,699.6116817994099,LOW
2018-01-25 00:00:00,578,398.39627018045127,LOW
2018-01-25 00:00:00,578,398.39627018045127,LOW
2018-01-25 01:00:00,345,287.6030476436831,LOW
2018-01-25 02:00:00,265,619.9888409753033,LOW
2018-01-25 03:00:00,398,751.6500451199186,LOW
2018-01-25 04:00:00,929,2487.110650846879,MEDIUM
2018-01-25 05:00:00,2932,5475.5552083770035,HIGH
2018-01-25 06:00:00,5498,5981.0249877690585,HIGH
2018-01-25 06:00:00,5498,5981.0249877690585,HIGH
2018-01-25 07:00:00,5702,5512.928365247773,HIGH
2018-01-25 07:00:00,5702,5512.928365247773,HIGH
2018-01-25 08:00:00,5616,4990.723108938977,HIGH
2018-01-25 08:00:00,5616,4990.723108938977,HIGH
2018-01-25 09:00:00,5177,4756.9348985091465,HIGH
2018-01-25 09:00:00,5177,4756.9348985091465,HIGH
2018-01-25 10:00:00,4525,4767.936628694092,HIGH
2018-01-25 10:00:00,4525,4767.936628694092,HIGH
2018-01-25 11:00:00,4529,4752.520250033437,HIGH
2018-01-25 11:00:00,4529,4752.520250033437,HIGH
2018-01-25 12:00:00,4646,4761.883733002418,HIGH
2018-01-25 12:00:00,4646,4761.883733002418,HIGH
2018-01-25 13:00:00,4866,5256.761734314566,HIGH
2018-01-25 14:00:00,5152,5653.45632268957,HIGH
2018-01-25 15:00:00,5720,6222.20547641387,HIGH
2018-01-25 15:00:00,5720,6222.20547641387,HIGH
2018-01-25 16:00:00,6669,5870.22437415365,HIGH
2018-01-25 17:00:00,5883,4433.172764670814,MEDIUM
2018-01-25 17:00:00,5883,4433.172764670814,MEDIUM
2018-01-25 18:00:00,4449,3448.0418260234346,MEDIUM
2018-01-25 18:00:00,4449,3448.0418260234346,MEDIUM
2018-01-25 18:00:00,4449,3448.0418260234346,MEDIUM
2018-01-25 19:00:00,3637,2977.8137340897606,MEDIUM
2018-01-25 19:00:00,3637,2977.8137340897606,MEDIUM
2018-01-25 19:00:00,3637,2977.8137340897606,MEDIUM
2018-01-25 20:00:00,3009,3078.6596955394425,MEDIUM
2018-01-25 20:00:00,3009,3078.6596955394425,MEDIUM
2018-01-25 21:00:00,2817,2412.4986359139402,MEDIUM
2018-01-25 21:00:00,2817,2412.4986359139402,MEDIUM
2018-01-25 21:00:00,2817,2412.4986359139402,MEDIUM
2018-01-25 22:00:00,2047,1347.8684576041505,LOW
2018-01-25 22:00:00,2047,1347.8684576041505,LOW
2018-01-25 23:00:00,1216,709.0647030030871,LOW
2018-01-25 23:00:00,1216,709.0647030030871,LOW
2018-01-26 00:00:00,893,557.1209102449837,LOW
2018-01-26 00:00:00,893,557.1209102449837,LOW
2018-01-26 01:00:00,553,438.8932892489691,LOW
2018-01-26 01:00:00,553,438.8932892489691,LOW
2018-01-26 02:00:00,421,444.1270676875869,LOW
2018-01-26 02:00:00,421,444.1270676875869,LOW
2018-01-26 03:00:00,480,983.5240123402427,LOW
2018-01-26 04:00:00,986,2316.2750240316027,MEDIUM
2018-01-26 05:00:00,2821,4841.785188960902,HIGH
2018-01-26 06:00:00,5179,6009.293235158842,HIGH
2018-01-26 07:00:00,6059,5640.257900500154,HIGH
2018-01-26 08:00:00,5953,5174.381470529918,HIGH
2018-01-26 09:00:00,4939,4589.40228174251,HIGH
2018-01-26 10:00:00,4693,5060.0970443829,HIGH
2018-01-26 11:00:00,5029,5203.893254607004,HIGH
2018-01-26 12:00:00,5401,5504.7944666865005,HIGH
2018-01-26 13:00:00,5380,5568.443828106075,HIGH
2018-01-26 14:00:00,5464,5870.862733502186,HIGH
2018-01-26 15:00:00,5810,6122.826296016653,HIGH
2018-01-26 16:00:00,6561,5824.35303424939,HIGH
2018-01-26 17:00:00,5829,4708.837331983121,HIGH
2018-01-26 18:00:00,4811,3605.816064937606,MEDIUM
2018-01-26 19:00:00,3638,2948.745735563908,MEDIUM
2018-01-26 20:00:00,3465,3191.0861773893625,MEDIUM
2018-01-26 21:00:00,3215,3156.407026150695,MEDIUM
2018-01-26 22:00:00,2637,1924.213562959753,LOW
2018-01-26 23:00:00,1841,1185.2064946696623,LOW
2018-01-27 00:00:00,1121,937.8076717071974,LOW
2018-01-27 01:00:00,672,555.546022604888,LOW
2018-01-27 02:00:00,476,389.7904410638133,LOW
2018-01-27 03:00:00,373,377.36905555555563,LOW
2018-01-27 04:00:00,449,778.5138487952212,LOW
2018-01-27 05:00:00,753,1429.0391672924668,LOW
2018-01-27 06:00:00,1378,2067.913512305617,LOW
2018-01-27 07:00:00,2158,3021.377519131073,MEDIUM
2018-01-27 08:00:00,2848,3522.257507977194,MEDIUM
2018-01-27 09:00:00,3629,4034.5869688359107,MEDIUM
2018-01-27 10:00:00,4325,4726.107575952359,HIGH
2018-01-27 11:00:00,4896,5088.110805515799,HIGH
2018-01-27 12:00:00,5344,5328.112339938006,HIGH
2018-01-27 13:00:00,5304,4936.898930778167,HIGH
2018-01-27 14:00:00,5132,4859.666252583323,HIGH
2018-01-27 15:00:00,5407,5043.035879640968,HIGH
2018-01-27 16:00:00,5460,4961.8395469017905,HIGH
2018-01-27 17:00:00,5182,4501.564152214831,MEDIUM
2018-01-27 18:00:00,5052,3590.2300871734246,MEDIUM
2018-01-27 19:00:00,4090,3367.0772058638854,MEDIUM
2018-01-27 20:00:00,3584,3059.702071705513,MEDIUM
2018-01-27 21:00:00,3350,3519.1208894345186,MEDIUM
2018-01-27 22:00:00,3070,2321.788002811489,MEDIUM
2018-01-27 23:00:00,2033,1364.630749759156,LOW
2018-01-28 00:00:00,1260,869.9700425403125,LOW
2018-01-28 01:00:00,791,585.0930140528341,LOW
2018-01-28 02:00:00,653,491.3179040418696,LOW
2018-01-28 03:00:00,444,665.2935000000001,LOW
2018-01-28 04:00:00,395,555.5944759092582,LOW
2018-01-28 05:00:00,643,1084.8207636930063,LOW
2018-01-28 06:00:00,1058,1528.7231219996695,LOW
2018-01-28 07:00:00,1666,2434.182106329973,MEDIUM
2018-01-28 08:00:00,2314,2927.1050949449973,MEDIUM
2018-01-28 09:00:00,3024,3534.212772210338,MEDIUM
2018-01-28 10:00:00,3564,3866.939157651909,MEDIUM
2018-01-28 11:00:00,4065,4514.280304817116,MEDIUM
2018-01-28 12:00:00,4506,4471.388108079911,MEDIUM
2018-01-28 12:00:00,4506,4471.388108079911,MEDIUM
2018-01-28 13:00:00,4784,4714.38774499251,HIGH
2018-01-28 14:00:00,4895,4547.226957678852,HIGH
2018-01-28 15:00:00,4801,4664.572733303553,HIGH
2018-01-28 16:00:00,4716,4317.5507057670175,MEDIUM
2018-01-28 17:00:00,4535,3949.158688289379,MEDIUM
2018-01-28 18:00:00,3849,3082.8046325633577,MEDIUM
2018-01-28 19:00:00,3221,2710.471712501142,MEDIUM
2018-01-28 20:00:00,2554,2290.0957281440005,MEDIUM
2018-01-28 21:00:00,2082,1597.7929528702953,LOW
2018-01-28 22:00:00,1433,928.9831822659755,LOW
2018-01-28 23:00:00,877,502.66185598063885,LOW
2018-01-29 00:00:00,482,309.5162024558533,LOW
2018-01-29 01:00:00,335,267.1971961517861,LOW
2018-01-29 02:00:00,230,323.5156433357377,LOW
2018-01-29 03:00:00,353,1170.044284559944,LOW
2018-01-29 04:00:00,888,2833.150061518104,MEDIUM
2018-01-29 05:00:00,2837,5319.18302769494,HIGH
2018-01-29 06:00:00,5488,6126.3435115674965,HIGH
2018-01-29 07:00:00,6362,5771.770918234379,HIGH
2018-01-29 08:00:00,5438,4675.756522019616,HIGH
2018-01-29 09:00:00,4715,4197.388058380754,MEDIUM
2018-01-29 10:00:00,4287,4484.573754550012,MEDIUM
2018-01-29 11:00:00,4409,4606.476768638639,HIGH
2018-01-29 12:00:00,4725,4829.987544534493,HIGH
2018-01-29 13:00:00,4578,4960.096826184702,HIGH
2018-01-29 14:00:00,5030,5611.027992503982,HIGH
2018-01-29 15:00:00,5527,6127.124437201485,HIGH
2018-01-29 16:00:00,6285,5921.5900004956875,HIGH
2018-01-29 17:00:00,6023,3763.0849157509156,MEDIUM
2018-01-29 18:00:00,4286,2815.259244809306,MEDIUM
2018-01-29 19:00:00,3448,2490.0482199111925,MEDIUM
2018-01-29 20:00:00,2957,2510.3668234587285,MEDIUM
2018-01-29 21:00:00,2657,1943.859498831012,LOW
2018-01-29 22:00:00,1955,1677.6854527729113,LOW
2018-01-29 23:00:00,1185,573.5980478837018,LOW
2018-01-30 00:00:00,588,354.73208141611127,LOW
2018-01-30 01:00:00,330,263.4432735170878,LOW
2018-01-30 02:00:00,249,344.47734009743294,LOW
2018-01-30 03:00:00,371,782.7426139856991,LOW
2018-01-30 04:00:00,910,3342.5935235006123,MEDIUM
2018-01-30 05:00:00,2876,5461.967662784167,HIGH
2018-01-30 06:00:00,5585,6146.645654860281,HIGH
2018-01-30 07:00:00,6405,5734.94270159826,HIGH
2018-01-30 08:00:00,5489,4861.947634712859,HIGH
2018-01-30 09:00:00,4462,4178.622270844643,MEDIUM
2018-01-30 10:00:00,4388,4568.938455818273,HIGH
2018-01-30 11:00:00,4432,4688.5033713831035,HIGH
2018-01-30 12:00:00,4783,4879.078852324189,HIGH
2018-01-30 13:00:00,4801,5318.8253813156425,HIGH
2018-01-30 14:00:00,5195,5914.047289579521,HIGH
2018-01-30 15:00:00,5701,6282.016797883103,HIGH
2018-01-30 16:00:00,6838,5544.229927666869,HIGH
2018-01-30 17:00:00,5944,3834.477804488686,MEDIUM
2018-01-30 18:00:00,4589,3219.5054357219565,MEDIUM
2018-01-30 19:00:00,3090,2802.3572337116743,MEDIUM
2018-01-30 20:00:00,2885,2678.8969643443975,MEDIUM
2018-01-30 21:00:00,2490,1996.648096290939,LOW
2018-01-30 22:00:00,2261,1287.2065264200178,LOW
2018-01-30 23:00:00,1430,796.7311451656163,LOW
2018-01-31 00:00:00,628,456.87212277067914,LOW
2018-01-31 01:00:00,381,304.7323532194258,LOW
2018-01-31 03:00:00,376,701.9226093102375,LOW
2018-01-31 03:00:00,376,701.9226093102375,LOW
2018-01-31 03:00:00,376,701.9226093102375,LOW
2018-01-31 04:00:00,982,2697.866949207626,MEDIUM
2018-01-31 04:00:00,982,2697.866949207626,MEDIUM
2018-01-31 05:00:00,2534,5098.414159524193,HIGH
2018-01-31 05:00:00,2534,5098.414159524193,HIGH
2018-01-31 06:00:00,5081,5937.225224056851,HIGH
2018-01-31 07:00:00,5675,5539.388862438288,HIGH
2018-01-31 08:00:00,5155,4634.112204461711,HIGH
2018-01-31 09:00:00,5210,4609.230973870642,HIGH
2018-01-31 10:00:00,4379,4577.347949991903,HIGH
2018-01-31 11:00:00,4546,4801.748277369104,HIGH
2018-01-31 12:00:00,4885,4988.003714664678,HIGH
2018-01-31 13:00:00,5021,5371.578766272574,HIGH
2018-01-31 14:00:00,5212,5802.368904772731,HIGH
2018-01-31 15:00:00,5941,6299.365701404379,HIGH
2018-01-31 16:00:00,6818,5691.490989027704,HIGH
2018-01-31 17:00:00,6351,4797.90731657553,HIGH
2018-01-31 18:00:00,4559,3351.2936391069725,MEDIUM
2018-01-31 19:00:00,3400,2806.927328472387,MEDIUM
2018-01-31 20:00:00,2856,2630.2092860831576,MEDIUM
2018-01-31 20:00:00,2856,2630.2092860831576,MEDIUM
2018-01-31 21:00:00,2564,2093.552726212139,LOW
2018-01-31 21:00:00,2564,2093.552726212139,LOW
2018-01-31 22:00:00,1739,1276.9501093414829,LOW
2018-01-31 22:00:00,1739,1276.9501093414829,LOW
2018-01-31 23:00:00,1402,792.6189226890262,LOW
2018-02-01 00:00:00,716,435.661979480297,LOW
2018-02-01 01:00:00,363,309.6156738069419,LOW
2018-02-01 02:00:00,285,589.046051301124,LOW
2018-02-01 03:00:00,362,850.5018490497373,LOW
2018-02-01 04:00:00,936,3466.8340041003667,MEDIUM
2018-02-01 05:00:00,2861,5765.68774385118,HIGH
2018-02-01 06:00:00,5410,6283.527109428531,HIGH
2018-02-01 07:00:00,6303,5755.015529756082,HIGH
2018-02-01 08:00:00,5332,4881.3042848489995,HIGH
2018-02-01 09:00:00,5000,4493.546694713665,MEDIUM
2018-02-01 10:00:00,4438,4724.108079086522,HIGH
2018-02-01 11:00:00,4717,4885.120475836599,HIGH
2018-02-01 12:00:00,4843,4922.963100720826,HIGH
2018-02-01 13:00:00,5099,5548.1738210671665,HIGH
2018-02-01 14:00:00,5402,5964.152902402952,HIGH
2018-02-01 15:00:00,5961,6396.759663720873,HIGH
2018-02-01 16:00:00,6636,5925.582470453128,HIGH
2018-02-01 17:00:00,6375,4087.9906476755136,MEDIUM
2018-02-01 18:00:00,4723,3389.612508044915,MEDIUM
2018-02-01 19:00:00,3595,2827.5363553082598,MEDIUM
2018-02-01 20:00:00,3133,3131.210415930774,MEDIUM
2018-02-01 21:00:00,2807,2792.1597706040675,MEDIUM
2018-02-01 22:00:00,2165,1244.0523374843597,LOW
2018-02-01 23:00:00,1483,868.0806371322539,LOW
2018-02-02 00:00:00,926,527.1961731934731,LOW
2018-02-02 01:00:00,521,430.94504577049855,LOW
2018-02-02 02:00:00,422,417.60136976178416,LOW
2018-02-02 03:00:00,439,1115.9176703830087,LOW
2018-02-02 04:00:00,922,3935.4281381863107,MEDIUM
2018-02-02 05:00:00,2731,5875.188678729555,HIGH
2018-02-02 06:00:00,5041,5660.264747237977,HIGH
2018-02-02 07:00:00,5843,5388.704372549102,HIGH
2018-02-02 08:00:00,5149,4687.220507674882,HIGH
2018-02-02 09:00:00,4963,4586.764407588097,HIGH
2018-02-02 10:00:00,4379,4614.354037277168,HIGH
2018-02-02 11:00:00,4932,5183.038668901214,HIGH
2018-02-02 12:00:00,5104,5141.856758655488,HIGH
2018-02-02 13:00:00,5378,5684.058858301909,HIGH
2018-02-02 14:00:00,5487,5989.514959001943,HIGH
2018-02-02 15:00:00,6080,6452.2218617137,HIGH
2018-02-02 16:00:00,6646,5927.769332990627,HIGH
2018-02-02 17:00:00,5891,4393.852317115251,MEDIUM
2018-02-02 18:00:00,4691,3721.812359414708,MEDIUM
2018-02-02 19:00:00,3790,3053.9045561149183,MEDIUM
2018-02-02 20:00:00,3216,2949.977185124109,MEDIUM
2018-02-02 21:00:00,3818,2746.313493448466,MEDIUM
2018-02-02 22:00:00,3788,2527.85,MEDIUM
2018-02-02 23:00:00,2020,1342.9655300102854,LOW
2018-02-03 00:00:00,1368,926.911800461488,LOW
2018-02-03 01:00:00,926,705.8907426747938,LOW
2018-02-03 02:00:00,631,481.01887311861464,LOW
2018-02-03 03:00:00,471,529.0277941176471,LOW
2018-02-03 04:00:00,519,813.7049819250373,LOW
2018-02-03 05:00:00,783,1303.7605122355694,LOW
2018-02-03 06:00:00,1320,2090.184149824676,LOW
2018-02-03 07:00:00,1839,2402.9327758736017,MEDIUM
2018-02-03 08:00:00,2552,3214.2185598772962,MEDIUM
2018-02-03 08:00:00,2552,3214.2185598772962,MEDIUM
2018-02-03 08:00:00,2552,3214.2185598772962,MEDIUM
2018-02-03 09:00:00,3168,3639.9978566737054,MEDIUM
2018-02-03 09:00:00,3168,3639.9978566737054,MEDIUM
2018-02-03 10:00:00,3572,3840.3904182224087,MEDIUM
2018-02-03 10:00:00,3572,3840.3904182224087,MEDIUM
2018-02-03 11:00:00,3838,4267.944812323076,MEDIUM
2018-02-03 11:00:00,3838,4267.944812323076,MEDIUM
2018-02-03 12:00:00,3924,3919.266788123845,MEDIUM
2018-02-03 12:00:00,3924,3919.266788123845,MEDIUM
2018-02-03 13:00:00,3562,3669.5713693724765,MEDIUM
2018-02-03 13:00:00,3562,3669.5713693724765,MEDIUM
2018-02-03 14:00:00,3572,3659.618930906471,MEDIUM
2018-02-03 14:00:00,3572,3659.618930906471,MEDIUM
2018-02-03 15:00:00,3716,3668.753934320963,MEDIUM
2018-02-03 15:00:00,3716,3668.753934320963,MEDIUM
2018-02-03 16:00:00,3752,3279.9741891719395,MEDIUM
2018-02-03 16:00:00,3752,3279.9741891719395,MEDIUM
2018-02-03 16:00:00,3752,3279.9741891719395,MEDIUM
2018-02-03 17:00:00,3652,2910.260523773612,MEDIUM
2018-02-03 17:00:00,3652,2910.260523773612,MEDIUM
2018-02-03 18:00:00,3763,3128.6959985931926,MEDIUM
2018-02-03 19:00:00,3301,2894.6114302533215,MEDIUM
2018-02-03 20:00:00,2632,2668.8784160429054,MEDIUM
2018-02-03 21:00:00,2454,2486.246814597269,MEDIUM
2018-02-03 21:00:00,2454,2486.246814597269,MEDIUM
2018-02-03 22:00:00,2892,2251.354574010156,MEDIUM
2018-02-03 22:00:00,2892,2251.354574010156,MEDIUM
2018-02-03 23:00:00,2935,1913.9554523809522,LOW
2018-02-03 23:00:00,2935,1913.9554523809522,LOW
2018-02-03 23:00:00,2935,1913.9554523809522,LOW
2018-02-04 00:00:00,1536,1084.9179641663304,LOW
2018-02-04 00:00:00,1536,1084.9179641663304,LOW
2018-02-04 00:00:00,1536,1084.9179641663304,LOW
2018-02-04 01:00:00,986,733.2693371031779,LOW
2018-02-04 01:00:00,986,733.2693371031779,LOW
2018-02-04 01:00:00,986,733.2693371031779,LOW
2018-02-04 02:00:00,670,404.20797763526775,LOW
2018-02-04 03:00:00,520,550.178634920635,LOW
2018-02-04 04:00:00,524,740.772347553375,LOW
2018-02-04 05:00:00,648,1019.2342611927545,LOW
2018-02-04 06:00:00,1046,1539.3929453819628,LOW
2018-02-04 07:00:00,1320,1984.143732019664,LOW
2018-02-04 08:00:00,1857,2719.879789509118,MEDIUM
2018-02-04 09:00:00,2449,3154.2028455652403,MEDIUM
2018-02-04 10:00:00,3225,3534.659695622088,MEDIUM
2018-02-04 11:00:00,3452,3919.4986560145726,MEDIUM
2018-02-04 12:00:00,3735,3903.806396556384,MEDIUM
2018-02-04 13:00:00,3801,3849.2674692713704,MEDIUM
2018-02-04 14:00:00,3686,3774.295634389597,MEDIUM
2018-02-04 15:00:00,3508,3411.6674828352475,MEDIUM
2018-02-04 16:00:00,3630,3182.2307235264743,MEDIUM
2018-02-04 17:00:00,2975,2737.792666666667,MEDIUM
2018-02-04 18:00:00,2052,1911.6176957058246,LOW
2018-02-04 19:00:00,1720,1631.2962545384723,LOW
2018-02-04 20:00:00,1855,1855.9317602661004,LOW
2018-02-04 21:00:00,2438,1805.973010587183,LOW
2018-02-04 22:00:00,2382,1715.4346499602088,LOW
2018-02-04 23:00:00,1321,685.5788310769859,LOW
2018-02-05 00:00:00,836,466.732503737061,LOW
2018-02-05 01:00:00,505,471.025005340539,LOW
2018-02-05 02:00:00,411,592.0975171692107,LOW
2018-02-05 03:00:00,429,1296.9606709258196,LOW
2018-02-05 04:00:00,925,3972.2461024564395,MEDIUM
2018-02-05 05:00:00,2657,5328.807439255965,HIGH
2018-02-05 06:00:00,4846,5304.131910547786,HIGH
2018-02-05 07:00:00,6026,5587.861962857177,HIGH
2018-02-05 08:00:00,6048,4920.457290993857,HIGH
2018-02-05 09:00:00,4893,4328.3848768705475,MEDIUM
2018-02-05 10:00:00,4124,4380.338765389191,MEDIUM
2018-02-05 11:00:00,4470,4678.6452723970315,HIGH
2018-02-05 12:00:00,4450,4556.173545009806,HIGH
2018-02-05 13:00:00,4303,4477.80184271404,MEDIUM
2018-02-05 14:00:00,4884,5275.439346377672,HIGH
2018-02-05 15:00:00,5441,6203.610492262241,HIGH
2018-02-05 15:00:00,5441,6203.610492262241,HIGH
2018-02-05 16:00:00,6091,5765.937667345354,HIGH
2018-02-05 16:00:00,6091,5765.937667345354,HIGH
2018-02-05 17:00:00,5912,4039.726686725602,MEDIUM
2018-02-05 18:00:00,4263,2883.0527254918916,MEDIUM
2018-02-05 19:00:00,3098,2724.3756249442745,MEDIUM
2018-02-05 20:00:00,2587,2307.7048962239896,MEDIUM
2018-02-05 21:00:00,2136,1567.6013079192642,LOW
2018-02-05 22:00:00,1459,985.012775791862,LOW
2018-02-05 23:00:00,887,486.2757145844555,LOW
2018-02-06 00:00:00,468,305.76854609028777,LOW
2018-02-06 01:00:00,334,266.3343946450252,LOW
2018-02-06 02:00:00,237,372.1866565911458,LOW
2018-02-06 03:00:00,339,762.1352092243657,LOW
2018-02-06 04:00:00,850,3351.177943376564,MEDIUM
2018-02-06 05:00:00,2801,5834.805074646693,HIGH
2018-02-06 06:00:00,5434,6111.827652178155,HIGH
2018-02-06 07:00:00,6067,5562.965135992119,HIGH
2018-02-06 08:00:00,5009,4837.139787644506,HIGH
2018-02-06 09:00:00,5190,4439.337266909429,MEDIUM
2018-02-06 10:00:00,4290,4489.4350758452865,MEDIUM
2018-02-06 11:00:00,4309,4489.781718866901,MEDIUM
2018-02-06 12:00:00,4741,4823.480634761321,HIGH
2018-02-06 13:00:00,4621,5041.875940402947,HIGH
2018-02-06 14:00:00,4987,5539.140241686126,HIGH
2018-02-06 15:00:00,5710,6423.349404595605,HIGH
2018-02-06 16:00:00,6770,5742.452420666102,HIGH
2018-02-06 17:00:00,6207,4389.404443983705,MEDIUM
2018-02-06 18:00:00,4612,3117.657398289997,MEDIUM
2018-02-06 19:00:00,3217,2758.1974073304086,MEDIUM
2018-02-06 20:00:00,2634,2346.1752946180345,MEDIUM
2018-02-06 21:00:00,2407,1595.6903157943855,LOW
2018-02-06 22:00:00,1652,1153.9481982256277,LOW
2018-02-06 23:00:00,1120,583.0251440760335,LOW
2018-02-07 00:00:00,549,390.84880820309013,LOW
2018-02-07 01:00:00,346,263.7928474304302,LOW
2018-02-07 01:00:00,346,263.7928474304302,LOW
2018-02-07 02:00:00,259,374.2173929126581,LOW
2018-02-07 02:00:00,259,374.2173929126581,LOW
2018-02-07 03:00:00,337,802.9007048684609,LOW
2018-02-07 03:00:00,337,802.9007048684609,LOW
2018-02-07 04:00:00,865,2507.200113910664,MEDIUM
2018-02-07 04:00:00,865,2507.200113910664,MEDIUM
2018-02-07 05:00:00,2776,5650.970463036889,HIGH
2018-02-07 05:00:00,2776,5650.970463036889,HIGH
2018-02-07 06:00:00,4899,5485.844920093794,HIGH
2018-02-07 07:00:00,4967,4915.742789330519,HIGH
2018-02-07 07:00:00,4967,4915.742789330519,HIGH
2018-02-07 08:00:00,4915,4660.59546937413,HIGH
2018-02-07 08:00:00,4915,4660.59546937413,HIGH
2018-02-07 09:00:00,5343,4586.932267539624,HIGH
2018-02-07 09:00:00,5343,4586.932267539624,HIGH
2018-02-07 10:00:00,4364,4579.243982100179,HIGH
2018-02-07 11:00:00,4466,4718.600242925942,HIGH
2018-02-07 12:00:00,4697,4876.85178593508,HIGH
2018-02-07 13:00:00,4833,5195.971820404126,HIGH
2018-02-07 14:00:00,5095,5683.273927148117,HIGH
2018-02-07 15:00:00,5658,6304.008701644155,HIGH
2018-02-07 16:00:00,6531,6039.9848562981315,HIGH
2018-02-07 17:00:00,6117,4573.777071645462,HIGH
2018-02-07 18:00:00,4394,3166.2377107225084,MEDIUM
2018-02-07 19:00:00,3307,2787.1865316930466,MEDIUM
2018-02-07 20:00:00,3037,2419.603243990973,MEDIUM
2018-02-07 21:00:00,2463,1752.7426913704965,LOW
2018-02-07 22:00:00,1653,1140.457881443014,LOW
2018-02-07 23:00:00,973,499.10291941100246,LOW
2018-02-08 00:00:00,573,387.5979450708445,LOW
2018-02-08 01:00:00,315,250.23586371916844,LOW
2018-02-08 02:00:00,233,381.776534466383,LOW
2018-02-08 03:00:00,340,824.6051807142234,LOW
2018-02-08 04:00:00,882,3189.9612430738657,MEDIUM
2018-02-08 05:00:00,2830,5974.098388964709,HIGH
2018-02-08 06:00:00,5449,6150.885854202735,HIGH
2018-02-08 07:00:00,5954,5536.856691672121,HIGH
2018-02-08 08:00:00,5395,4898.5367719855985,HIGH
2018-02-08 09:00:00,5192,4522.456381814722,MEDIUM
2018-02-08 09:00:00,5192,4522.456381814722,MEDIUM
2018-02-08 10:00:00,4477,4749.025085727452,HIGH
2018-02-08 10:00:00,4477,4749.025085727452,HIGH
2018-02-08 11:00:00,4686,4916.479475286362,HIGH
2018-02-08 12:00:00,4896,4955.184396355645,HIGH
2018-02-08 13:00:00,4907,5263.24746571498,HIGH
2018-02-08 14:00:00,4988,5563.744868300835,HIGH
2018-02-08 15:00:00,5852,6397.727312015497,HIGH
2018-02-08 16:00:00,6883,5741.1363857460165,HIGH
2018-02-08 17:00:00,6278,4590.2124014125475,HIGH
2018-02-08 18:00:00,4550,3325.2597882775126,MEDIUM
2018-02-08 19:00:00,3494,2985.888620876927,MEDIUM
2018-02-08 20:00:00,3094,2887.7199035611425,MEDIUM
2018-02-08 21:00:00,3530,3007.2735010970277,MEDIUM
2018-02-08 22:00:00,3197,1386.8499999999997,LOW
2018-02-08 23:00:00,1305,670.2444895641772,LOW
2018-02-08 23:00:00,1305,670.2444895641772,LOW
2018-02-09 00:00:00,660,449.4560821596928,LOW
2018-02-09 01:00:00,389,310.112180553515,LOW
2018-02-09 02:00:00,287,425.29548592124445,LOW
2018-02-09 03:00:00,340,788.2474988681098,LOW
2018-02-09 04:00:00,826,2827.5402324892625,MEDIUM
2018-02-09 05:00:00,2651,5272.784562662929,HIGH
2018-02-09 06:00:00,5319,6243.755361887936,HIGH
2018-02-09 07:00:00,6499,5724.730069621068,HIGH
2018-02-09 08:00:00,5467,4916.335239596474,HIGH
2018-02-09 09:00:00,4975,4584.944971524161,HIGH
2018-02-09 10:00:00,4513,4808.249857859155,HIGH
2018-02-09 11:00:00,4913,5176.334506487912,HIGH
2018-02-09 12:00:00,5335,5286.908760576623,HIGH
2018-02-09 13:00:00,5340,5636.011093151976,HIGH
2018-02-09 14:00:00,5429,5893.588994363942,HIGH
2018-02-09 15:00:00,5861,6292.9141287203975,HIGH
2018-02-09 16:00:00,6347,5941.665177176107,HIGH
2018-02-09 17:00:00,5833,4508.904071644042,MEDIUM
2018-02-09 18:00:00,5021,3828.126066552342,MEDIUM
2018-02-09 19:00:00,3804,3076.820016589536,MEDIUM
2018-02-09 20:00:00,3095,3033.6530012181233,MEDIUM
2018-02-09 21:00:00,3092,2743.180011834961,MEDIUM
2018-02-09 22:00:00,2485,1658.3937293654055,LOW
2018-02-09 23:00:00,2126,1144.1295190707376,LOW
2018-02-10 00:00:00,1102,682.5235959597211,LOW
2018-02-10 01:00:00,603,499.52422728645246,LOW
2018-02-10 02:00:00,438,370.56167141747056,LOW
2018-02-10 03:00:00,330,321.56154329004335,LOW
2018-02-10 04:00:00,389,695.531109257573,LOW
2018-02-10 05:00:00,688,1272.0823129458265,LOW
2018-02-10 06:00:00,1164,1745.6322546446283,LOW
2018-02-10 07:00:00,1911,2755.2985003326467,MEDIUM
2018-02-10 08:00:00,3115,3785.0675270543525,MEDIUM
2018-02-10 09:00:00,3653,4194.312120919069,MEDIUM
2018-02-10 10:00:00,4161,4423.893223703347,MEDIUM
2018-02-10 11:00:00,4514,4937.676429043494,HIGH
2018-02-10 12:00:00,5237,5087.439695265912,HIGH
2018-02-10 13:00:00,4925,4534.787117114629,MEDIUM
2018-02-10 14:00:00,5173,4509.7158371628375,MEDIUM
2018-02-10 15:00:00,5030,4561.365974726647,HIGH
2018-02-10 16:00:00,4841,4621.342682555646,HIGH
2018-02-10 17:00:00,4808,4469.996282605553,MEDIUM
2018-02-10 18:00:00,4803,3470.765259465174,MEDIUM
2018-02-10 19:00:00,4346,3342.7197506854823,MEDIUM
2018-02-10 20:00:00,3448,3014.3168303502694,MEDIUM
2018-02-10 21:00:00,3962,3120.410253918671,MEDIUM
2018-02-10 22:00:00,4180,2309.6851904761907,MEDIUM
2018-02-10 23:00:00,2459,1516.4268629148632,LOW
2018-02-11 00:00:00,1367,915.8913283376651,LOW
2018-02-11 01:00:00,761,558.9267524972414,LOW
2018-02-11 02:00:00,488,346.8327714668052,LOW
2018-02-11 03:00:00,302,267.6577155067155,LOW
2018-02-11 04:00:00,254,433.9624373648626,LOW
2018-02-11 05:00:00,431,753.5573646158748,LOW
2018-02-11 06:00:00,789,1086.372380779848,LOW
2018-02-11 07:00:00,1607,2488.30671406715,MEDIUM
2018-02-11 08:00:00,2817,3612.9230338959837,MEDIUM
2018-02-11 09:00:00,3358,3915.5698837046557,MEDIUM
2018-02-11 10:00:00,3869,4271.313278240788,MEDIUM
2018-02-11 11:00:00,4223,4359.549052717378,MEDIUM
2018-02-11 12:00:00,4950,4636.485258449153,HIGH
2018-02-11 13:00:00,4637,4668.847382008928,HIGH
2018-02-11 14:00:00,4886,4598.712214953562,HIGH
2018-02-11 15:00:00,4629,4705.899346240658,HIGH
2018-02-11 16:00:00,4678,4249.415990909519,MEDIUM
2018-02-11 17:00:00,4276,3719.120924620314,MEDIUM
2018-02-11 18:00:00,3846,3465.344491417032,MEDIUM
2018-02-11 19:00:00,2903,2022.2205657398156,LOW
2018-02-11 20:00:00,2435,1979.7504888548804,LOW
2018-02-11 21:00:00,1902,1467.5373873556757,LOW
2018-02-11 22:00:00,1372,1123.330671190574,LOW
2018-02-11 23:00:00,865,487.4942824666697,LOW
2018-02-12 00:00:00,502,314.29618606976885,LOW
2018-02-12 01:00:00,286,238.95840670593498,LOW
2018-02-12 02:00:00,230,344.11832465345367,LOW
2018-02-12 03:00:00,311,767.0898196481738,LOW
2018-02-12 04:00:00,809,2817.0533528671554,MEDIUM
2018-02-12 05:00:00,2735,5919.164839323419,HIGH
2018-02-12 06:00:00,5454,6207.533484244344,HIGH
2018-02-12 07:00:00,6107,5649.1372117602805,HIGH
2018-02-12 08:00:00,5876,4820.615421891575,HIGH
2018-02-12 09:00:00,4941,4369.96367381106,MEDIUM
2018-02-12 10:00:00,4307,4477.02718054026,MEDIUM
2018-02-12 11:00:00,4367,4565.7079592371165,HIGH
2018-02-12 12:00:00,4545,4727.878239932418,HIGH
2018-02-12 13:00:00,4561,4817.892923572449,HIGH
2018-02-12 14:00:00,4998,5602.528582281612,HIGH
2018-02-12 15:00:00,5525,6202.732322394514,HIGH
2018-02-12 16:00:00,6459,5970.900949043266,HIGH
2018-02-12 17:00:00,5852,4062.6435231407745,MEDIUM
2018-02-12 18:00:00,4245,2872.032744286206,MEDIUM
2018-02-12 19:00:00,3034,2532.05190880755,MEDIUM
2018-02-12 20:00:00,2498,2196.4059349307227,MEDIUM
2018-02-12 21:00:00,2055,1436.8793568179813,LOW
2018-02-12 22:00:00,1440,1011.6913581232279,LOW
2018-02-12 23:00:00,934,486.2196589586256,LOW
2018-02-13 00:00:00,498,318.48390725633965,LOW
2018-02-13 01:00:00,300,253.61661303187603,LOW
2018-02-13 02:00:00,225,817.6239943370819,LOW
2018-02-13 03:00:00,368,916.7501550247391,LOW
2018-02-13 04:00:00,885,2268.0000467509713,MEDIUM
2018-02-13 05:00:00,2885,5150.960529899199,HIGH
2018-02-13 06:00:00,5675,6321.265306948676,HIGH
2018-02-13 07:00:00,6585,5953.419827432201,HIGH
2018-02-13 08:00:00,5915,5028.382015283802,HIGH
2018-02-13 09:00:00,5060,4479.3893696700825,MEDIUM
2018-02-13 10:00:00,4423,4676.539876176561,HIGH
2018-02-13 11:00:00,4722,4908.339440852157,HIGH
2018-02-13 12:00:00,4825,4904.611379257681,HIGH
2018-02-13 13:00:00,4762,5184.248418527844,HIGH
2018-02-13 14:00:00,5007,5623.792349648386,HIGH
2018-02-13 15:00:00,5647,6271.265130085265,HIGH
2018-02-13 16:00:00,6587,5968.349606076365,HIGH
2018-02-13 17:00:00,6308,4391.002932770367,MEDIUM
2018-02-13 18:00:00,4917,3442.041713230784,MEDIUM
2018-02-13 19:00:00,3424,2863.2741140840226,MEDIUM
2018-02-13 20:00:00,2979,2546.5574440618175,MEDIUM
2018-02-13 21:00:00,3680,2351.26932629108,MEDIUM
2018-02-13 22:00:00,2908,1871.2066210423563,LOW
2018-02-13 23:00:00,1107,634.8195491905319,LOW
2018-02-14 00:00:00,597,353.78358957827334,LOW
2018-02-14 01:00:00,345,268.98715958741917,LOW
2018-02-14 02:00:00,283,436.93338672161076,LOW
2018-02-14 03:00:00,348,945.4550826888828,LOW
2018-02-14 03:00:00,348,945.4550826888828,LOW
2018-02-14 04:00:00,882,2786.3488907734722,MEDIUM
2018-02-14 04:00:00,882,2786.3488907734722,MEDIUM
2018-02-14 05:00:00,2837,5696.216125786754,HIGH
2018-02-14 05:00:00,2837,5696.216125786754,HIGH
2018-02-14 06:00:00,5402,6089.783191893337,HIGH
2018-02-14 07:00:00,5826,5435.023446011423,HIGH
2018-02-14 07:00:00,5826,5435.023446011423,HIGH
2018-02-14 08:00:00,5572,4910.5074548875455,HIGH
2018-02-14 09:00:00,5194,4583.303659850766,HIGH
2018-02-14 10:00:00,4766,4969.299176131528,HIGH
2018-02-14 11:00:00,4842,5034.0266303871995,HIGH
2018-02-14 12:00:00,4975,4959.396917806111,HIGH
2018-02-14 13:00:00,5027,5384.535222461991,HIGH
2018-02-14 14:00:00,5221,5746.041584355646,HIGH
2018-02-14 15:00:00,5696,6408.72532433399,HIGH
2018-02-14 16:00:00,6660,6095.5165831904815,HIGH
2018-02-14 17:00:00,6154,4569.028509417593,HIGH
2018-02-14 18:00:00,4607,3316.4593723018243,MEDIUM
2018-02-14 19:00:00,3268,2847.843789998721,MEDIUM
2018-02-14 20:00:00,2775,2505.573614059998,MEDIUM
2018-02-14 21:00:00,2493,1951.7223479354295,LOW
2018-02-14 22:00:00,1772,1170.7523211944663,LOW
2018-02-14 23:00:00,1122,642.0309471153324,LOW
2018-02-15 00:00:00,639,390.83188810644174,LOW
2018-02-15 01:00:00,353,295.3801989062843,LOW
2018-02-15 02:00:00,253,416.3391941884071,LOW
2018-02-15 03:00:00,353,1182.8835296688987,LOW
2018-02-15 04:00:00,889,2842.690323897381,MEDIUM
2018-02-15 05:00:00,2862,5685.617139409803,HIGH
2018-02-15 06:00:00,5454,6086.501498224293,HIGH
2018-02-15 07:00:00,6174,5655.103141036388,HIGH
2018-02-15 08:00:00,5488,4946.964948967445,HIGH
2018-02-15 09:00:00,5630,4887.16350525256,HIGH
2018-02-15 10:00:00,4508,4721.752405429229,HIGH
2018-02-15 11:00:00,4644,4894.162503536895,HIGH
2018-02-15 12:00:00,5034,5092.2281414601675,HIGH
2018-02-15 13:00:00,4960,5282.942745521125,HIGH
2018-02-15 14:00:00,5248,5692.447302941244,HIGH
2018-02-15 15:00:00,5844,6381.849282579634,HIGH
2018-02-15 16:00:00,6807,5861.060257375718,HIGH
2018-02-15 17:00:00,6262,4670.23733493003,HIGH
2018-02-15 18:00:00,4982,3748.9522128605827,MEDIUM
2018-02-15 19:00:00,3463,3078.254282366264,MEDIUM
2018-02-15 20:00:00,3144,2631.374539636213,MEDIUM
2018-02-15 21:00:00,3916,3210.9983857794555,MEDIUM
2018-02-15 22:00:00,2674,1681.9966155350498,LOW
2018-02-15 23:00:00,1179,692.9605097499273,LOW
2018-02-15 23:00:00,1179,692.9605097499273,LOW
2018-02-16 00:00:00,674,411.6476793803562,LOW
2018-02-16 01:00:00,387,306.063853992052,LOW
2018-02-16 02:00:00,273,409.94472653040947,LOW
2018-02-16 03:00:00,369,843.0312512244739,LOW
2018-02-16 04:00:00,831,2852.7584749135053,MEDIUM
2018-02-16 05:00:00,2676,5849.771310937578,HIGH
2018-02-16 06:00:00,5122,5770.361146691787,HIGH
2018-02-16 07:00:00,6444,5751.563633189889,HIGH
2018-02-16 08:00:00,5589,4938.244108064859,HIGH
2018-02-16 09:00:00,4764,4456.529069849858,MEDIUM
2018-02-16 10:00:00,4646,4975.8423333560195,HIGH
2018-02-16 11:00:00,4947,5185.680391552437,HIGH
2018-02-16 12:00:00,5337,5293.531609061471,HIGH
2018-02-16 13:00:00,5333,5623.077319985404,HIGH
2018-02-16 14:00:00,5224,5647.491154341282,HIGH
2018-02-16 15:00:00,5921,6275.694112855061,HIGH
2018-02-16 16:00:00,6371,5910.8224373372805,HIGH
2018-02-16 17:00:00,5731,4354.908785359072,MEDIUM
2018-02-16 18:00:00,4896,3531.1000316616824,MEDIUM
2018-02-16 19:00:00,3687,2973.7225745100336,MEDIUM
2018-02-16 20:00:00,3027,2937.7183216318213,MEDIUM
2018-02-16 21:00:00,2903,2589.5534422331593,MEDIUM
2018-02-16 22:00:00,2591,2080.9391432138405,LOW
2018-02-16 23:00:00,1725,1129.4894758612363,LOW
2018-02-17 00:00:00,1068,679.3711098423888,LOW
2018-02-17 01:00:00,661,528.427078604322,LOW
2018-02-17 02:00:00,538,400.31565006865935,LOW
2018-02-17 03:00:00,352,368.7069972527472,LOW
2018-02-17 04:00:00,386,641.9704032204122,LOW
2018-02-17 05:00:00,627,1135.660531024531,LOW
2018-02-17 06:00:00,1226,2019.7590616394132,LOW
2018-02-17 07:00:00,1831,2366.118099729872,MEDIUM
2018-02-17 08:00:00,2826,3270.2276078699006,MEDIUM
2018-02-17 08:00:00,2826,3270.2276078699006,MEDIUM
2018-02-17 09:00:00,3514,3899.495961961692,MEDIUM
2018-02-17 09:00:00,3514,3899.495961961692,MEDIUM
2018-02-17 10:00:00,3977,4488.383770554712,MEDIUM
2018-02-17 11:00:00,4526,4895.921937661462,HIGH
2018-02-17 12:00:00,4933,4932.115037131897,HIGH
2018-02-17 13:00:00,4792,4990.761321873851,HIGH
2018-02-17 14:00:00,4881,4813.095887220505,HIGH
2018-02-17 15:00:00,4912,4832.412280500687,HIGH
2018-02-17 16:00:00,5935,4879.385781526484,HIGH
2018-02-17 17:00:00,4550,3995.3413850419083,MEDIUM
2018-02-17 18:00:00,4284,3548.2347280252893,MEDIUM
2018-02-17 19:00:00,3489,3256.1137931324606,MEDIUM
2018-02-17 20:00:00,2947,3022.657332761911,MEDIUM
2018-02-17 21:00:00,3089,2692.6197895944274,MEDIUM
2018-02-17 22:00:00,2945,2100.6682773784255,LOW
2018-02-17 23:00:00,1858,1252.0770842254385,LOW
2018-02-18 00:00:00,1169,763.444784778516,LOW
2018-02-18 01:00:00,733,558.9622589009613,LOW
2018-02-18 02:00:00,593,364.8520236937861,LOW
2018-02-18 03:00:00,302,269.1237155067155,LOW
2018-02-18 04:00:00,284,491.65151971447,LOW
2018-02-18 05:00:00,444,654.833299640644,LOW
2018-02-18 06:00:00,742,1161.100132870054,LOW
2018-02-18 07:00:00,1210,2015.8398922295423,LOW
2018-02-18 08:00:00,1889,2596.9694115230586,MEDIUM
2018-02-18 09:00:00,2567,3140.21690266529,MEDIUM
2018-02-18 10:00:00,3505,3787.156352749508,MEDIUM
2018-02-18 11:00:00,3826,4280.205644413316,MEDIUM
2018-02-18 12:00:00,4279,4366.426621970746,MEDIUM
2018-02-18 13:00:00,4388,4461.327485789798,MEDIUM
2018-02-18 14:00:00,4263,4266.276226913265,MEDIUM
2018-02-18 15:00:00,4343,4479.716598628389,MEDIUM
2018-02-18 16:00:00,4424,4363.4200753330915,MEDIUM
2018-02-18 17:00:00,4136,3817.949515660703,MEDIUM
2018-02-18 18:00:00,3587,3124.7340140055207,MEDIUM
2018-02-18 19:00:00,3038,2544.193169362301,MEDIUM
2018-02-18 20:00:00,2522,2287.4319206534037,MEDIUM
2018-02-18 21:00:00,2044,1478.480764799158,LOW
2018-02-18 22:00:00,1637,1113.5889202414953,LOW
2018-02-18 23:00:00,1152,635.8066467039359,LOW
2018-02-19 00:00:00,623,391.23501711464365,LOW
2018-02-19 01:00:00,360,288.05054114693866,LOW
2018-02-19 02:00:00,281,670.9916025751678,LOW
2018-02-19 03:00:00,340,1224.583567476655,LOW
2018-02-19 04:00:00,781,2427.6423754248713,MEDIUM
2018-02-19 05:00:00,2432,4190.815368097878,MEDIUM
2018-02-19 06:00:00,4228,4122.768660677625,MEDIUM
2018-02-19 07:00:00,4740,4279.332304627667,MEDIUM
2018-02-19 08:00:00,3905,3643.8394405856934,MEDIUM
2018-02-19 09:00:00,3344,3441.0275891486617,MEDIUM
2018-02-19 09:00:00,3344,3441.0275891486617,MEDIUM
2018-02-19 09:00:00,3344,3441.0275891486617,MEDIUM
2018-02-19 09:00:00,3344,3441.0275891486617,MEDIUM
2018-02-19 10:00:00,3226,3246.303002850107,MEDIUM
2018-02-19 10:00:00,3226,3246.303002850107,MEDIUM
2018-02-19 11:00:00,3239,3313.5760253368794,MEDIUM
2018-02-19 11:00:00,3239,3313.5760253368794,MEDIUM
2018-02-19 12:00:00,3484,3668.0037564851805,MEDIUM
2018-02-19 12:00:00,3484,3668.0037564851805,MEDIUM
2018-02-19 13:00:00,3450,3659.7924967909003,MEDIUM
2018-02-19 13:00:00,3450,3659.7924967909003,MEDIUM
2018-02-19 14:00:00,3490,3663.8879270751054,MEDIUM
2018-02-19 14:00:00,3490,3663.8879270751054,MEDIUM
2018-02-19 14:00:00,3490,3663.8879270751054,MEDIUM
2018-02-19 15:00:00,3426,3484.847392108179,MEDIUM
2018-02-19 15:00:00,3426,3484.847392108179,MEDIUM
2018-02-19 16:00:00,3682,3378.8237534456275,MEDIUM
2018-02-19 16:00:00,3682,3378.8237534456275,MEDIUM
2018-02-19 17:00:00,3585,3112.294839285715,MEDIUM
2018-02-19 17:00:00,3585,3112.294839285715,MEDIUM
2018-02-19 18:00:00,2659,2194.8251776593515,MEDIUM
2018-02-19 18:00:00,2659,2194.8251776593515,MEDIUM
2018-02-19 19:00:00,2087,1931.0228987567818,LOW
2018-02-19 19:00:00,2087,1931.0228987567818,LOW
2018-02-19 20:00:00,1821,1750.638385679902,LOW
2018-02-19 20:00:00,1821,1750.638385679902,LOW
2018-02-19 21:00:00,1593,1449.5574932502745,LOW
2018-02-19 21:00:00,1593,1449.5574932502745,LOW
2018-02-19 22:00:00,1354,887.5276381200845,LOW
2018-02-19 22:00:00,1354,887.5276381200845,LOW
2018-02-19 23:00:00,817,522.8183895890018,LOW
2018-02-20 00:00:00,434,328.5658470865333,LOW
2018-02-20 00:00:00,434,328.5658470865333,LOW
2018-02-20 01:00:00,269,247.87414290640606,LOW
2018-02-20 02:00:00,234,341.00757648865203,LOW
2018-02-20 03:00:00,342,768.4787756628772,LOW
2018-02-20 03:00:00,342,768.4787756628772,LOW
2018-02-20 04:00:00,825,2464.6522296090448,MEDIUM
2018-02-20 04:00:00,825,2464.6522296090448,MEDIUM
2018-02-20 05:00:00,2690,5486.208711085175,HIGH
2018-02-20 05:00:00,2690,5486.208711085175,HIGH
2018-02-20 06:00:00,4705,5410.117592698968,HIGH
2018-02-20 06:00:00,4705,5410.117592698968,HIGH
2018-02-20 07:00:00,4844,4566.403149760139,HIGH
2018-02-20 07:00:00,4844,4566.403149760139,HIGH
2018-02-20 08:00:00,4738,4315.136463696309,MEDIUM
2018-02-20 09:00:00,4707,4260.710139004573,MEDIUM
2018-02-20 09:00:00,4707,4260.710139004573,MEDIUM
2018-02-20 10:00:00,4062,4257.864478748087,MEDIUM
2018-02-20 10:00:00,4062,4257.864478748087,MEDIUM
2018-02-20 10:00:00,4062,4257.864478748087,MEDIUM
2018-02-20 11:00:00,4058,4275.863526856284,MEDIUM
2018-02-20 11:00:00,4058,4275.863526856284,MEDIUM
2018-02-20 12:00:00,4407,4550.182007144605,HIGH
2018-02-20 13:00:00,4439,4774.012429494552,HIGH
2018-02-20 14:00:00,4786,5232.045525346221,HIGH
2018-02-20 15:00:00,5620,6079.084676073595,HIGH
2018-02-20 16:00:00,6471,5903.257323356776,HIGH
2018-02-20 17:00:00,5888,3786.5666680451186,MEDIUM
2018-02-20 18:00:00,4226,2987.791482917147,MEDIUM
2018-02-20 19:00:00,3012,2550.8858350933306,MEDIUM
2018-02-20 20:00:00,2601,2278.6494090702186,MEDIUM
2018-02-20 21:00:00,2591,2197.0579440386778,MEDIUM
2018-02-20 22:00:00,1592,1100.7807790280415,LOW
2018-02-20 23:00:00,965,550.322786014597,LOW
2018-02-21 00:00:00,516,354.45475171012947,LOW
2018-02-21 01:00:00,359,289.386776309374,LOW
2018-02-21 02:00:00,237,375.3245234273676,LOW
2018-02-21 03:00:00,354,886.5775706175186,LOW
2018-02-21 04:00:00,886,2861.3987990664864,MEDIUM
2018-02-21 05:00:00,2858,5868.045885187391,HIGH
2018-02-21 06:00:00,5569,6261.213774925371,HIGH
2018-02-21 07:00:00,6045,5613.488635745502,HIGH
2018-02-21 08:00:00,5638,4954.995982425876,HIGH
2018-02-21 09:00:00,5062,4410.676417957609,MEDIUM
2018-02-21 10:00:00,4553,4809.6925679679225,HIGH
2018-02-21 11:00:00,4837,5033.835492286724,HIGH
2018-02-21 12:00:00,5091,5129.19384162228,HIGH
2018-02-21 13:00:00,4632,5066.716879822272,HIGH
2018-02-21 14:00:00,5130,5726.374918373318,HIGH
2018-02-21 15:00:00,5364,6080.620920295478,HIGH
2018-02-21 16:00:00,6795,5713.41800656665,HIGH
2018-02-21 17:00:00,6282,4626.840425604583,HIGH
2018-02-21 18:00:00,4583,3206.688492410662,MEDIUM
2018-02-21 19:00:00,3356,2914.152051546443,MEDIUM
2018-02-21 20:00:00,2959,2361.6195794184587,MEDIUM
2018-02-21 21:00:00,2471,1921.190279795789,LOW
2018-02-21 22:00:00,1749,1111.6426224327065,LOW
2018-02-21 23:00:00,1029,564.048385391264,LOW
2018-02-22 00:00:00,528,333.43468429548585,LOW
2018-02-22 01:00:00,338,272.8721321416114,LOW
2018-02-22 02:00:00,245,449.6386755269578,LOW
2018-02-22 03:00:00,339,853.2220754966002,LOW
2018-02-22 04:00:00,853,2921.3995186342304,MEDIUM
2018-02-22 05:00:00,2854,5886.664986054833,HIGH
2018-02-22 06:00:00,5466,6208.425142294018,HIGH
2018-02-22 07:00:00,6559,5868.128194518931,HIGH
2018-02-22 08:00:00,5837,4991.124097965699,HIGH
2018-02-22 09:00:00,5428,4837.582328014891,HIGH
2018-02-22 10:00:00,4827,5073.613668836013,HIGH
2018-02-22 11:00:00,5108,5173.083454047833,HIGH
2018-02-22 12:00:00,4980,4974.181555005761,HIGH
2018-02-22 13:00:00,5174,5621.449612770658,HIGH
2018-02-22 14:00:00,5353,5852.757985948992,HIGH
2018-02-22 15:00:00,6263,6429.822368902157,HIGH
2018-02-22 16:00:00,6902,5843.545930788403,HIGH
2018-02-22 17:00:00,5900,4568.147629818015,HIGH
2018-02-22 18:00:00,4514,3447.331958628478,MEDIUM
2018-02-22 19:00:00,3048,2735.703919433958,MEDIUM
2018-02-22 20:00:00,2736,2684.0494959582593,MEDIUM
2018-02-22 20:00:00,2736,2684.0494959582593,MEDIUM
2018-02-22 21:00:00,2247,1910.6814997505226,LOW
2018-02-22 21:00:00,2247,1910.6814997505226,LOW
2018-02-22 22:00:00,1905,1130.1189954740114,LOW
2018-02-22 22:00:00,1905,1130.1189954740114,LOW
2018-02-22 23:00:00,1372,908.6231440918174,LOW
2018-02-22 23:00:00,1372,908.6231440918174,LOW
2018-02-22 23:00:00,1372,908.6231440918174,LOW
2018-02-23 00:00:00,632,414.9503939275969,LOW
2018-02-23 00:00:00,632,414.9503939275969,LOW
2018-02-23 00:00:00,632,414.9503939275969,LOW
2018-02-23 01:00:00,390,311.4522543023256,LOW
2018-02-23 01:00:00,390,311.4522543023256,LOW
2018-02-23 01:00:00,390,311.4522543023256,LOW
2018-02-23 02:00:00,309,414.481170771102,LOW
2018-02-23 02:00:00,309,414.481170771102,LOW
2018-02-23 03:00:00,368,1485.9648546243986,LOW
2018-02-23 03:00:00,368,1485.9648546243986,LOW
2018-02-23 04:00:00,830,2635.1027912746317,MEDIUM
2018-02-23 04:00:00,830,2635.1027912746317,MEDIUM
2018-02-23 05:00:00,2451,5021.854094118589,HIGH
2018-02-23 05:00:00,2451,5021.854094118589,HIGH
2018-02-23 06:00:00,4627,5287.532835830836,HIGH
2018-02-23 06:00:00,4627,5287.532835830836,HIGH
2018-02-23 07:00:00,5240,4970.729802146018,HIGH
2018-02-23 07:00:00,5240,4970.729802146018,HIGH
2018-02-23 08:00:00,4595,4390.088888175149,MEDIUM
2018-02-23 09:00:00,4413,4225.214629808547,MEDIUM
2018-02-23 10:00:00,4140,4354.4062328254795,MEDIUM
2018-02-23 11:00:00,4183,4450.3742064103735,MEDIUM
2018-02-23 12:00:00,4732,4813.319767428971,HIGH
2018-02-23 13:00:00,4786,5176.735797358089,HIGH
2018-02-23 14:00:00,5131,5604.097184617573,HIGH
2018-02-23 15:00:00,5631,6010.485496894375,HIGH
2018-02-23 16:00:00,6368,5910.690266024803,HIGH
2018-02-23 17:00:00,5681,4506.796206158587,MEDIUM
2018-02-23 18:00:00,4876,3554.3546764620974,MEDIUM
2018-02-23 19:00:00,3751,3146.0883874243586,MEDIUM
2018-02-23 20:00:00,3124,3477.772983219867,MEDIUM
2018-02-23 21:00:00,3015,2608.093056679714,MEDIUM
2018-02-23 22:00:00,2528,1817.087073260073,LOW
2018-02-23 23:00:00,2105,1173.3546070594516,LOW
2018-02-23 23:00:00,2105,1173.3546070594516,LOW
2018-02-24 00:00:00,1043,670.1374898657472,LOW
2018-02-24 00:00:00,1043,670.1374898657472,LOW
2018-02-24 01:00:00,712,563.4094198573508,LOW
2018-02-24 01:00:00,712,563.4094198573508,LOW
2018-02-24 02:00:00,490,370.67496218705827,LOW
2018-02-24 02:00:00,490,370.67496218705827,LOW
2018-02-24 02:00:00,490,370.67496218705827,LOW
2018-02-24 03:00:00,425,711.5291666666666,LOW
2018-02-24 03:00:00,425,711.5291666666666,LOW
2018-02-24 03:00:00,425,711.5291666666666,LOW
2018-02-24 04:00:00,404,744.4462673151141,LOW
2018-02-24 04:00:00,404,744.4462673151141,LOW
2018-02-24 05:00:00,676,1266.0534240569377,LOW
2018-02-24 05:00:00,676,1266.0534240569377,LOW
2018-02-24 05:00:00,676,1266.0534240569377,LOW
2018-02-24 06:00:00,1119,1591.979196988361,LOW
2018-02-24 06:00:00,1119,1591.979196988361,LOW
2018-02-24 06:00:00,1119,1591.979196988361,LOW
2018-02-24 07:00:00,1836,2560.3164106682275,MEDIUM
2018-02-24 07:00:00,1836,2560.3164106682275,MEDIUM
2018-02-24 07:00:00,1836,2560.3164106682275,MEDIUM
2018-02-24 07:00:00,1836,2560.3164106682275,MEDIUM
2018-02-24 08:00:00,3018,3725.3255714363045,MEDIUM
2018-02-24 08:00:00,3018,3725.3255714363045,MEDIUM
2018-02-24 08:00:00,3018,3725.3255714363045,MEDIUM
2018-02-24 08:00:00,3018,3725.3255714363045,MEDIUM
2018-02-24 09:00:00,3753,4287.22156271298,MEDIUM
2018-02-24 09:00:00,3753,4287.22156271298,MEDIUM
2018-02-24 09:00:00,3753,4287.22156271298,MEDIUM
2018-02-24 10:00:00,4373,4782.175240197026,HIGH
2018-02-24 10:00:00,4373,4782.175240197026,HIGH
2018-02-24 11:00:00,4487,4914.769949263913,HIGH
2018-02-24 12:00:00,4938,4875.932585025649,HIGH
2018-02-24 12:00:00,4938,4875.932585025649,HIGH
2018-02-24 13:00:00,4744,4681.509920233633,HIGH
2018-02-24 13:00:00,4744,4681.509920233633,HIGH
2018-02-24 14:00:00,4831,4804.632900566568,HIGH
2018-02-24 15:00:00,3660,3663.9351742074673,MEDIUM
2018-02-24 15:00:00,3660,3663.9351742074673,MEDIUM
2018-02-24 15:00:00,3660,3663.9351742074673,MEDIUM
2018-02-24 16:00:00,3247,2991.5272023179778,MEDIUM
2018-02-24 16:00:00,3247,2991.5272023179778,MEDIUM
2018-02-24 17:00:00,2709,2632.296827922078,MEDIUM
2018-02-24 17:00:00,2709,2632.296827922078,MEDIUM
2018-02-24 18:00:00,2677,2551.884788709013,MEDIUM
2018-02-24 18:00:00,2677,2551.884788709013,MEDIUM
2018-02-24 19:00:00,2338,2142.9608184435733,LOW
2018-02-24 19:00:00,2338,2142.9608184435733,LOW
2018-02-24 19:00:00,2338,2142.9608184435733,LOW
2018-02-24 20:00:00,1520,1370.953826546554,LOW
2018-02-24 20:00:00,1520,1370.953826546554,LOW
2018-02-24 21:00:00,1686,1449.6236143393953,LOW
2018-02-24 21:00:00,1686,1449.6236143393953,LOW
2018-02-24 21:00:00,1686,1449.6236143393953,LOW
2018-02-24 22:00:00,1786,1147.3909862450594,LOW
2018-02-24 22:00:00,1786,1147.3909862450594,LOW
2018-02-24 23:00:00,1162,735.2603116493102,LOW
2018-02-24 23:00:00,1162,735.2603116493102,LOW
2018-02-25 00:00:00,779,617.4978056603557,LOW
2018-02-25 00:00:00,779,617.4978056603557,LOW
2018-02-25 01:00:00,510,471.0448953290604,LOW
2018-02-25 01:00:00,510,471.0448953290604,LOW
2018-02-25 02:00:00,381,371.0568166654198,LOW
2018-02-25 02:00:00,381,371.0568166654198,LOW
2018-02-25 02:00:00,381,371.0568166654198,LOW
2018-02-25 03:00:00,254,266.9352777777778,LOW
2018-02-25 03:00:00,254,266.9352777777778,LOW
2018-02-25 03:00:00,254,266.9352777777778,LOW
2018-02-25 04:00:00,251,442.1889504255216,LOW
2018-02-25 05:00:00,407,677.3175009829196,LOW
2018-02-25 06:00:00,723,997.9444675324676,LOW
2018-02-25 07:00:00,947,1303.933102727328,LOW
2018-02-25 08:00:00,1343,2188.211525813782,MEDIUM
2018-02-25 09:00:00,2014,2793.690486481493,MEDIUM
2018-02-25 10:00:00,2598,3161.9588964975696,MEDIUM
2018-02-25 11:00:00,3073,3383.0872193818677,MEDIUM
2018-02-25 12:00:00,3719,3891.950259251073,MEDIUM
2018-02-25 13:00:00,3840,3946.860358441431,MEDIUM
2018-02-25 14:00:00,3865,4030.068744633367,MEDIUM
2018-02-25 15:00:00,3974,4165.692078058786,MEDIUM
2018-02-25 16:00:00,4262,3991.9674079476995,MEDIUM
2018-02-25 17:00:00,4131,3792.690675076784,MEDIUM
2018-02-25 18:00:00,3759,3216.3981827756415,MEDIUM
2018-02-25 19:00:00,2950,2498.404034067985,MEDIUM
2018-02-25 20:00:00,2604,2225.7878294884413,MEDIUM
2018-02-25 21:00:00,2507,2674.426024941334,MEDIUM
2018-02-25 22:00:00,3097,2128.7252744360903,LOW
2018-02-25 23:00:00,1239,688.4585184589954,LOW
2018-02-26 00:00:00,517,323.87248551381515,LOW
2018-02-26 01:00:00,348,280.04244904673453,LOW
2018-02-26 02:00:00,267,393.84692395379466,LOW
2018-02-26 03:00:00,336,1378.659256527243,LOW
2018-02-26 04:00:00,902,2856.2457521173988,MEDIUM
2018-02-26 05:00:00,2665,5139.948315656439,HIGH
2018-02-26 06:00:00,5186,6028.084501016952,HIGH
2018-02-26 07:00:00,6034,5617.756732961482,HIGH
2018-02-26 08:00:00,5602,4767.413844073053,HIGH
2018-02-26 09:00:00,5033,4466.853308607696,MEDIUM
2018-02-26 10:00:00,4472,4694.467461936064,HIGH
2018-02-26 11:00:00,4371,4573.172567696409,HIGH
2018-02-26 12:00:00,4532,4724.3310598396265,HIGH
2018-02-26 13:00:00,4602,4986.999574643781,HIGH
2018-02-26 14:00:00,4875,5243.462283135595,HIGH
2018-02-26 15:00:00,5389,6115.052968328501,HIGH
2018-02-26 16:00:00,6370,5917.304405712395,HIGH
2018-02-26 17:00:00,5920,4324.952801194266,MEDIUM
2018-02-26 18:00:00,4442,3037.900136147973,MEDIUM
2018-02-26 19:00:00,3086,2757.005060758265,MEDIUM
2018-02-26 20:00:00,2642,2453.5665833372013,MEDIUM
2018-02-26 21:00:00,2197,1643.9716116617942,LOW
2018-02-26 22:00:00,1528,951.7772410289322,LOW
2018-02-26 23:00:00,1008,602.2018068158907,LOW
2018-02-27 00:00:00,529,328.1732820373886,LOW
2018-02-27 01:00:00,329,268.88314531372885,LOW
2018-02-27 02:00:00,255,354.6945830362534,LOW
2018-02-27 03:00:00,370,993.2065303832443,LOW
2018-02-27 04:00:00,878,2878.5206664579587,MEDIUM
2018-02-27 04:00:00,878,2878.5206664579587,MEDIUM
2018-02-27 05:00:00,2884,5214.668196565865,HIGH
2018-02-27 05:00:00,2884,5214.668196565865,HIGH
2018-02-27 05:00:00,2884,5214.668196565865,HIGH
2018-02-27 06:00:00,5418,5617.7706550190005,HIGH
2018-02-27 06:00:00,5418,5617.7706550190005,HIGH
2018-02-27 07:00:00,6318,5749.208459239769,HIGH
2018-02-27 07:00:00,6318,5749.208459239769,HIGH
2018-02-27 08:00:00,5876,5001.756763809776,HIGH
2018-02-27 08:00:00,5876,5001.756763809776,HIGH
2018-02-27 09:00:00,5093,4539.858015478221,MEDIUM
2018-02-27 09:00:00,5093,4539.858015478221,MEDIUM
2018-02-27 09:00:00,5093,4539.858015478221,MEDIUM
2018-02-27 10:00:00,4349,4570.4436377392185,HIGH
2018-02-27 10:00:00,4349,4570.4436377392185,HIGH
2018-02-27 11:00:00,4607,4814.7846637212515,HIGH
2018-02-27 12:00:00,4901,5108.205842489521,HIGH
2018-02-27 13:00:00,4912,5302.779358839198,HIGH
2018-02-27 14:00:00,5221,5752.055649709497,HIGH
2018-02-27 15:00:00,5755,6433.609886649269,HIGH
2018-02-27 16:00:00,6445,5995.43554524889,HIGH
2018-02-27 17:00:00,6202,4443.236740233257,MEDIUM
2018-02-27 18:00:00,4430,3109.9611612767035,MEDIUM
2018-02-27 19:00:00,3376,2946.451770486391,MEDIUM
2018-02-27 20:00:00,2891,2698.826902733348,MEDIUM
2018-02-27 21:00:00,3376,2951.733655310537,MEDIUM
2018-02-27 22:00:00,3003,1958.3836924072664,LOW
2018-02-27 23:00:00,1151,630.5246484868568,LOW
2018-02-28 00:00:00,602,363.7280274326092,LOW
2018-02-28 01:00:00,340,272.77156410147273,LOW
2018-02-28 02:00:00,294,467.27614815175525,LOW
2018-02-28 03:00:00,378,944.0016119218676,LOW
2018-02-28 04:00:00,887,2840.8458126190462,MEDIUM
2018-02-28 05:00:00,2873,5790.048914410377,HIGH
2018-02-28 06:00:00,5649,6431.11239242426,HIGH
2018-02-28 07:00:00,6351,5792.025152830395,HIGH
2018-02-28 08:00:00,6007,5066.142744198613,HIGH
2018-02-28 09:00:00,5230,4634.479515269868,HIGH
2018-02-28 10:00:00,4561,4822.72855901958,HIGH
2018-02-28 11:00:00,4860,5028.595889269939,HIGH
2018-02-28 12:00:00,4936,4951.350038922883,HIGH
2018-02-28 13:00:00,5036,5419.618309946228,HIGH
2018-02-28 14:00:00,5255,5798.857698257584,HIGH
2018-02-28 15:00:00,5729,6464.020168304808,HIGH
2018-02-28 16:00:00,6563,6020.428257288864,HIGH
2018-02-28 17:00:00,6316,4574.502538746527,HIGH
2018-02-28 18:00:00,4877,3408.970681751393,MEDIUM
2018-02-28 19:00:00,3267,2941.750423132446,MEDIUM
2018-02-28 20:00:00,2939,2602.2265522116027,MEDIUM
2018-02-28 21:00:00,2629,1842.5739195165766,LOW
2018-02-28 22:00:00,1780,1200.3615179450626,LOW
2018-02-28 23:00:00,1102,721.6711296664694,LOW
2018-03-01 00:00:00,600,400.63536695623435,LOW
2018-03-01 01:00:00,369,312.21753262228646,LOW
2018-03-01 02:00:00,283,607.9708623857495,LOW
2018-03-01 03:00:00,385,782.4133693222968,LOW
2018-03-01 04:00:00,919,3462.021432140983,MEDIUM
2018-03-01 05:00:00,2872,5853.107257519552,HIGH
2018-03-01 06:00:00,5703,6650.334774436047,HIGH
2018-03-01 07:00:00,6275,5719.027031970705,HIGH
2018-03-01 08:00:00,5728,5074.607744910671,HIGH
2018-03-01 09:00:00,5419,4841.45821030031,HIGH
2018-03-01 10:00:00,4555,4842.254549033616,HIGH
2018-03-01 11:00:00,4875,5045.855480184743,HIGH
2018-03-01 12:00:00,5080,5122.5011873135645,HIGH
2018-03-01 13:00:00,5210,5617.72389531529,HIGH
2018-03-01 14:00:00,5328,5874.2959710197765,HIGH
2018-03-01 15:00:00,5952,6635.631807671231,HIGH
2018-03-01 16:00:00,6565,6030.5500993431515,HIGH
2018-03-01 17:00:00,6236,4709.823141092519,HIGH
2018-03-01 18:00:00,4800,3358.752323850097,MEDIUM
2018-03-01 19:00:00,3709,3166.9198118969216,MEDIUM
2018-03-01 20:00:00,3169,3109.283659533867,MEDIUM
2018-03-01 21:00:00,2981,2395.216343682987,MEDIUM
2018-03-01 22:00:00,2166,1356.547143569509,LOW
2018-03-01 23:00:00,1266,693.4464183764753,LOW
2018-03-02 00:00:00,644,388.7508350575665,LOW
2018-03-02 01:00:00,416,322.48285226578287,LOW
2018-03-02 02:00:00,295,377.88119123493067,LOW
2018-03-02 03:00:00,364,999.9437244868433,LOW
2018-03-02 04:00:00,846,2819.5348321199353,MEDIUM
2018-03-02 04:00:00,846,2819.5348321199353,MEDIUM
2018-03-02 05:00:00,2670,5688.058212579156,HIGH
2018-03-02 05:00:00,2670,5688.058212579156,HIGH
2018-03-02 06:00:00,5165,6122.221660840541,HIGH
2018-03-02 06:00:00,5165,6122.221660840541,HIGH
2018-03-02 07:00:00,6497,5725.367540586204,HIGH
2018-03-02 08:00:00,5636,5039.0890215905665,HIGH
2018-03-02 09:00:00,4945,4686.979429200589,HIGH
2018-03-02 10:00:00,4858,5281.831746316015,HIGH
2018-03-02 11:00:00,5171,5558.454871815656,HIGH
2018-03-02 12:00:00,5391,5370.595034082844,HIGH
2018-03-02 13:00:00,5390,5704.124322913475,HIGH
2018-03-02 14:00:00,5692,6075.826763924643,HIGH
2018-03-02 15:00:00,6057,6392.86675505932,HIGH
2018-03-02 16:00:00,6730,5953.382250977999,HIGH
2018-03-02 17:00:00,6070,5169.276984760859,HIGH
2018-03-02 18:00:00,4954,4069.626579914092,MEDIUM
2018-03-02 19:00:00,3996,3362.9881087458766,MEDIUM
2018-03-02 20:00:00,3551,3350.2581716448285,MEDIUM
2018-03-02 21:00:00,3238,3000.55013348073,MEDIUM
2018-03-02 22:00:00,2453,1956.056802985414,LOW
2018-03-02 23:00:00,1798,1321.4950544900628,LOW
2018-03-03 00:00:00,1516,1069.538187624928,LOW
2018-03-03 01:00:00,751,576.8510243599677,LOW
2018-03-03 02:00:00,497,385.5695538661562,LOW
2018-03-03 03:00:00,365,475.83196153846154,LOW
2018-03-03 04:00:00,457,752.4453151285983,LOW
2018-03-03 05:00:00,686,1526.48872671199,LOW
2018-03-03 06:00:00,1174,1672.6601194864124,LOW
2018-03-03 07:00:00,2050,3070.4393640982903,MEDIUM
2018-03-03 08:00:00,3029,3744.637314359207,MEDIUM
2018-03-03 09:00:00,3911,4357.64158127892,MEDIUM
2018-03-03 10:00:00,4598,4999.448119246996,HIGH
2018-03-03 11:00:00,4766,5174.087098708148,HIGH
2018-03-03 12:00:00,5023,4950.829066292683,HIGH
2018-03-03 13:00:00,5240,5026.800447081347,HIGH
2018-03-03 14:00:00,5040,4932.655923850641,HIGH
2018-03-03 15:00:00,4945,4953.841389469782,HIGH
2018-03-03 16:00:00,4855,4717.982837710024,HIGH
2018-03-03 17:00:00,4837,4519.20996974972,MEDIUM
2018-03-03 18:00:00,4396,3592.181559650529,MEDIUM
2018-03-03 19:00:00,3817,3289.3436343802186,MEDIUM
2018-03-03 20:00:00,3169,3263.505600885402,MEDIUM
2018-03-03 21:00:00,3632,3044.4448231570627,MEDIUM
2018-03-03 22:00:00,3148,2030.9935916834768,LOW
2018-03-03 23:00:00,1934,1556.1424852463304,LOW
2018-03-04 00:00:00,1216,902.4585312922768,LOW
2018-03-04 01:00:00,756,623.3440404700949,LOW
2018-03-04 02:00:00,543,390.6001366620069,LOW
2018-03-04 03:00:00,351,315.96872218659587,LOW
2018-03-04 04:00:00,299,477.6661925135473,LOW
2018-03-04 04:00:00,299,477.6661925135473,LOW
2018-03-04 05:00:00,431,661.4437959012373,LOW
2018-03-04 06:00:00,733,982.5051657071162,LOW
2018-03-04 06:00:00,733,982.5051657071162,LOW
2018-03-04 06:00:00,733,982.5051657071162,LOW
2018-03-04 07:00:00,1149,1562.9019834093767,LOW
2018-03-04 07:00:00,1149,1562.9019834093767,LOW
2018-03-04 08:00:00,1840,2324.220040782154,MEDIUM
2018-03-04 08:00:00,1840,2324.220040782154,MEDIUM
2018-03-04 08:00:00,1840,2324.220040782154,MEDIUM
2018-03-04 09:00:00,2434,3040.0071260398277,MEDIUM
2018-03-04 10:00:00,3193,3570.1424348776427,MEDIUM
2018-03-04 10:00:00,3193,3570.1424348776427,MEDIUM
2018-03-04 11:00:00,3594,3802.488355684637,MEDIUM
2018-03-04 11:00:00,3594,3802.488355684637,MEDIUM
2018-03-04 12:00:00,4241,4352.524375795421,MEDIUM
2018-03-04 12:00:00,4241,4352.524375795421,MEDIUM
2018-03-04 13:00:00,4328,4374.43056754297,MEDIUM
2018-03-04 14:00:00,4341,4361.628204854855,MEDIUM
2018-03-04 15:00:00,4226,4157.934750624537,MEDIUM
2018-03-04 16:00:00,4537,4314.472104682615,MEDIUM
2018-03-04 17:00:00,4093,3696.523531758831,MEDIUM
2018-03-04 18:00:00,3910,3301.261275799203,MEDIUM
2018-03-04 19:00:00,2945,2563.2702347530735,MEDIUM
2018-03-04 20:00:00,3258,2616.5481999762715,MEDIUM
2018-03-04 21:00:00,3017,2408.4614637280333,MEDIUM
2018-03-04 22:00:00,1747,1660.5885281398523,LOW
2018-03-04 23:00:00,1138,714.4153050265814,LOW
2018-03-04 23:00:00,1138,714.4153050265814,LOW
2018-03-05 00:00:00,703,574.0991239284494,LOW
2018-03-05 00:00:00,703,574.0991239284494,LOW
2018-03-05 01:00:00,471,405.48389663452775,LOW
2018-03-05 01:00:00,471,405.48389663452775,LOW
2018-03-05 02:00:00,391,492.06591487506404,LOW
2018-03-05 02:00:00,391,492.06591487506404,LOW
2018-03-05 03:00:00,486,853.4585503558836,LOW
2018-03-05 03:00:00,486,853.4585503558836,LOW
2018-03-05 03:00:00,486,853.4585503558836,LOW
2018-03-05 04:00:00,976,2724.7523029124086,MEDIUM
2018-03-05 05:00:00,2704,3932.20398121798,MEDIUM
2018-03-05 06:00:00,4879,5244.635085150961,HIGH
2018-03-05 07:00:00,5062,4876.982806762371,HIGH
2018-03-05 08:00:00,4211,4060.240528496128,MEDIUM
2018-03-05 09:00:00,3780,3822.227332495504,MEDIUM
2018-03-05 10:00:00,3586,3692.3120373216,MEDIUM
2018-03-05 10:00:00,3586,3692.3120373216,MEDIUM
2018-03-05 10:00:00,3586,3692.3120373216,MEDIUM
2018-03-05 11:00:00,3611,3766.66642324914,MEDIUM
2018-03-05 11:00:00,3611,3766.66642324914,MEDIUM
2018-03-05 11:00:00,3611,3766.66642324914,MEDIUM
2018-03-05 12:00:00,3719,3848.4952761029776,MEDIUM
2018-03-05 12:00:00,3719,3848.4952761029776,MEDIUM
2018-03-05 13:00:00,3682,3734.4198918840343,MEDIUM
2018-03-05 14:00:00,3928,3958.9225027794455,MEDIUM
2018-03-05 15:00:00,4151,4133.020065845711,MEDIUM
2018-03-05 15:00:00,4151,4133.020065845711,MEDIUM
2018-03-05 15:00:00,4151,4133.020065845711,MEDIUM
2018-03-05 15:00:00,4151,4133.020065845711,MEDIUM
2018-03-05 16:00:00,3260,3028.3290187058806,MEDIUM
2018-03-05 16:00:00,3260,3028.3290187058806,MEDIUM
2018-03-05 16:00:00,3260,3028.3290187058806,MEDIUM
2018-03-05 17:00:00,1953,1683.5993280435741,LOW
2018-03-05 17:00:00,1953,1683.5993280435741,LOW
2018-03-05 18:00:00,1389,1346.4743641358643,LOW
2018-03-05 18:00:00,1389,1346.4743641358643,LOW
2018-03-05 18:00:00,1389,1346.4743641358643,LOW
2018-03-05 19:00:00,1117,1442.1096897032041,LOW
2018-03-05 19:00:00,1117,1442.1096897032041,LOW
2018-03-05 20:00:00,844,1035.3741512641946,LOW
2018-03-05 20:00:00,844,1035.3741512641946,LOW
2018-03-05 21:00:00,753,1092.615406038406,LOW
2018-03-05 21:00:00,753,1092.615406038406,LOW
2018-03-05 22:00:00,694,562.2234795072977,LOW
2018-03-05 22:00:00,694,562.2234795072977,LOW
2018-03-05 23:00:00,599,466.76324655136466,LOW
2018-03-05 23:00:00,599,466.76324655136466,LOW
2018-03-06 00:00:00,308,269.80496127378063,LOW
2018-03-06 00:00:00,308,269.80496127378063,LOW
2018-03-06 01:00:00,242,247.8356103934749,LOW
2018-03-06 01:00:00,242,247.8356103934749,LOW
2018-03-06 02:00:00,231,373.03412466770214,LOW
2018-03-06 02:00:00,231,373.03412466770214,LOW
2018-03-06 03:00:00,335,745.5030156502851,LOW
2018-03-06 03:00:00,335,745.5030156502851,LOW
2018-03-06 04:00:00,807,2402.8258589438956,MEDIUM
2018-03-06 04:00:00,807,2402.8258589438956,MEDIUM
2018-03-06 05:00:00,2537,5077.580995292743,HIGH
2018-03-06 05:00:00,2537,5077.580995292743,HIGH
2018-03-06 06:00:00,4601,5137.448515318016,HIGH
2018-03-06 06:00:00,4601,5137.448515318016,HIGH
2018-03-06 07:00:00,4848,4616.006441780654,HIGH
2018-03-06 07:00:00,4848,4616.006441780654,HIGH
2018-03-06 08:00:00,4623,4374.655891277327,MEDIUM
2018-03-06 08:00:00,4623,4374.655891277327,MEDIUM
2018-03-06 09:00:00,4085,4070.6798880413307,MEDIUM
2018-03-06 10:00:00,3602,3725.0670395724096,MEDIUM
2018-03-06 11:00:00,3781,3864.9149885069364,MEDIUM
2018-03-06 11:00:00,3781,3864.9149885069364,MEDIUM
2018-03-06 11:00:00,3781,3864.9149885069364,MEDIUM
2018-03-06 12:00:00,4037,4343.5536894559855,MEDIUM
2018-03-06 13:00:00,4166,4312.60883187392,MEDIUM
2018-03-06 14:00:00,4671,4967.384183020977,HIGH
2018-03-06 15:00:00,5260,5760.175701574987,HIGH
2018-03-06 16:00:00,6420,5840.454246267148,HIGH
2018-03-06 17:00:00,5874,4644.147510855052,HIGH
2018-03-06 18:00:00,4400,3146.236129882644,MEDIUM
2018-03-06 19:00:00,3188,2812.4287452478457,MEDIUM
2018-03-06 20:00:00,2600,2330.124857321682,MEDIUM
2018-03-06 21:00:00,3415,3111.251683198334,MEDIUM
2018-03-06 22:00:00,2587,1165.62375,LOW
2018-03-06 23:00:00,1144,630.0426278844249,LOW
2018-03-07 00:00:00,591,352.17567115321873,LOW
2018-03-07 01:00:00,376,296.38618110752014,LOW
2018-03-07 02:00:00,247,396.9970179461292,LOW
2018-03-07 03:00:00,378,806.6467613959682,LOW
2018-03-07 04:00:00,921,3181.872919388949,MEDIUM
2018-03-07 04:00:00,921,3181.872919388949,MEDIUM
2018-03-07 05:00:00,2875,5764.5354737408425,HIGH
2018-03-07 06:00:00,5670,6271.3052385576275,HIGH
2018-03-07 07:00:00,6121,5741.259371143705,HIGH
2018-03-07 08:00:00,5896,5046.67993286471,HIGH
2018-03-07 09:00:00,5343,4651.44455634359,HIGH
2018-03-07 10:00:00,4619,4860.820227897459,HIGH
2018-03-07 11:00:00,4819,5012.679104878107,HIGH
2018-03-07 12:00:00,4879,4946.255022151278,HIGH
2018-03-07 13:00:00,5093,5575.074734084271,HIGH
2018-03-07 14:00:00,5160,5747.760691169559,HIGH
2018-03-07 15:00:00,5886,6473.506633913847,HIGH
2018-03-07 16:00:00,6849,5886.1279048371935,HIGH
2018-03-07 17:00:00,5951,4429.959573066562,MEDIUM
2018-03-07 18:00:00,4637,3386.251508265379,MEDIUM
2018-03-07 19:00:00,3367,2906.212843155253,MEDIUM
2018-03-07 20:00:00,3297,2792.3105033940637,MEDIUM
2018-03-07 21:00:00,2451,1800.3889298408167,LOW
2018-03-07 22:00:00,1790,1112.157161848993,LOW
2018-03-07 23:00:00,1352,684.0435683462861,LOW
2018-03-08 00:00:00,545,333.7363216534648,LOW
2018-03-08 01:00:00,368,341.96250032660623,LOW
2018-03-08 02:00:00,260,378.0983103715595,LOW
2018-03-08 03:00:00,344,934.3906921054456,LOW
2018-03-08 04:00:00,887,2894.6638057793175,MEDIUM
2018-03-08 05:00:00,2788,5855.235694996267,HIGH
2018-03-08 06:00:00,5661,6523.954543589257,HIGH
2018-03-08 07:00:00,6280,5726.799803574433,HIGH
2018-03-08 08:00:00,6042,5120.839368674788,HIGH
2018-03-08 09:00:00,5221,4643.462350645289,HIGH
2018-03-08 10:00:00,4669,4958.748479827525,HIGH
2018-03-08 11:00:00,4922,5109.985538109887,HIGH
2018-03-08 12:00:00,4946,4971.042098221841,HIGH
2018-03-08 13:00:00,5117,5554.731008808943,HIGH
2018-03-08 14:00:00,5349,5930.25460955971,HIGH
2018-03-08 15:00:00,5983,6625.352162897206,HIGH
2018-03-08 16:00:00,6738,6101.515393860089,HIGH
2018-03-08 17:00:00,6200,4476.940794571425,MEDIUM
2018-03-08 18:00:00,5136,3578.9688582041395,MEDIUM
2018-03-08 19:00:00,3509,3178.2730959974815,MEDIUM
2018-03-08 20:00:00,3565,3051.110839057439,MEDIUM
2018-03-08 21:00:00,2951,2507.9149355051386,MEDIUM
2018-03-08 22:00:00,2759,1635.17746588215,LOW
2018-03-08 23:00:00,2179,1057.8003142516272,LOW
2018-03-09 00:00:00,665,456.73760627460905,LOW
2018-03-09 01:00:00,415,334.59807754155736,LOW
2018-03-09 02:00:00,300,375.1403666172017,LOW
2018-03-09 03:00:00,389,943.0984948465049,LOW
2018-03-09 04:00:00,839,3239.654335371017,MEDIUM
2018-03-09 05:00:00,2711,5600.499002682324,HIGH
2018-03-09 06:00:00,5349,6260.642403664786,HIGH
2018-03-09 07:00:00,6520,5773.281887909052,HIGH
2018-03-09 08:00:00,5947,5094.739131264344,HIGH
2018-03-09 08:00:00,5947,5094.739131264344,HIGH
2018-03-09 09:00:00,5174,4863.633712574989,HIGH
2018-03-09 10:00:00,4876,5281.5718917021,HIGH
2018-03-09 10:00:00,4876,5281.5718917021,HIGH
2018-03-09 11:00:00,5160,5544.069238604416,HIGH
2018-03-09 12:00:00,5257,5251.421094043597,HIGH
2018-03-09 13:00:00,5602,5808.0360499803555,HIGH
2018-03-09 14:00:00,5763,6022.598227624234,HIGH
2018-03-09 15:00:00,6001,6360.228477457512,HIGH
2018-03-09 16:00:00,6641,6012.845074387118,HIGH
2018-03-09 17:00:00,6062,4752.455180368919,HIGH
2018-03-09 18:00:00,5207,3649.7989728627795,MEDIUM
2018-03-09 19:00:00,3864,3191.0028997276245,MEDIUM
2018-03-09 20:00:00,3377,3210.56197202944,MEDIUM
2018-03-09 21:00:00,3118,2724.652229670518,MEDIUM
2018-03-09 22:00:00,2649,2592.145224943222,MEDIUM
2018-03-09 23:00:00,2989,1525.432261904762,LOW
2018-03-10 00:00:00,1175,769.3512856046955,LOW
2018-03-10 01:00:00,685,548.2690903331444,LOW
2018-03-10 03:00:00,358,382.65469934640527,LOW
2018-03-10 04:00:00,404,656.8257935168132,LOW
2018-03-10 05:00:00,696,1215.6383393043773,LOW
2018-03-10 06:00:00,1242,1971.5187086097994,LOW
2018-03-10 07:00:00,1911,2391.0783961609254,MEDIUM
2018-03-10 08:00:00,3100,3876.597191756456,MEDIUM
2018-03-10 09:00:00,4057,4375.86138923293,MEDIUM
2018-03-10 10:00:00,4476,4916.601494756432,HIGH
2018-03-10 11:00:00,4732,5128.7044292322,HIGH
2018-03-10 12:00:00,5312,5152.53052647557,HIGH
2018-03-10 13:00:00,4990,4934.608355900087,HIGH
2018-03-10 14:00:00,5404,5148.019081291556,HIGH
2018-03-10 15:00:00,5548,5419.216441300482,HIGH
2018-03-10 16:00:00,5194,4807.942321966638,HIGH
2018-03-10 17:00:00,5142,4593.048636680649,HIGH
2018-03-10 18:00:00,4776,3785.5872192993834,MEDIUM
2018-03-10 19:00:00,4004,3509.512411027665,MEDIUM
2018-03-10 20:00:00,3223,3267.2529222058865,MEDIUM
2018-03-10 21:00:00,3602,3061.17598476506,MEDIUM
2018-03-10 22:00:00,4040,2157.87023051948,MEDIUM
2018-03-10 23:00:00,2433,1513.8251649331835,LOW
2018-03-11 00:00:00,1662,1081.889952709958,LOW
2018-03-11 00:00:00,1662,1081.889952709958,LOW
2018-03-11 01:00:00,975,754.2162780191641,LOW
2018-03-11 01:00:00,975,754.2162780191641,LOW
2018-03-11 03:00:00,420,405.4655414239849,LOW
2018-03-11 03:00:00,420,405.4655414239849,LOW
2018-03-11 03:00:00,420,405.4655414239849,LOW
2018-03-11 04:00:00,419,663.0501622155153,LOW
2018-03-11 04:00:00,419,663.0501622155153,LOW
2018-03-11 04:00:00,419,663.0501622155153,LOW
2018-03-11 05:00:00,490,661.0557176462848,LOW
2018-03-11 05:00:00,490,661.0557176462848,LOW
2018-03-11 05:00:00,490,661.0557176462848,LOW
2018-03-11 06:00:00,740,991.0691782480156,LOW
2018-03-11 06:00:00,740,991.0691782480156,LOW
2018-03-11 06:00:00,740,991.0691782480156,LOW
2018-03-11 07:00:00,1039,1704.348690039252,LOW
2018-03-11 07:00:00,1039,1704.348690039252,LOW
2018-03-11 07:00:00,1039,1704.348690039252,LOW
2018-03-11 08:00:00,1607,2385.8727234213693,MEDIUM
2018-03-11 08:00:00,1607,2385.8727234213693,MEDIUM
2018-03-11 09:00:00,2559,3155.8574940999974,MEDIUM
2018-03-11 10:00:00,3400,3726.0925374996746,MEDIUM
2018-03-11 11:00:00,3810,4259.626198155567,MEDIUM
2018-03-11 12:00:00,4339,4408.172750046995,MEDIUM
2018-03-11 12:00:00,4339,4408.172750046995,MEDIUM
2018-03-11 13:00:00,4840,4764.151593250003,HIGH
2018-03-11 14:00:00,4749,4640.890027377454,HIGH
2018-03-11 15:00:00,4396,4392.480025593034,MEDIUM
2018-03-11 16:00:00,4242,4075.615868858887,MEDIUM
2018-03-11 16:00:00,4242,4075.615868858887,MEDIUM
2018-03-11 17:00:00,4068,3658.039466438281,MEDIUM
2018-03-11 18:00:00,3571,3232.419768192431,MEDIUM
2018-03-11 19:00:00,2939,2689.6306190734304,MEDIUM
2018-03-11 19:00:00,2939,2689.6306190734304,MEDIUM
2018-03-11 20:00:00,2546,2489.654344655588,MEDIUM
2018-03-11 20:00:00,2546,2489.654344655588,MEDIUM
2018-03-11 21:00:00,2118,1781.8136235637369,LOW
2018-03-11 22:00:00,1523,1187.8472761106084,LOW
2018-03-11 23:00:00,1000,655.0791330259348,LOW
2018-03-12 00:00:00,528,336.79232923016235,LOW
2018-03-12 01:00:00,360,289.87423566608703,LOW
2018-03-12 02:00:00,228,355.43268844978417,LOW
2018-03-12 03:00:00,356,1254.5688633341351,LOW
2018-03-12 04:00:00,851,2986.1286003957152,MEDIUM
2018-03-12 05:00:00,2742,5737.473010451786,HIGH
2018-03-12 06:00:00,5331,6203.86093503668,HIGH
2018-03-12 07:00:00,6336,5761.433374725215,HIGH
2018-03-12 08:00:00,5668,4980.047431572999,HIGH
2018-03-12 09:00:00,4693,4175.649344392118,MEDIUM
2018-03-12 10:00:00,4213,4453.408605269628,MEDIUM
2018-03-12 11:00:00,4265,4433.186181083265,MEDIUM
2018-03-12 12:00:00,4666,4765.904423690868,HIGH
2018-03-12 13:00:00,4748,5152.753291700091,HIGH
2018-03-12 14:00:00,4554,4882.085269017989,HIGH
2018-03-12 15:00:00,5784,6421.962477948297,HIGH
2018-03-12 16:00:00,6655,6088.792063818009,HIGH
2018-03-12 17:00:00,6001,4306.00322768815,MEDIUM
2018-03-12 18:00:00,4388,3036.5781252347538,MEDIUM
2018-03-12 19:00:00,3346,2529.537316477894,MEDIUM
2018-03-12 20:00:00,2806,2538.2094286163215,MEDIUM
2018-03-12 21:00:00,2301,1716.5126693119375,LOW
2018-03-12 22:00:00,2592,1383.7942470862472,LOW
2018-03-12 23:00:00,2003,1271.5395108631974,LOW
2018-03-13 00:00:00,666,416.17275260296543,LOW
2018-03-13 01:00:00,414,316.22835203453405,LOW
2018-03-13 02:00:00,301,392.20462580545575,LOW
2018-03-13 03:00:00,380,1059.2425935785045,LOW
2018-03-13 04:00:00,865,2980.923851640088,MEDIUM
2018-03-13 05:00:00,2872,5840.094562067701,HIGH
2018-03-13 06:00:00,5420,5977.154027031037,HIGH
2018-03-13 07:00:00,6404,5764.080661632558,HIGH
2018-03-13 08:00:00,5880,5066.14987179874,HIGH
2018-03-13 09:00:00,5093,4492.280927547974,MEDIUM
2018-03-13 10:00:00,4410,4627.538508001513,HIGH
2018-03-13 11:00:00,4591,4823.363685890523,HIGH
2018-03-13 12:00:00,4749,4816.981468188306,HIGH
2018-03-13 13:00:00,5062,5612.144229612514,HIGH
2018-03-13 14:00:00,5187,5751.8792612519965,HIGH
2018-03-13 15:00:00,5895,6475.859997294407,HIGH
2018-03-13 16:00:00,6366,5942.897626463982,HIGH
2018-03-13 17:00:00,5413,3957.417415700159,MEDIUM
2018-03-13 18:00:00,4470,3088.933458071543,MEDIUM
2018-03-13 19:00:00,3436,2949.0400987098355,MEDIUM
2018-03-13 20:00:00,2933,2580.8147267537706,MEDIUM
2018-03-13 21:00:00,2736,2390.051410599101,MEDIUM
2018-03-13 22:00:00,3761,1246.6726666666666,LOW
2018-03-13 23:00:00,1287,707.2981506775347,LOW
2018-03-14 00:00:00,665,400.0329377537779,LOW
2018-03-14 01:00:00,340,270.43047301936866,LOW
2018-03-14 02:00:00,285,559.8774660582378,LOW
2018-03-14 03:00:00,378,1056.4269740930076,LOW
2018-03-14 04:00:00,903,2950.114764338788,MEDIUM
2018-03-14 05:00:00,2785,5802.354987320864,HIGH
2018-03-14 06:00:00,5526,6485.419241405452,HIGH
2018-03-14 07:00:00,6542,5964.1328833895095,HIGH
2018-03-14 08:00:00,5854,5077.4518381278185,HIGH
2018-03-14 09:00:00,5312,4675.883761140298,HIGH
2018-03-14 10:00:00,4511,4722.01681091576,HIGH
2018-03-14 11:00:00,4825,5020.45396868586,HIGH
2018-03-14 12:00:00,4908,4971.362853490782,HIGH
2018-03-14 13:00:00,5044,5466.174616961964,HIGH
2018-03-14 14:00:00,5251,5767.803058633264,HIGH
2018-03-14 15:00:00,5906,6534.281543856275,HIGH
2018-03-14 16:00:00,6789,5707.625288887934,HIGH
2018-03-14 17:00:00,6137,4472.360147056211,MEDIUM
2018-03-14 18:00:00,4718,3391.9770125595683,MEDIUM
2018-03-14 19:00:00,3426,3004.241376822446,MEDIUM
2018-03-14 20:00:00,3115,2936.287577881471,MEDIUM
2018-03-14 21:00:00,2507,1891.5997198910618,LOW
2018-03-14 22:00:00,1810,1210.679371661458,LOW
2018-03-14 23:00:00,1094,631.2264965250652,LOW
2018-03-15 00:00:00,577,355.72705605989825,LOW
2018-03-15 01:00:00,354,294.46768826645524,LOW
2018-03-15 02:00:00,259,365.8289020959521,LOW
2018-03-15 04:00:00,910,3158.911260865777,MEDIUM
2018-03-15 05:00:00,2797,5722.307825809162,HIGH
2018-03-15 06:00:00,4965,5705.435858787456,HIGH
2018-03-15 07:00:00,6537,5884.951315021816,HIGH
2018-03-15 08:00:00,5907,5085.5909281855365,HIGH
2018-03-15 09:00:00,5177,4685.671659562118,HIGH
2018-03-15 10:00:00,4675,4953.083709724177,HIGH
2018-03-15 11:00:00,4905,5066.666917094378,HIGH
2018-03-15 12:00:00,5113,5174.089813998001,HIGH
2018-03-15 13:00:00,5165,5665.316428290627,HIGH
2018-03-15 14:00:00,5448,5859.566916527526,HIGH
2018-03-15 15:00:00,5960,6624.490560238275,HIGH
2018-03-15 16:00:00,6586,6067.627622173098,HIGH
2018-03-15 17:00:00,6279,4692.206688640045,HIGH
2018-03-15 18:00:00,4771,3471.0069665806036,MEDIUM
2018-03-15 19:00:00,3503,3186.7471022578166,MEDIUM
2018-03-15 20:00:00,3093,3065.8470235848345,MEDIUM
2018-03-15 21:00:00,2685,2218.1988678637904,MEDIUM
2018-03-15 22:00:00,2157,1338.1798692082011,LOW
2018-03-15 23:00:00,1205,679.5584337096727,LOW
2018-03-16 00:00:00,661,395.32969668555336,LOW
2018-03-16 01:00:00,386,307.55202189390945,LOW
2018-03-16 02:00:00,287,387.92202801469256,LOW
2018-03-16 04:00:00,793,2810.941363805042,MEDIUM
2018-03-16 05:00:00,2731,5735.672712492965,HIGH
2018-03-16 06:00:00,4997,5631.874525454123,HIGH
2018-03-16 07:00:00,6242,5645.533198691043,HIGH
2018-03-16 08:00:00,5574,4988.358220706153,HIGH
2018-03-16 09:00:00,4900,4676.319883639936,HIGH
2018-03-16 10:00:00,4578,4855.048108032761,HIGH
2018-03-16 11:00:00,5056,5336.958163915947,HIGH
2018-03-16 12:00:00,5381,5360.449284459257,HIGH
2018-03-16 13:00:00,5398,5703.649207712751,HIGH
2018-03-16 14:00:00,5594,5960.143859834451,HIGH
2018-03-16 15:00:00,5999,6349.4948187759555,HIGH
2018-03-16 16:00:00,6607,5997.380008649456,HIGH
2018-03-16 17:00:00,6023,4749.914031043904,HIGH
2018-03-16 18:00:00,4952,3596.4893455446827,MEDIUM
2018-03-16 19:00:00,4004,3273.850677147653,MEDIUM
2018-03-16 20:00:00,3503,3232.1415082070866,MEDIUM
2018-03-16 21:00:00,3111,2561.1234544952617,MEDIUM
2018-03-16 22:00:00,3079,2290.9256079705506,MEDIUM
2018-03-16 23:00:00,1903,1226.7646741075798,LOW
2018-03-17 00:00:00,1125,688.1193405348522,LOW
2018-03-17 01:00:00,621,524.0231941908233,LOW
2018-03-17 02:00:00,498,385.19419386308954,LOW
2018-03-17 03:00:00,386,373.871875,LOW
2018-03-17 04:00:00,391,699.8972197149909,LOW
2018-03-17 05:00:00,681,1332.4775529066578,LOW
2018-03-17 06:00:00,1167,1791.213929848079,LOW
2018-03-17 07:00:00,1895,2700.136185830533,MEDIUM
2018-03-17 08:00:00,3095,3865.493272241272,MEDIUM
2018-03-17 09:00:00,3956,4382.480342981634,MEDIUM
2018-03-17 10:00:00,4651,5109.668538154324,HIGH
2018-03-17 11:00:00,5278,5278.44509699764,HIGH
2018-03-17 12:00:00,5798,5506.705022875817,HIGH
2018-03-17 13:00:00,5686,5531.59096679991,HIGH
2018-03-17 14:00:00,5616,5522.381047008546,HIGH
2018-03-17 15:00:00,5217,4974.140732418349,HIGH
2018-03-17 16:00:00,4708,4600.498148810889,HIGH
2018-03-17 17:00:00,4954,4555.799288846549,HIGH
2018-03-17 18:00:00,4595,3544.6682298268593,MEDIUM
2018-03-17 19:00:00,3918,3298.55770566068,MEDIUM
2018-03-17 20:00:00,3534,3323.602074261674,MEDIUM
2018-03-17 21:00:00,3351,3319.528230080374,MEDIUM
2018-03-17 22:00:00,3739,2235.017949050949,MEDIUM
2018-03-17 23:00:00,2596,1459.2208730158727,LOW
2018-03-18 00:00:00,1642,994.8871203381314,LOW
2018-03-18 01:00:00,1075,638.3438463076423,LOW
2018-03-18 02:00:00,719,424.2681201223615,LOW
2018-03-18 03:00:00,417,448.03269603174596,LOW
2018-03-18 04:00:00,321,587.1282196240111,LOW
2018-03-18 05:00:00,439,734.0755444275335,LOW
2018-03-18 06:00:00,761,1205.8910017451403,LOW
2018-03-18 07:00:00,1020,1735.4894543969585,LOW
2018-03-18 08:00:00,1840,2544.6990437786967,MEDIUM
2018-03-18 09:00:00,2776,3155.729350042927,MEDIUM
2018-03-18 10:00:00,3658,4051.5132846402353,MEDIUM
2018-03-18 11:00:00,4175,4421.422743854993,MEDIUM
2018-03-18 12:00:00,4575,4525.1142743887785,MEDIUM
2018-03-18 13:00:00,4713,4590.2071879463965,HIGH
2018-03-18 14:00:00,4783,4749.049216614658,HIGH
2018-03-18 15:00:00,4797,4831.443298857934,HIGH
2018-03-18 16:00:00,4727,4366.077267323109,MEDIUM
2018-03-18 17:00:00,4649,4119.656566708875,MEDIUM
2018-03-18 18:00:00,3868,3362.102493602731,MEDIUM
2018-03-18 19:00:00,3174,2844.6000808490644,MEDIUM
2018-03-18 20:00:00,2692,2778.843432582846,MEDIUM
2018-03-18 21:00:00,2068,1829.969621680276,LOW
2018-03-18 22:00:00,1560,1411.6599169199626,LOW
2018-03-18 23:00:00,966,718.5478684302457,LOW
2018-03-19 00:00:00,540,380.2714196601238,LOW
2018-03-19 01:00:00,293,244.0879641331745,LOW
2018-03-19 02:00:00,254,392.90739439882947,LOW
2018-03-19 03:00:00,348,915.6311383894042,LOW
2018-03-19 04:00:00,819,2637.866918274254,MEDIUM
2018-03-19 05:00:00,2788,4274.959428625584,MEDIUM
2018-03-19 06:00:00,5370,6155.953055035919,HIGH
2018-03-19 07:00:00,6710,5901.565050121214,HIGH
2018-03-19 08:00:00,5983,5058.289707864837,HIGH
2018-03-19 09:00:00,4958,4480.493434925261,MEDIUM
2018-03-19 10:00:00,4320,4445.497868358705,MEDIUM
2018-03-19 11:00:00,4551,4763.228624689023,HIGH
2018-03-19 12:00:00,4636,4758.378070429707,HIGH
2018-03-19 13:00:00,4712,4981.150889601661,HIGH
2018-03-19 14:00:00,4974,5483.524257530251,HIGH
2018-03-19 15:00:00,5694,6370.855542244064,HIGH
2018-03-19 16:00:00,6470,5945.299192761082,HIGH
2018-03-19 17:00:00,5955,4670.048322910557,HIGH
2018-03-19 18:00:00,4314,3264.2081371189765,MEDIUM
2018-03-19 19:00:00,3201,2682.625711107304,MEDIUM
2018-03-19 20:00:00,2582,2287.174082434646,MEDIUM
2018-03-19 21:00:00,2628,1834.3874461727537,LOW
2018-03-19 22:00:00,3231,1376.1295903263403,LOW
2018-03-19 23:00:00,1086,775.6177415711552,LOW
2018-03-20 00:00:00,556,393.8416094937937,LOW
2018-03-20 01:00:00,337,295.3103047251833,LOW
2018-03-20 02:00:00,247,342.8885667102589,LOW
2018-03-20 03:00:00,353,796.4323489817518,LOW
2018-03-20 04:00:00,885,2795.433963165908,MEDIUM
2018-03-20 05:00:00,2867,5251.868264919245,HIGH
2018-03-20 06:00:00,5619,6150.729957710354,HIGH
2018-03-20 07:00:00,6426,5606.998201397891,HIGH
2018-03-20 08:00:00,5876,4980.824449091157,HIGH
2018-03-20 09:00:00,5130,4625.234659195261,HIGH
2018-03-20 09:00:00,5130,4625.234659195261,HIGH
2018-03-20 10:00:00,4406,4605.146662083843,HIGH
2018-03-20 10:00:00,4406,4605.146662083843,HIGH
2018-03-20 10:00:00,4406,4605.146662083843,HIGH
2018-03-20 11:00:00,4427,4656.093708824098,HIGH
2018-03-20 11:00:00,4427,4656.093708824098,HIGH
2018-03-20 12:00:00,4600,4746.109997439246,HIGH
2018-03-20 12:00:00,4600,4746.109997439246,HIGH
2018-03-20 13:00:00,4696,4957.326503825533,HIGH
2018-03-20 13:00:00,4696,4957.326503825533,HIGH
2018-03-20 14:00:00,4958,5488.8002753166775,HIGH
2018-03-20 14:00:00,4958,5488.8002753166775,HIGH
2018-03-20 14:00:00,4958,5488.8002753166775,HIGH
2018-03-20 14:00:00,4958,5488.8002753166775,HIGH
2018-03-20 14:00:00,4958,5488.8002753166775,HIGH
2018-03-20 15:00:00,5690,6128.325001270327,HIGH
2018-03-20 15:00:00,5690,6128.325001270327,HIGH
2018-03-20 15:00:00,5690,6128.325001270327,HIGH
2018-03-20 15:00:00,5690,6128.325001270327,HIGH
2018-03-20 16:00:00,6609,5997.895122677753,HIGH
2018-03-20 16:00:00,6609,5997.895122677753,HIGH
2018-03-20 17:00:00,6097,4700.74698240143,HIGH
2018-03-20 17:00:00,6097,4700.74698240143,HIGH
2018-03-20 18:00:00,4569,3476.6773044336437,MEDIUM
2018-03-20 19:00:00,3098,2755.117366091855,MEDIUM
2018-03-20 19:00:00,3098,2755.117366091855,MEDIUM
2018-03-20 20:00:00,2741,2609.904840179811,MEDIUM
2018-03-20 20:00:00,2741,2609.904840179811,MEDIUM
2018-03-20 20:00:00,2741,2609.904840179811,MEDIUM
2018-03-20 21:00:00,2517,1948.915549399085,LOW
2018-03-20 21:00:00,2517,1948.915549399085,LOW
2018-03-20 21:00:00,2517,1948.915549399085,LOW
2018-03-20 22:00:00,1621,1034.2816650769525,LOW
2018-03-20 22:00:00,1621,1034.2816650769525,LOW
2018-03-20 23:00:00,1062,613.7494483429228,LOW
2018-03-21 00:00:00,578,351.535616783939,LOW
2018-03-21 01:00:00,335,265.66705034507856,LOW
2018-03-21 02:00:00,261,362.5093977292823,LOW
2018-03-21 03:00:00,353,1062.6041914958257,LOW
2018-03-21 04:00:00,893,2586.1537926001274,MEDIUM
2018-03-21 05:00:00,2950,5886.777556360215,HIGH
2018-03-21 06:00:00,5538,6353.979653376356,HIGH
2018-03-21 07:00:00,6840,5959.357937364415,HIGH
2018-03-21 08:00:00,6218,5232.360245940886,HIGH
2018-03-21 08:00:00,6218,5232.360245940886,HIGH
2018-03-21 09:00:00,5356,4833.251974035074,HIGH
2018-03-21 09:00:00,5356,4833.251974035074,HIGH
2018-03-21 10:00:00,4551,4740.980420815103,HIGH
2018-03-21 11:00:00,4807,4980.9548267743885,HIGH
2018-03-21 12:00:00,4993,5007.0223510215055,HIGH
2018-03-21 13:00:00,4879,5216.887942851732,HIGH
2018-03-21 14:00:00,5173,5743.626524316672,HIGH
2018-03-21 15:00:00,5863,6460.739535691836,HIGH
2018-03-21 16:00:00,6790,5875.867060801376,HIGH
2018-03-21 17:00:00,6310,4800.839017830103,HIGH
2018-03-21 18:00:00,4591,3382.800638336896,MEDIUM
2018-03-21 19:00:00,3493,3138.9062986579243,MEDIUM
2018-03-21 20:00:00,2991,2447.2403407263896,MEDIUM
2018-03-21 21:00:00,2592,2118.804186318564,LOW
2018-03-21 22:00:00,1664,1140.7554766852431,LOW
2018-03-21 23:00:00,1093,820.9148679897143,LOW
2018-03-22 00:00:00,609,403.5772383777501,LOW
2018-03-22 01:00:00,346,283.1053647442194,LOW
2018-03-22 02:00:00,228,368.34059207339703,LOW
2018-03-22 03:00:00,330,717.3919520710238,LOW
2018-03-22 04:00:00,868,2520.6211292136654,MEDIUM
2018-03-22 05:00:00,2903,5375.53991844795,HIGH
2018-03-22 06:00:00,5530,6387.88608866667,HIGH
2018-03-22 07:00:00,6833,6073.547072025602,HIGH
2018-03-22 08:00:00,6206,5349.562897378451,HIGH
2018-03-22 09:00:00,5222,4784.373493876342,HIGH
2018-03-22 10:00:00,4573,4773.41504630027,HIGH
2018-03-22 11:00:00,5059,5340.026923711409,HIGH
2018-03-22 12:00:00,5162,5210.645688464051,HIGH
2018-03-22 13:00:00,5165,5703.772880720525,HIGH
2018-03-22 14:00:00,5386,5849.1307542027635,HIGH
2018-03-22 15:00:00,5963,6619.796086188754,HIGH
2018-03-22 16:00:00,6918,5671.509670197531,HIGH
2018-03-22 17:00:00,6374,4866.0712807648715,HIGH
2018-03-22 18:00:00,4694,3477.9189160170235,MEDIUM
2018-03-22 19:00:00,3737,3151.767899799389,MEDIUM
2018-03-22 20:00:00,3510,3198.080267137929,MEDIUM
2018-03-22 21:00:00,2896,2247.308462516876,MEDIUM
2018-03-22 22:00:00,2298,1418.1027717681718,LOW
2018-03-22 23:00:00,1235,696.5763770435584,LOW
2018-03-23 00:00:00,645,396.3894175108031,LOW
2018-03-23 01:00:00,379,306.47528566262326,LOW
2018-03-23 02:00:00,285,592.634387562306,LOW
2018-03-23 03:00:00,382,1234.1181308642308,LOW
2018-03-23 04:00:00,800,2780.977507872838,MEDIUM
2018-03-23 05:00:00,2744,5768.138936760939,HIGH
2018-03-23 06:00:00,5245,6146.261080173654,HIGH
2018-03-23 07:00:00,6407,5705.06742998208,HIGH
2018-03-23 08:00:00,5885,5090.083624334007,HIGH
2018-03-23 09:00:00,5294,4876.857001473441,HIGH
2018-03-23 10:00:00,4876,5284.039524458233,HIGH
2018-03-23 11:00:00,5230,5534.4675920741365,HIGH
2018-03-23 12:00:00,5405,5466.804729743849,HIGH
2018-03-23 13:00:00,5369,5676.414578567796,HIGH
2018-03-23 14:00:00,5525,5961.695094794443,HIGH
2018-03-23 15:00:00,6042,6396.192245520253,HIGH
2018-03-23 16:00:00,6712,5943.414988836146,HIGH
2018-03-23 17:00:00,6248,5028.300247400493,HIGH
2018-03-23 18:00:00,5041,3968.5938236288634,MEDIUM
2018-03-23 19:00:00,4067,3310.9542534769594,MEDIUM
2018-03-23 20:00:00,3229,3111.86806956418,MEDIUM
2018-03-23 21:00:00,2915,2673.0827877193246,MEDIUM
2018-03-23 22:00:00,2928,2199.369062951633,MEDIUM
2018-03-23 23:00:00,2932,1673.5994298502007,LOW
2018-03-24 00:00:00,1453,954.4712391777043,LOW
2018-03-24 01:00:00,950,728.5219933033883,LOW
2018-03-24 08:00:00,3049,3824.6935910530638,MEDIUM
2018-03-24 09:00:00,3912,4349.359119866797,MEDIUM
2018-03-24 10:00:00,4466,4909.195891581829,HIGH
2018-03-24 11:00:00,6006,5651.914666666666,HIGH
2018-03-24 12:00:00,6470,5524.011666666667,HIGH
2018-03-24 13:00:00,5148,4982.79349944901,HIGH
2018-03-24 14:00:00,4994,4910.47581622286,HIGH
2018-03-24 15:00:00,5019,4881.409594191875,HIGH
2018-03-24 16:00:00,4874,4711.201675692306,HIGH
2018-03-24 17:00:00,4787,4295.0492564337,MEDIUM
2018-03-24 18:00:00,4511,3541.8948499392723,MEDIUM
2018-03-24 19:00:00,3788,3286.7552815736626,MEDIUM
2018-03-24 20:00:00,3044,3043.58484474079,MEDIUM
2018-03-24 21:00:00,3602,2966.4307893025452,MEDIUM
2018-03-24 22:00:00,4409,2170.6438375790876,MEDIUM
2018-03-24 23:00:00,2104,1281.7037480297831,LOW
2018-03-25 00:00:00,1324,849.0652368542201,LOW
2018-03-25 01:00:00,795,582.666797353161,LOW
2018-03-25 02:00:00,658,423.74671928152003,LOW
2018-03-25 03:00:00,340,294.6017339616195,LOW
2018-03-25 04:00:00,274,487.36753391373895,LOW
2018-03-25 05:00:00,440,744.706777474417,LOW
2018-03-25 06:00:00,771,959.0948587073847,LOW
2018-03-25 07:00:00,1158,1774.9555260651346,LOW
2018-03-25 08:00:00,1847,2484.9372033173654,MEDIUM
2018-03-25 09:00:00,2788,3545.9055313255412,MEDIUM
2018-03-25 10:00:00,3617,3965.4307801927107,MEDIUM
2018-03-25 11:00:00,3939,4315.754751106113,MEDIUM
2018-03-25 12:00:00,4628,4644.652840038357,HIGH
2018-03-25 13:00:00,4615,4628.672152920736,HIGH
2018-03-25 14:00:00,4447,4456.655976554763,MEDIUM
2018-03-25 15:00:00,4447,4463.1904956889075,MEDIUM
2018-03-25 16:00:00,4540,4309.615691729827,MEDIUM
2018-03-25 17:00:00,4345,3713.639697906678,MEDIUM
2018-03-25 18:00:00,3799,3475.7070553968324,MEDIUM
2018-03-25 19:00:00,2980,2748.341199437512,MEDIUM
2018-03-25 20:00:00,2784,2506.295666507985,MEDIUM
2018-03-25 21:00:00,3967,3233.434946856287,MEDIUM
2018-03-25 22:00:00,1794,1577.0981982417072,LOW
2018-03-25 23:00:00,984,675.7072946198773,LOW
2018-03-26 00:00:00,518,389.8785952679385,LOW
2018-03-26 01:00:00,325,276.9353614775857,LOW
2018-03-26 02:00:00,248,381.4570040246267,LOW
2018-03-26 03:00:00,336,735.6419682662892,LOW
2018-03-26 03:00:00,336,735.6419682662892,LOW
2018-03-26 04:00:00,851,3497.6389264842765,MEDIUM
2018-03-26 05:00:00,2625,4913.187779938389,HIGH
2018-03-26 05:00:00,2625,4913.187779938389,HIGH
2018-03-26 06:00:00,5213,6094.152816268825,HIGH
2018-03-26 06:00:00,5213,6094.152816268825,HIGH
2018-03-26 07:00:00,6382,5764.229189856732,HIGH
2018-03-26 08:00:00,5654,5032.086324114501,HIGH
2018-03-26 09:00:00,4843,4527.697072574614,MEDIUM
2018-03-26 10:00:00,4129,4334.515862976629,MEDIUM
2018-03-26 11:00:00,4370,4562.441308315601,HIGH
2018-03-26 12:00:00,4562,4722.45032599169,HIGH
2018-03-26 13:00:00,4661,4907.622875387304,HIGH
2018-03-26 14:00:00,4992,5461.5329608442025,HIGH
2018-03-26 14:00:00,4992,5461.5329608442025,HIGH
2018-03-26 15:00:00,5494,6093.426336633798,HIGH
2018-03-26 16:00:00,6402,5909.445837373359,HIGH
2018-03-26 16:00:00,6402,5909.445837373359,HIGH
2018-03-26 17:00:00,5956,4735.3299910159885,HIGH
2018-03-26 17:00:00,5956,4735.3299910159885,HIGH
2018-03-26 17:00:00,5956,4735.3299910159885,HIGH
2018-03-26 18:00:00,4041,3065.387796459223,MEDIUM
2018-03-26 18:00:00,4041,3065.387796459223,MEDIUM
2018-03-26 18:00:00,4041,3065.387796459223,MEDIUM
2018-03-26 19:00:00,3000,2509.760213164768,MEDIUM
2018-03-26 19:00:00,3000,2509.760213164768,MEDIUM
2018-03-26 19:00:00,3000,2509.760213164768,MEDIUM
2018-03-26 20:00:00,2500,2231.9874748983666,MEDIUM
2018-03-26 20:00:00,2500,2231.9874748983666,MEDIUM
2018-03-26 20:00:00,2500,2231.9874748983666,MEDIUM
2018-03-26 21:00:00,2012,1582.49396066045,LOW
2018-03-26 21:00:00,2012,1582.49396066045,LOW
2018-03-26 21:00:00,2012,1582.49396066045,LOW
2018-03-26 21:00:00,2012,1582.49396066045,LOW
2018-03-26 22:00:00,1413,1086.9666595488025,LOW
2018-03-26 22:00:00,1413,1086.9666595488025,LOW
2018-03-26 23:00:00,877,938.0818025344174,LOW
2018-03-26 23:00:00,877,938.0818025344174,LOW
2018-03-26 23:00:00,877,938.0818025344174,LOW
2018-03-27 00:00:00,516,396.9929114895923,LOW
2018-03-27 00:00:00,516,396.9929114895923,LOW
2018-03-27 00:00:00,516,396.9929114895923,LOW
2018-03-27 00:00:00,516,396.9929114895923,LOW
2018-03-27 01:00:00,313,273.5662010949532,LOW
2018-03-27 01:00:00,313,273.5662010949532,LOW
2018-03-27 01:00:00,313,273.5662010949532,LOW
2018-03-27 01:00:00,313,273.5662010949532,LOW
2018-03-27 02:00:00,249,336.6676128284845,LOW
2018-03-27 03:00:00,344,705.2618895916321,LOW
2018-03-27 04:00:00,879,2991.716552542419,MEDIUM
2018-03-27 05:00:00,2781,4242.538674978665,MEDIUM
2018-03-27 06:00:00,5421,5735.045908116541,HIGH
2018-03-27 07:00:00,6696,5974.769141309542,HIGH
2018-03-27 07:00:00,6696,5974.769141309542,HIGH
2018-03-27 08:00:00,5970,5146.94092906368,HIGH
2018-03-27 08:00:00,5970,5146.94092906368,HIGH
2018-03-27 09:00:00,5088,4523.228169826544,MEDIUM
2018-03-27 09:00:00,5088,4523.228169826544,MEDIUM
2018-03-27 10:00:00,4388,4564.009813428921,HIGH
2018-03-27 11:00:00,4466,4656.9757149665875,HIGH
2018-03-27 12:00:00,5025,5040.301032672888,HIGH
2018-03-27 13:00:00,4793,5185.5195185787925,HIGH
2018-03-27 14:00:00,5374,5915.377114503647,HIGH
2018-03-27 15:00:00,5801,6451.309754493759,HIGH
2018-03-27 16:00:00,6868,5720.858615675467,HIGH
2018-03-27 17:00:00,6139,4315.029179465534,MEDIUM
2018-03-27 18:00:00,4715,3305.0448881554585,MEDIUM
2018-03-27 19:00:00,3441,2957.694887495511,MEDIUM
2018-03-27 20:00:00,2952,2548.322456637403,MEDIUM
2018-03-27 21:00:00,2415,1767.9686362604377,LOW
2018-03-27 22:00:00,2058,1246.0221525144964,LOW
2018-03-27 23:00:00,1060,634.7892936290319,LOW
2018-03-28 00:00:00,600,354.9640519114653,LOW
2018-03-28 01:00:00,380,306.88965068195836,LOW
2018-03-28 02:00:00,263,392.38273356427317,LOW
2018-03-28 03:00:00,352,1263.613182951823,LOW
2018-03-28 04:00:00,859,2892.8335547592637,MEDIUM
2018-03-28 05:00:00,2825,5723.046392886254,HIGH
2018-03-28 05:00:00,2825,5723.046392886254,HIGH
2018-03-28 06:00:00,5355,6127.752770558964,HIGH
2018-03-28 07:00:00,6650,5991.660300134009,HIGH
2018-03-28 08:00:00,6014,5160.5724464336745,HIGH
2018-03-28 09:00:00,5082,4587.835140261447,HIGH
2018-03-28 10:00:00,4655,4901.596147479103,HIGH
2018-03-28 11:00:00,4775,4947.929003088654,HIGH
2018-03-28 12:00:00,5066,5099.358953769158,HIGH
2018-03-28 13:00:00,5197,5776.712871472176,HIGH
2018-03-28 14:00:00,5484,5911.859793586411,HIGH
2018-03-28 15:00:00,5938,6574.117039873099,HIGH
2018-03-28 16:00:00,6988,5648.793444959866,HIGH
2018-03-28 17:00:00,6540,4693.191508844797,HIGH
2018-03-28 17:00:00,6540,4693.191508844797,HIGH
2018-03-28 18:00:00,4918,3377.2953461935076,MEDIUM
2018-03-28 19:00:00,3392,3007.194359455819,MEDIUM
2018-03-28 20:00:00,3105,2898.9927077930765,MEDIUM
2018-03-28 21:00:00,2616,1842.9171557200973,LOW
2018-03-28 22:00:00,1736,1120.809919504373,LOW
2018-03-28 23:00:00,1132,626.9704559231928,LOW
2018-03-29 00:00:00,553,341.8596172359164,LOW
2018-03-29 01:00:00,354,293.2582493373952,LOW
2018-03-29 03:00:00,353,1518.664751360805,LOW
2018-03-29 04:00:00,859,2978.081161607169,MEDIUM
2018-03-29 05:00:00,2804,5611.712505714901,HIGH
2018-03-29 06:00:00,5405,6328.275247510132,HIGH
2018-03-29 07:00:00,6460,5965.47095057763,HIGH
2018-03-29 08:00:00,6002,5097.59984443163,HIGH
2018-03-29 09:00:00,4995,4529.730795617816,MEDIUM
2018-03-29 10:00:00,4579,4834.517334428168,HIGH
2018-03-29 11:00:00,5058,5368.218145506162,HIGH
2018-03-29 12:00:00,5252,5248.346311554305,HIGH
2018-03-29 13:00:00,5338,5732.138234104882,HIGH
2018-03-29 14:00:00,5562,6036.475755734863,HIGH
2018-03-29 15:00:00,6040,6532.5671810978665,HIGH
2018-03-29 16:00:00,6573,6046.78815870401,HIGH
2018-03-29 17:00:00,6034,4624.5497881640395,HIGH
2018-03-29 18:00:00,5050,3549.936254186654,MEDIUM
2018-03-29 19:00:00,3656,3109.508455876609,MEDIUM
2018-03-29 20:00:00,3373,3021.243275202144,MEDIUM
2018-03-29 21:00:00,3584,2807.192537974557,MEDIUM
2018-03-29 22:00:00,3691,1439.845,LOW
2018-03-29 23:00:00,1484,765.1596562072872,LOW
2018-03-30 00:00:00,817,526.3889318471792,LOW
2018-03-30 01:00:00,413,312.65138377319164,LOW
2018-03-30 02:00:00,329,381.50252266556055,LOW
2018-03-30 03:00:00,359,1248.702258492431,LOW
2018-03-30 04:00:00,749,2698.229278123936,MEDIUM
2018-03-30 05:00:00,2367,4698.729515873016,HIGH
2018-03-30 06:00:00,4463,5133.282563492064,HIGH
2018-03-30 07:00:00,5449,5107.151095535289,HIGH
2018-03-30 08:00:00,5227,4749.1618858009015,HIGH
2018-03-30 09:00:00,4964,4683.183355435596,HIGH
2018-03-30 10:00:00,4892,5288.57562614517,HIGH
2018-03-30 11:00:00,5350,5535.649504375414,HIGH
2018-03-30 12:00:00,5783,5683.28894139199,HIGH
2018-03-30 13:00:00,5589,5817.924840187506,HIGH
2018-03-30 14:00:00,5713,6079.238236654289,HIGH
2018-03-30 15:00:00,5936,6271.249988972225,HIGH
2018-03-30 15:00:00,5936,6271.249988972225,HIGH
2018-03-30 16:00:00,6137,5783.156652390066,HIGH
2018-03-30 17:00:00,5289,4521.518052391462,MEDIUM
2018-03-30 18:00:00,4573,3878.5424775868682,MEDIUM
2018-03-30 19:00:00,3604,3171.86133635542,MEDIUM
2018-03-30 20:00:00,3233,3183.1337882864714,MEDIUM
2018-03-30 21:00:00,3024,2911.0486785063176,MEDIUM
2018-03-30 22:00:00,2358,1846.9585258824573,LOW
2018-03-30 23:00:00,1685,1256.9686513993727,LOW
2018-03-31 00:00:00,963,753.7875720473114,LOW
2018-03-31 00:00:00,963,753.7875720473114,LOW
2018-03-31 01:00:00,580,464.47581309100343,LOW
2018-03-31 01:00:00,580,464.47581309100343,LOW
2018-03-31 01:00:00,580,464.47581309100343,LOW
2018-03-31 02:00:00,485,392.3279283249584,LOW
2018-03-31 02:00:00,485,392.3279283249584,LOW
2018-03-31 03:00:00,386,431.55581505847954,LOW
2018-03-31 03:00:00,386,431.55581505847954,LOW
2018-03-31 04:00:00,352,1251.4304440054348,LOW
2018-03-31 04:00:00,352,1251.4304440054348,LOW
2018-03-31 05:00:00,588,965.0909595221378,LOW
2018-03-31 05:00:00,588,965.0909595221378,LOW
2018-03-31 05:00:00,588,965.0909595221378,LOW
2018-03-31 05:00:00,588,965.0909595221378,LOW
2018-03-31 06:00:00,1045,1444.7312149738182,LOW
2018-03-31 06:00:00,1045,1444.7312149738182,LOW
2018-03-31 06:00:00,1045,1444.7312149738182,LOW
2018-03-31 07:00:00,1556,2327.074269036125,MEDIUM
2018-03-31 07:00:00,1556,2327.074269036125,MEDIUM
2018-03-31 08:00:00,2289,2979.112441048249,MEDIUM
2018-03-31 09:00:00,3092,3773.8077392005425,MEDIUM
2018-03-31 09:00:00,3092,3773.8077392005425,MEDIUM
2018-03-31 10:00:00,3629,4010.4995243818707,MEDIUM
2018-03-31 11:00:00,4051,4396.083472886999,MEDIUM
2018-03-31 12:00:00,4348,4402.443182936578,MEDIUM
2018-03-31 13:00:00,4337,4371.909184732932,MEDIUM
2018-03-31 14:00:00,4548,4552.433130683716,HIGH
2018-03-31 15:00:00,4400,4476.897565035639,MEDIUM
2018-03-31 16:00:00,4222,3706.4867875463992,MEDIUM
2018-03-31 17:00:00,4155,3825.3380054128156,MEDIUM
2018-03-31 18:00:00,3993,3334.729093169137,MEDIUM
2018-03-31 19:00:00,3333,2939.573968258198,MEDIUM
2018-03-31 20:00:00,2910,2926.5913838605834,MEDIUM
2018-03-31 21:00:00,2761,2820.3848940644093,MEDIUM
2018-03-31 22:00:00,2695,2328.7368188844503,MEDIUM
2018-03-31 23:00:00,1771,1087.3675505042027,LOW
2018-04-01 00:00:00,1128,721.3128429296141,LOW
2018-04-01 01:00:00,652,547.9817534437873,LOW
2018-04-01 02:00:00,520,359.30742198216905,LOW
2018-04-01 03:00:00,313,273.8293690476191,LOW
2018-04-01 04:00:00,249,433.07831038073556,LOW
2018-04-01 05:00:00,426,755.977400054885,LOW
2018-04-01 06:00:00,751,1131.9238421052628,LOW
2018-04-01 07:00:00,978,1535.736931868253,LOW
2018-04-01 08:00:00,1718,2497.828080799473,MEDIUM
2018-04-01 09:00:00,2444,3172.87312980688,MEDIUM
2018-04-01 10:00:00,3306,3668.605605397051,MEDIUM
2018-04-01 11:00:00,3641,4028.9503358094357,MEDIUM
2018-04-01 12:00:00,3964,4167.88566870194,MEDIUM
2018-04-01 13:00:00,4043,4191.870232377051,MEDIUM
2018-04-01 14:00:00,3996,4112.096345222014,MEDIUM
2018-04-01 15:00:00,4102,4179.912571611376,MEDIUM
2018-04-01 16:00:00,4679,4413.718823653216,MEDIUM
2018-04-01 17:00:00,4569,4127.309610308147,MEDIUM
2018-04-01 18:00:00,4424,3631.8471091302786,MEDIUM
2018-04-01 19:00:00,3892,3243.2742648982285,MEDIUM
2018-04-01 20:00:00,3320,2636.869215158117,MEDIUM
2018-04-01 21:00:00,2545,2565.2202733235763,MEDIUM
2018-04-01 22:00:00,1682,1096.0470299787887,LOW
2018-04-01 23:00:00,952,542.3196882507876,LOW
2018-04-02 00:00:00,543,328.5810174216115,LOW
2018-04-02 01:00:00,311,255.7464004806594,LOW
2018-04-02 02:00:00,246,328.0410502948846,LOW
2018-04-02 03:00:00,352,933.2256355668507,LOW
2018-04-02 04:00:00,807,2739.5345320052515,MEDIUM
2018-04-02 05:00:00,2683,5704.954192158521,HIGH
2018-04-02 06:00:00,5147,6012.578907204612,HIGH
2018-04-02 07:00:00,6148,5710.117336617911,HIGH
2018-04-02 08:00:00,5557,4735.752639522261,HIGH
2018-04-02 09:00:00,4776,4329.882038454796,MEDIUM
2018-04-02 10:00:00,4397,4570.64628863979,HIGH
2018-04-02 11:00:00,4509,4667.309467148098,HIGH
2018-04-02 12:00:00,4947,4966.139009291997,HIGH
2018-04-02 13:00:00,4895,5159.003248373675,HIGH
2018-04-02 14:00:00,4750,5168.4414592357625,HIGH
2018-04-02 14:00:00,4750,5168.4414592357625,HIGH
2018-04-02 14:00:00,4750,5168.4414592357625,HIGH
2018-04-02 15:00:00,4949,5378.7105681583835,HIGH
2018-04-02 15:00:00,4949,5378.7105681583835,HIGH
2018-04-02 16:00:00,6000,5775.693489883121,HIGH
2018-04-02 16:00:00,6000,5775.693489883121,HIGH
2018-04-02 17:00:00,5301,3880.378061476106,MEDIUM
2018-04-02 17:00:00,5301,3880.378061476106,MEDIUM
2018-04-02 18:00:00,3893,2979.7541871590206,MEDIUM
2018-04-02 19:00:00,2521,2189.379718034674,MEDIUM
2018-04-02 20:00:00,2159,2001.6516774960564,LOW
2018-04-02 20:00:00,2159,2001.6516774960564,LOW
2018-04-02 21:00:00,2702,2132.5368736335618,LOW
2018-04-02 21:00:00,2702,2132.5368736335618,LOW
2018-04-02 22:00:00,2359,1512.9157357524612,LOW
2018-04-02 22:00:00,2359,1512.9157357524612,LOW
2018-04-02 23:00:00,1040,776.0948083551631,LOW
2018-04-03 00:00:00,552,380.7721715190286,LOW
2018-04-03 01:00:00,346,276.93090448956644,LOW
2018-04-03 02:00:00,277,397.3336585485088,LOW
2018-04-03 03:00:00,329,707.0058692343649,LOW
2018-04-03 04:00:00,836,2550.8873064869667,MEDIUM
2018-04-03 04:00:00,836,2550.8873064869667,MEDIUM
2018-04-03 05:00:00,2555,5470.6629364384125,HIGH
2018-04-03 05:00:00,2555,5470.6629364384125,HIGH
2018-04-03 06:00:00,4311,4249.150986566707,MEDIUM
2018-04-03 06:00:00,4311,4249.150986566707,MEDIUM
2018-04-03 07:00:00,4096,4080.371614811506,MEDIUM
2018-04-03 07:00:00,4096,4080.371614811506,MEDIUM
2018-04-03 08:00:00,4790,4662.945229792578,HIGH
2018-04-03 08:00:00,4790,4662.945229792578,HIGH
2018-04-03 09:00:00,3893,3711.9366026434022,MEDIUM
2018-04-03 09:00:00,3893,3711.9366026434022,MEDIUM
2018-04-03 10:00:00,3403,3678.720003868753,MEDIUM
2018-04-03 10:00:00,3403,3678.720003868753,MEDIUM
2018-04-03 11:00:00,3587,3741.7452546733252,MEDIUM
2018-04-03 11:00:00,3587,3741.7452546733252,MEDIUM
2018-04-03 12:00:00,3822,3919.460171550743,MEDIUM
2018-04-03 12:00:00,3822,3919.460171550743,MEDIUM
2018-04-03 12:00:00,3822,3919.460171550743,MEDIUM
2018-04-03 13:00:00,3917,4016.8537955707393,MEDIUM
2018-04-03 13:00:00,3917,4016.8537955707393,MEDIUM
2018-04-03 13:00:00,3917,4016.8537955707393,MEDIUM
2018-04-03 14:00:00,4058,4207.025818541217,MEDIUM
2018-04-03 14:00:00,4058,4207.025818541217,MEDIUM
2018-04-03 14:00:00,4058,4207.025818541217,MEDIUM
2018-04-03 15:00:00,4689,4974.274403194817,HIGH
2018-04-03 15:00:00,4689,4974.274403194817,HIGH
2018-04-03 15:00:00,4689,4974.274403194817,HIGH
2018-04-03 16:00:00,4930,4503.819226190476,MEDIUM
2018-04-03 16:00:00,4930,4503.819226190476,MEDIUM
2018-04-03 16:00:00,4930,4503.819226190476,MEDIUM
2018-04-03 17:00:00,4207,3773.9117197630967,MEDIUM
2018-04-03 17:00:00,4207,3773.9117197630967,MEDIUM
2018-04-03 18:00:00,2887,2584.9609981103913,MEDIUM
2018-04-03 18:00:00,2887,2584.9609981103913,MEDIUM
2018-04-03 18:00:00,2887,2584.9609981103913,MEDIUM
2018-04-03 19:00:00,1834,1719.2884743716654,LOW
2018-04-03 19:00:00,1834,1719.2884743716654,LOW
2018-04-03 19:00:00,1834,1719.2884743716654,LOW
2018-04-03 20:00:00,1703,1550.9183646268223,LOW
2018-04-03 20:00:00,1703,1550.9183646268223,LOW
2018-04-03 21:00:00,1450,1488.8164352086108,LOW
2018-04-03 21:00:00,1450,1488.8164352086108,LOW
2018-04-03 22:00:00,1511,1140.3857468421766,LOW
2018-04-03 22:00:00,1511,1140.3857468421766,LOW
2018-04-03 22:00:00,1511,1140.3857468421766,LOW
2018-04-03 23:00:00,1271,856.809152240159,LOW
2018-04-03 23:00:00,1271,856.809152240159,LOW
2018-04-03 23:00:00,1271,856.809152240159,LOW
2018-04-04 00:00:00,501,346.0636985607708,LOW
2018-04-04 00:00:00,501,346.0636985607708,LOW
2018-04-04 00:00:00,501,346.0636985607708,LOW
2018-04-04 01:00:00,327,247.15799258003904,LOW
2018-04-04 01:00:00,327,247.15799258003904,LOW
2018-04-04 02:00:00,259,341.1275884286632,LOW
2018-04-04 03:00:00,337,868.6985932986848,LOW
2018-04-04 04:00:00,821,3117.6819537592173,MEDIUM
2018-04-04 05:00:00,2580,5483.571126373461,HIGH
2018-04-04 06:00:00,4551,5245.205715201466,HIGH
2018-04-04 07:00:00,4979,5022.742429484063,HIGH
2018-04-04 08:00:00,4778,4588.7672852825335,HIGH
2018-04-04 09:00:00,5252,4557.485417777296,HIGH
2018-04-04 10:00:00,4717,4963.536199396805,HIGH
2018-04-04 11:00:00,4590,4823.0005589886305,HIGH
2018-04-04 12:00:00,4749,4824.779062068294,HIGH
2018-04-04 13:00:00,4793,5194.743573075269,HIGH
2018-04-04 14:00:00,4903,5264.981522795022,HIGH
2018-04-04 15:00:00,5491,6274.987127748743,HIGH
2018-04-04 16:00:00,6500,6079.708646970277,HIGH
2018-04-04 17:00:00,5898,4365.252590987922,MEDIUM
2018-04-04 18:00:00,4539,3344.4771730614393,MEDIUM
2018-04-04 19:00:00,3400,2956.2845127379405,MEDIUM
2018-04-04 20:00:00,3022,2642.893270676349,MEDIUM
2018-04-04 21:00:00,2444,1760.2057178545228,LOW
2018-04-04 22:00:00,1885,1282.8222353089504,LOW
2018-04-04 23:00:00,1097,627.8175920095764,LOW
2018-04-05 00:00:00,640,394.73350636760273,LOW
2018-04-05 01:00:00,384,303.7772969114908,LOW
2018-04-05 02:00:00,280,370.541083361256,LOW
2018-04-05 03:00:00,352,935.9203326520441,LOW
2018-04-05 04:00:00,910,3221.09371974905,MEDIUM
2018-04-05 05:00:00,2815,5577.282819967463,HIGH
2018-04-05 06:00:00,5560,6627.639634698792,HIGH
2018-04-05 07:00:00,6297,5780.641013214751,HIGH
2018-04-05 08:00:00,5887,5139.000488858887,HIGH
2018-04-05 09:00:00,5389,4752.364895481537,HIGH
2018-04-05 09:00:00,5389,4752.364895481537,HIGH
2018-04-05 10:00:00,4663,4945.887446971056,HIGH
2018-04-05 11:00:00,5078,5210.31985093767,HIGH
2018-04-05 12:00:00,5535,5579.2463873325605,HIGH
2018-04-05 13:00:00,5492,5866.597677348128,HIGH
2018-04-05 14:00:00,5535,6000.729404873718,HIGH
2018-04-05 15:00:00,5705,6223.970783364913,HIGH
2018-04-05 16:00:00,6642,6139.574723488717,HIGH
2018-04-05 17:00:00,6476,4759.053242236335,HIGH
2018-04-05 18:00:00,4992,4042.7818565450925,MEDIUM
2018-04-05 19:00:00,3322,2997.5363991136232,MEDIUM
2018-04-05 20:00:00,3288,2975.71390859636,MEDIUM
2018-04-05 21:00:00,2888,2484.975321929161,MEDIUM
2018-04-05 22:00:00,2422,1373.1865378319715,LOW
2018-04-05 23:00:00,2390,838.3159190093709,LOW
2018-04-06 00:00:00,932,609.6210187255231,LOW
2018-04-06 01:00:00,514,537.5486552863059,LOW
2018-04-06 02:00:00,312,378.0130563152807,LOW
2018-04-06 03:00:00,363,894.0564019691197,LOW
2018-04-06 04:00:00,879,3174.0483702741394,MEDIUM
2018-04-06 05:00:00,2687,5598.185616862632,HIGH
2018-04-06 06:00:00,5211,5924.272904121838,HIGH
2018-04-06 07:00:00,6253,5640.339843033018,HIGH
2018-04-06 08:00:00,5738,5098.445642812761,HIGH
2018-04-06 09:00:00,5067,4739.5556081564755,HIGH
2018-04-06 10:00:00,4748,5086.094113684566,HIGH
2018-04-06 10:00:00,4748,5086.094113684566,HIGH
2018-04-06 11:00:00,5022,5208.54376403749,HIGH
2018-04-06 11:00:00,5022,5208.54376403749,HIGH
2018-04-06 12:00:00,5409,5498.240378628785,HIGH
2018-04-06 13:00:00,5298,5594.235274935074,HIGH
2018-04-06 14:00:00,5363,5777.992309239056,HIGH
2018-04-06 15:00:00,5786,6155.631100986954,HIGH
2018-04-06 16:00:00,6525,6095.122745019929,HIGH
2018-04-06 17:00:00,5735,4699.553818519427,HIGH
2018-04-06 18:00:00,4863,3589.534758379444,MEDIUM
2018-04-06 19:00:00,3923,3230.9345292866788,MEDIUM
2018-04-06 20:00:00,3193,3299.671238831111,MEDIUM
2018-04-06 21:00:00,3031,2654.9511365736807,MEDIUM
2018-04-06 22:00:00,2992,2206.8618645404304,MEDIUM
2018-04-06 23:00:00,2205,1326.1601968014531,LOW
2018-04-07 00:00:00,1196,803.7730159764973,LOW
2018-04-07 01:00:00,657,554.2741435127223,LOW
2018-04-07 02:00:00,496,379.876591282501,LOW
2018-04-07 03:00:00,381,381.24324922708007,LOW
2018-04-07 04:00:00,342,661.6190829572812,LOW
2018-04-07 05:00:00,643,1191.188739728108,LOW
2018-04-07 06:00:00,1221,2055.958658689743,LOW
2018-04-07 07:00:00,1995,2854.2505432591984,MEDIUM
2018-04-07 08:00:00,3074,3818.2568525400934,MEDIUM
2018-04-07 09:00:00,3960,4320.240899286876,MEDIUM
2018-04-07 10:00:00,4304,4719.574162368092,HIGH
2018-04-07 11:00:00,4771,5129.966544378537,HIGH
2018-04-07 12:00:00,5298,5114.178851792251,HIGH
2018-04-07 13:00:00,5126,4891.302476660292,HIGH
2018-04-07 14:00:00,5237,4928.657430429814,HIGH
2018-04-07 15:00:00,4908,4852.689936967399,HIGH
2018-04-07 16:00:00,5118,4712.971225422186,HIGH
2018-04-07 17:00:00,5441,4464.588261036564,MEDIUM
2018-04-07 18:00:00,5019,3651.929076843885,MEDIUM
2018-04-07 19:00:00,3699,3399.7877644317523,MEDIUM
2018-04-07 20:00:00,3079,3170.20343712632,MEDIUM
2018-04-07 21:00:00,4104,3634.812809220513,MEDIUM
2018-04-07 22:00:00,4107,2086.630611027861,LOW
2018-04-07 23:00:00,2740,1482.483833333333,LOW
2018-04-08 00:00:00,1578,915.9925912976188,LOW
2018-04-08 01:00:00,844,620.2629026191478,LOW
2018-04-08 02:00:00,649,384.20405947077904,LOW
2018-04-08 03:00:00,401,444.4898095238095,LOW
2018-04-08 04:00:00,295,484.7108743978373,LOW
2018-04-08 05:00:00,441,748.6958350804942,LOW
2018-04-08 06:00:00,976,1480.248590728716,LOW
2018-04-08 07:00:00,1357,2115.7318652822196,LOW
2018-04-08 08:00:00,1910,2796.23171627812,MEDIUM
2018-04-08 09:00:00,2736,3247.881285386433,MEDIUM
2018-04-08 10:00:00,3401,3741.159900127702,MEDIUM
2018-04-08 11:00:00,3961,4241.045420240398,MEDIUM
2018-04-08 12:00:00,4483,4451.562017644124,MEDIUM
2018-04-08 13:00:00,4423,4408.151893012612,MEDIUM
2018-04-08 14:00:00,4272,4360.313151085183,MEDIUM
2018-04-08 15:00:00,4083,4084.6144799981366,MEDIUM
2018-04-08 16:00:00,4389,4131.885056763076,MEDIUM
2018-04-08 16:00:00,4389,4131.885056763076,MEDIUM
2018-04-08 17:00:00,3687,3274.9326354952236,MEDIUM
2018-04-08 17:00:00,3687,3274.9326354952236,MEDIUM
2018-04-08 18:00:00,3224,2845.1742535614544,MEDIUM
2018-04-08 18:00:00,3224,2845.1742535614544,MEDIUM
2018-04-08 18:00:00,3224,2845.1742535614544,MEDIUM
2018-04-08 19:00:00,2455,3013.694579482306,MEDIUM
2018-04-08 19:00:00,2455,3013.694579482306,MEDIUM
2018-04-08 19:00:00,2455,3013.694579482306,MEDIUM
2018-04-08 20:00:00,2145,2028.1191989295562,LOW
2018-04-08 20:00:00,2145,2028.1191989295562,LOW
2018-04-08 21:00:00,1799,1538.653110602884,LOW
2018-04-08 21:00:00,1799,1538.653110602884,LOW
2018-04-08 22:00:00,1425,1151.6080715343126,LOW
2018-04-08 22:00:00,1425,1151.6080715343126,LOW
2018-04-08 23:00:00,992,592.1337227955141,LOW
2018-04-08 23:00:00,992,592.1337227955141,LOW
2018-04-09 00:00:00,427,321.01536573761325,LOW
2018-04-09 00:00:00,427,321.01536573761325,LOW
2018-04-09 01:00:00,315,275.8579944209291,LOW
2018-04-09 01:00:00,315,275.8579944209291,LOW
2018-04-09 02:00:00,251,344.6634365443904,LOW
2018-04-09 02:00:00,251,344.6634365443904,LOW
2018-04-09 03:00:00,339,821.1729095624476,LOW
2018-04-09 03:00:00,339,821.1729095624476,LOW
2018-04-09 04:00:00,869,2849.2110759842694,MEDIUM
2018-04-09 05:00:00,2704,5724.992196483992,HIGH
2018-04-09 06:00:00,5192,6052.8031671448625,HIGH
2018-04-09 06:00:00,5192,6052.8031671448625,HIGH
2018-04-09 07:00:00,6110,5719.17711884425,HIGH
2018-04-09 07:00:00,6110,5719.17711884425,HIGH
2018-04-09 08:00:00,5824,5074.506758060742,HIGH
2018-04-09 08:00:00,5824,5074.506758060742,HIGH
2018-04-09 09:00:00,4933,4408.354660474462,MEDIUM
2018-04-09 09:00:00,4933,4408.354660474462,MEDIUM
2018-04-09 10:00:00,4149,4370.840107171659,MEDIUM
2018-04-09 10:00:00,4149,4370.840107171659,MEDIUM
2018-04-09 11:00:00,4276,4441.947100944009,MEDIUM
2018-04-09 12:00:00,4516,4607.2055743171895,HIGH
2018-04-09 13:00:00,4633,5018.17944154307,HIGH
2018-04-09 14:00:00,5093,5579.877388437873,HIGH
2018-04-09 15:00:00,5769,6299.828684802126,HIGH
2018-04-09 16:00:00,6719,6295.449807454579,HIGH
2018-04-09 17:00:00,6244,4727.563392257959,HIGH
2018-04-09 18:00:00,4640,3840.1167941042945,MEDIUM
2018-04-09 19:00:00,3073,2752.033401947334,MEDIUM
2018-04-09 20:00:00,2635,2416.8320796769085,MEDIUM
2018-04-09 21:00:00,2048,1454.3481326874835,LOW
2018-04-09 22:00:00,1521,1074.025032203694,LOW
2018-04-09 23:00:00,983,657.2799179949518,LOW
2018-04-10 00:00:00,530,400.55409026952054,LOW
2018-04-10 01:00:00,333,295.1003215245982,LOW
2018-04-10 02:00:00,235,342.97095594228523,LOW
2018-04-10 03:00:00,358,778.2096408394345,LOW
2018-04-10 04:00:00,905,2605.2212940378204,MEDIUM
2018-04-10 05:00:00,2902,5535.346324443056,HIGH
2018-04-10 06:00:00,5806,6773.548747479466,HIGH
2018-04-10 07:00:00,6708,6005.6336584165,HIGH
2018-04-10 08:00:00,6190,5332.900499764295,HIGH
2018-04-10 09:00:00,5221,4688.968016184477,HIGH
2018-04-10 10:00:00,4436,4651.43605210118,HIGH
2018-04-10 11:00:00,4714,4905.42441536672,HIGH
2018-04-10 12:00:00,4850,4913.429318588768,HIGH
2018-04-10 13:00:00,5099,5432.347203803107,HIGH
2018-04-10 14:00:00,5315,5842.476164751295,HIGH
2018-04-10 15:00:00,5784,6343.624919125757,HIGH
2018-04-10 16:00:00,7013,6370.1163254142975,HIGH
2018-04-10 17:00:00,6304,4438.7777320885825,MEDIUM
2018-04-10 18:00:00,4606,3380.039688345581,MEDIUM
2018-04-10 19:00:00,3190,2907.3219027495197,MEDIUM
2018-04-10 20:00:00,2829,2643.9780746881097,MEDIUM
2018-04-10 21:00:00,2337,1751.507069204885,LOW
2018-04-10 22:00:00,1738,1106.517317867782,LOW
2018-04-10 23:00:00,1007,595.5155841878806,LOW
2018-04-11 00:00:00,562,376.63474784772836,LOW
2018-04-11 01:00:00,344,273.3478766427312,LOW
2018-04-11 02:00:00,259,351.45474959279534,LOW
2018-04-11 03:00:00,374,848.9835385700864,LOW
2018-04-11 03:00:00,374,848.9835385700864,LOW
2018-04-11 04:00:00,886,3033.339341647179,MEDIUM
2018-04-11 04:00:00,886,3033.339341647179,MEDIUM
2018-04-11 05:00:00,2843,5690.430087766547,HIGH
2018-04-11 06:00:00,5670,6600.88016778239,HIGH
2018-04-11 07:00:00,6495,5962.769450094797,HIGH
2018-04-11 07:00:00,6495,5962.769450094797,HIGH
2018-04-11 08:00:00,5887,5114.829485291307,HIGH
2018-04-11 09:00:00,5581,4836.252023452707,HIGH
2018-04-11 10:00:00,4791,5005.88062195202,HIGH
2018-04-11 11:00:00,5123,5246.952119154565,HIGH
2018-04-11 12:00:00,4964,4969.561833710981,HIGH
2018-04-11 13:00:00,4982,5275.531320374266,HIGH
2018-04-11 14:00:00,5169,5626.919214429708,HIGH
2018-04-11 15:00:00,5768,6424.948643673594,HIGH
2018-04-11 16:00:00,6988,6292.628692736367,HIGH
2018-04-11 17:00:00,6744,4591.960949437887,HIGH
2018-04-11 18:00:00,4955,3630.977107622102,MEDIUM
2018-04-11 19:00:00,3308,2956.207945748652,MEDIUM
2018-04-11 20:00:00,2804,2622.9337220129382,MEDIUM
2018-04-11 21:00:00,2418,1992.4395886430502,LOW
2018-04-11 21:00:00,2418,1992.4395886430502,LOW
2018-04-11 22:00:00,1603,1209.7762916051563,LOW
2018-04-11 23:00:00,1099,801.488269054908,LOW
2018-04-11 23:00:00,1099,801.488269054908,LOW
2018-04-12 00:00:00,531,413.45875528501665,LOW
2018-04-12 00:00:00,531,413.45875528501665,LOW
2018-04-12 01:00:00,310,255.07912289325552,LOW
2018-04-12 02:00:00,291,391.22201780874997,LOW
2018-04-12 03:00:00,331,706.9862673113915,LOW
2018-04-12 04:00:00,949,2888.6539285110966,MEDIUM
2018-04-12 05:00:00,2857,5798.934300067057,HIGH
2018-04-12 06:00:00,5772,6768.3877677574665,HIGH
2018-04-12 07:00:00,6475,5944.559968928204,HIGH
2018-04-12 08:00:00,6198,5321.874789828918,HIGH
2018-04-12 09:00:00,5391,4804.049833058612,HIGH
2018-04-12 10:00:00,4743,4963.028424092103,HIGH
2018-04-12 11:00:00,4982,5110.871819258611,HIGH
2018-04-12 12:00:00,5317,5302.509251308927,HIGH
2018-04-12 13:00:00,5322,5713.294514478754,HIGH
2018-04-12 14:00:00,5574,5996.420276682761,HIGH
2018-04-12 15:00:00,6252,6624.222822397095,HIGH
2018-04-12 16:00:00,7213,6477.029553526303,HIGH
2018-04-12 17:00:00,6811,4799.263928467438,HIGH
2018-04-12 18:00:00,5064,3545.0346665095003,MEDIUM
2018-04-12 19:00:00,3697,3291.4200692614077,MEDIUM
2018-04-12 20:00:00,3082,3016.197040413406,MEDIUM
2018-04-12 21:00:00,2762,2092.355468629942,LOW
2018-04-12 22:00:00,2053,1228.3477083953624,LOW
2018-04-12 23:00:00,1168,684.4613378977147,LOW
2018-04-13 00:00:00,633,392.4725370506777,LOW
2018-04-13 01:00:00,387,311.3540615209496,LOW
2018-04-13 02:00:00,306,390.4621417575054,LOW
2018-04-13 03:00:00,356,935.729808505822,LOW
2018-04-13 04:00:00,846,2770.8014975190094,MEDIUM
2018-04-13 05:00:00,2721,5610.1426747290125,HIGH
2018-04-13 06:00:00,5426,6106.596905649267,HIGH
2018-04-13 07:00:00,6585,5871.997349920222,HIGH
2018-04-13 08:00:00,5894,5417.4079545200975,HIGH
2018-04-13 09:00:00,5227,4849.659886706607,HIGH
2018-04-13 09:00:00,5227,4849.659886706607,HIGH
2018-04-13 10:00:00,4853,5306.688416062603,HIGH
2018-04-13 11:00:00,5233,5528.557028137971,HIGH
2018-04-13 11:00:00,5233,5528.557028137971,HIGH
2018-04-13 12:00:00,5302,5276.482316868271,HIGH
2018-04-13 12:00:00,5302,5276.482316868271,HIGH
2018-04-13 13:00:00,5174,5522.121028049896,HIGH
2018-04-13 13:00:00,5174,5522.121028049896,HIGH
2018-04-13 13:00:00,5174,5522.121028049896,HIGH
2018-04-13 14:00:00,5330,5771.8334697595055,HIGH
2018-04-13 15:00:00,5953,6277.7693220856045,HIGH
2018-04-13 16:00:00,6686,6144.019155180099,HIGH
2018-04-13 16:00:00,6686,6144.019155180099,HIGH
2018-04-13 16:00:00,6686,6144.019155180099,HIGH
2018-04-13 17:00:00,5687,5048.77509102649,HIGH
2018-04-13 17:00:00,5687,5048.77509102649,HIGH
2018-04-13 18:00:00,4167,3467.7995855983822,MEDIUM
2018-04-13 18:00:00,4167,3467.7995855983822,MEDIUM
2018-04-13 18:00:00,4167,3467.7995855983822,MEDIUM
2018-04-13 19:00:00,2882,2718.9516990581324,MEDIUM
2018-04-13 19:00:00,2882,2718.9516990581324,MEDIUM
2018-04-13 19:00:00,2882,2718.9516990581324,MEDIUM
2018-04-13 20:00:00,2320,2244.9896541331123,MEDIUM
2018-04-13 20:00:00,2320,2244.9896541331123,MEDIUM
2018-04-13 20:00:00,2320,2244.9896541331123,MEDIUM
2018-04-13 20:00:00,2320,2244.9896541331123,MEDIUM
2018-04-13 21:00:00,2158,1866.548884590315,LOW
2018-04-13 21:00:00,2158,1866.548884590315,LOW
2018-04-13 21:00:00,2158,1866.548884590315,LOW
2018-04-13 21:00:00,2158,1866.548884590315,LOW
2018-04-13 21:00:00,2158,1866.548884590315,LOW
2018-04-13 22:00:00,1773,1306.4966294879487,LOW
2018-04-13 22:00:00,1773,1306.4966294879487,LOW
2018-04-13 22:00:00,1773,1306.4966294879487,LOW
2018-04-13 22:00:00,1773,1306.4966294879487,LOW
2018-04-13 23:00:00,1143,744.1122004444746,LOW
2018-04-13 23:00:00,1143,744.1122004444746,LOW
2018-04-13 23:00:00,1143,744.1122004444746,LOW
2018-04-14 00:00:00,625,471.8012080894195,LOW
2018-04-14 00:00:00,625,471.8012080894195,LOW
2018-04-14 01:00:00,441,381.60459774960486,LOW
2018-04-14 01:00:00,441,381.60459774960486,LOW
2018-04-14 01:00:00,441,381.60459774960486,LOW
2018-04-14 02:00:00,397,380.75105573382274,LOW
2018-04-14 02:00:00,397,380.75105573382274,LOW
2018-04-14 02:00:00,397,380.75105573382274,LOW
2018-04-14 03:00:00,309,298.5107121212121,LOW
2018-04-14 03:00:00,309,298.5107121212121,LOW
2018-04-14 04:00:00,300,489.41316724302845,LOW
2018-04-14 04:00:00,300,489.41316724302845,LOW
2018-04-14 04:00:00,300,489.41316724302845,LOW
2018-04-14 05:00:00,540,879.8168975833958,LOW
2018-04-14 06:00:00,986,1314.0483928803203,LOW
2018-04-14 06:00:00,986,1314.0483928803203,LOW
2018-04-14 07:00:00,1311,1895.3414675097574,LOW
2018-04-14 07:00:00,1311,1895.3414675097574,LOW
2018-04-14 08:00:00,1489,2028.9652220443238,LOW
2018-04-14 08:00:00,1489,2028.9652220443238,LOW
2018-04-14 08:00:00,1489,2028.9652220443238,LOW
2018-04-14 09:00:00,1755,2169.6455596361034,MEDIUM
2018-04-14 09:00:00,1755,2169.6455596361034,MEDIUM
2018-04-14 09:00:00,1755,2169.6455596361034,MEDIUM
2018-04-14 09:00:00,1755,2169.6455596361034,MEDIUM
2018-04-14 09:00:00,1755,2169.6455596361034,MEDIUM
2018-04-14 10:00:00,1978,2448.659326799337,MEDIUM
2018-04-14 10:00:00,1978,2448.659326799337,MEDIUM
2018-04-14 10:00:00,1978,2448.659326799337,MEDIUM
2018-04-14 10:00:00,1978,2448.659326799337,MEDIUM
2018-04-14 11:00:00,2153,2365.29087769135,MEDIUM
2018-04-14 11:00:00,2153,2365.29087769135,MEDIUM
2018-04-14 11:00:00,2153,2365.29087769135,MEDIUM
2018-04-14 11:00:00,2153,2365.29087769135,MEDIUM
2018-04-14 12:00:00,2147,2484.4344951155927,MEDIUM
2018-04-14 12:00:00,2147,2484.4344951155927,MEDIUM
2018-04-14 12:00:00,2147,2484.4344951155927,MEDIUM
2018-04-14 13:00:00,1987,2270.9585396321895,MEDIUM
2018-04-14 13:00:00,1987,2270.9585396321895,MEDIUM
2018-04-14 13:00:00,1987,2270.9585396321895,MEDIUM
2018-04-14 13:00:00,1987,2270.9585396321895,MEDIUM
2018-04-14 14:00:00,1822,2015.2565254974545,LOW
2018-04-14 14:00:00,1822,2015.2565254974545,LOW
2018-04-14 15:00:00,1881,2098.868000912294,LOW
2018-04-14 15:00:00,1881,2098.868000912294,LOW
2018-04-14 16:00:00,1461,1877.8692686906995,LOW
2018-04-14 16:00:00,1461,1877.8692686906995,LOW
2018-04-14 16:00:00,1461,1877.8692686906995,LOW
2018-04-14 17:00:00,1478,1639.3404620276144,LOW
2018-04-14 17:00:00,1478,1639.3404620276144,LOW
2018-04-14 18:00:00,1068,1396.4949537855275,LOW
2018-04-14 18:00:00,1068,1396.4949537855275,LOW
2018-04-14 19:00:00,881,1122.9793495594568,LOW
2018-04-14 19:00:00,881,1122.9793495594568,LOW
2018-04-14 19:00:00,881,1122.9793495594568,LOW
2018-04-14 20:00:00,618,996.1154139732815,LOW
2018-04-14 20:00:00,618,996.1154139732815,LOW
2018-04-14 20:00:00,618,996.1154139732815,LOW
2018-04-14 20:00:00,618,996.1154139732815,LOW
2018-04-14 21:00:00,707,1169.9682663447666,LOW
2018-04-14 21:00:00,707,1169.9682663447666,LOW
2018-04-14 21:00:00,707,1169.9682663447666,LOW
2018-04-14 22:00:00,594,492.92830313513167,LOW
2018-04-14 22:00:00,594,492.92830313513167,LOW
2018-04-14 22:00:00,594,492.92830313513167,LOW
2018-04-14 23:00:00,526,540.7461875653083,LOW
2018-04-14 23:00:00,526,540.7461875653083,LOW
2018-04-14 23:00:00,526,540.7461875653083,LOW
2018-04-15 00:00:00,353,445.71403009509754,LOW
2018-04-15 00:00:00,353,445.71403009509754,LOW
2018-04-15 00:00:00,353,445.71403009509754,LOW
2018-04-15 01:00:00,259,259.740472047427,LOW
2018-04-15 01:00:00,259,259.740472047427,LOW
2018-04-15 01:00:00,259,259.740472047427,LOW
2018-04-15 02:00:00,198,295.89070974388096,LOW
2018-04-15 02:00:00,198,295.89070974388096,LOW
2018-04-15 02:00:00,198,295.89070974388096,LOW
2018-04-15 03:00:00,151,152.48119047619045,LOW
2018-04-15 03:00:00,151,152.48119047619045,LOW
2018-04-15 03:00:00,151,152.48119047619045,LOW
2018-04-15 04:00:00,175,250.4256136363636,LOW
2018-04-15 04:00:00,175,250.4256136363636,LOW
2018-04-15 04:00:00,175,250.4256136363636,LOW
2018-04-15 05:00:00,301,463.23756203542973,LOW
2018-04-15 05:00:00,301,463.23756203542973,LOW
2018-04-15 05:00:00,301,463.23756203542973,LOW
2018-04-15 06:00:00,490,663.9401711459182,LOW
2018-04-15 06:00:00,490,663.9401711459182,LOW
2018-04-15 06:00:00,490,663.9401711459182,LOW
2018-04-15 07:00:00,634,1004.225831996861,LOW
2018-04-15 07:00:00,634,1004.225831996861,LOW
2018-04-15 08:00:00,674,1036.8598263097374,LOW
2018-04-15 08:00:00,674,1036.8598263097374,LOW
2018-04-15 08:00:00,674,1036.8598263097374,LOW
2018-04-15 09:00:00,984,1344.1827859458886,LOW
2018-04-15 09:00:00,984,1344.1827859458886,LOW
2018-04-15 09:00:00,984,1344.1827859458886,LOW
2018-04-15 10:00:00,1494,2029.0160326499733,LOW
2018-04-15 10:00:00,1494,2029.0160326499733,LOW
2018-04-15 11:00:00,1794,2083.041374993647,LOW
2018-04-15 11:00:00,1794,2083.041374993647,LOW
2018-04-15 12:00:00,2037,2445.5558029111776,MEDIUM
2018-04-15 13:00:00,2205,2362.2898670340073,MEDIUM
2018-04-15 13:00:00,2205,2362.2898670340073,MEDIUM
2018-04-15 13:00:00,2205,2362.2898670340073,MEDIUM
2018-04-15 14:00:00,2406,2474.6944511554157,MEDIUM
2018-04-15 14:00:00,2406,2474.6944511554157,MEDIUM
2018-04-15 15:00:00,2171,2202.485779656492,MEDIUM
2018-04-15 15:00:00,2171,2202.485779656492,MEDIUM
2018-04-15 16:00:00,2109,2076.0263822047978,LOW
2018-04-15 16:00:00,2109,2076.0263822047978,LOW
2018-04-15 17:00:00,1849,1733.0400107932774,LOW
2018-04-15 17:00:00,1849,1733.0400107932774,LOW
2018-04-15 17:00:00,1849,1733.0400107932774,LOW
2018-04-15 18:00:00,1659,1622.7012466790816,LOW
2018-04-15 18:00:00,1659,1622.7012466790816,LOW
2018-04-15 18:00:00,1659,1622.7012466790816,LOW
2018-04-15 19:00:00,1417,1237.0026554160127,LOW
2018-04-15 19:00:00,1417,1237.0026554160127,LOW
2018-04-15 20:00:00,1642,1571.925924144525,LOW
2018-04-15 20:00:00,1642,1571.925924144525,LOW
2018-04-15 20:00:00,1642,1571.925924144525,LOW
2018-04-15 21:00:00,2809,2109.2053027805528,LOW
2018-04-15 21:00:00,2809,2109.2053027805528,LOW
2018-04-15 22:00:00,1203,877.6558966359726,LOW
2018-04-15 22:00:00,1203,877.6558966359726,LOW
2018-04-15 23:00:00,706,424.479152490046,LOW
2018-04-15 23:00:00,706,424.479152490046,LOW
2018-04-16 00:00:00,407,317.83894507814466,LOW
2018-04-16 00:00:00,407,317.83894507814466,LOW
2018-04-16 00:00:00,407,317.83894507814466,LOW
2018-04-16 01:00:00,272,245.9581653089868,LOW
2018-04-16 02:00:00,247,335.43697398892357,LOW
2018-04-16 03:00:00,357,851.7809860247228,LOW
2018-04-16 04:00:00,779,2446.0816305177273,MEDIUM
2018-04-16 05:00:00,2238,3634.6677023809525,MEDIUM
2018-04-16 06:00:00,4364,4166.589674157925,MEDIUM
2018-04-16 07:00:00,4963,4845.191345891385,HIGH
2018-04-16 08:00:00,4463,4148.72524184377,MEDIUM
2018-04-16 08:00:00,4463,4148.72524184377,MEDIUM
2018-04-16 09:00:00,4045,3921.5061258462692,MEDIUM
2018-04-16 10:00:00,3626,3826.287846120873,MEDIUM
2018-04-16 11:00:00,3860,3933.370591528564,MEDIUM
2018-04-16 12:00:00,4149,4337.908958930204,MEDIUM
2018-04-16 13:00:00,4110,4320.843139224884,MEDIUM
2018-04-16 14:00:00,4387,4684.431736148212,HIGH
2018-04-16 15:00:00,4942,5272.646963087853,HIGH
2018-04-16 16:00:00,5788,5411.816997984105,HIGH
2018-04-16 17:00:00,5567,4635.973466416401,HIGH
2018-04-16 18:00:00,4061,3274.903324430759,MEDIUM
2018-04-16 19:00:00,2979,2538.7867285822667,MEDIUM
2018-04-16 20:00:00,2556,2365.968333212859,MEDIUM
2018-04-16 21:00:00,2100,1630.9209101028443,LOW
2018-04-16 22:00:00,1489,1073.435865420349,LOW
2018-04-16 23:00:00,978,717.7450616255123,LOW
2018-04-17 00:00:00,524,348.6540153116217,LOW
2018-04-17 01:00:00,336,269.5080753474973,LOW
2018-04-17 02:00:00,271,394.79156021072595,LOW
2018-04-17 03:00:00,347,1072.615207418905,LOW
2018-04-17 04:00:00,898,3347.692258214516,MEDIUM
2018-04-17 05:00:00,2848,5816.664381734894,HIGH
2018-04-17 06:00:00,5516,6436.697892235986,HIGH
2018-04-17 07:00:00,6208,5686.115497629839,HIGH
2018-04-17 08:00:00,5892,5142.549858371312,HIGH
2018-04-17 09:00:00,5677,4910.4757230694895,HIGH
2018-04-17 10:00:00,4456,4672.18372375165,HIGH
2018-04-17 11:00:00,4715,4933.805834355218,HIGH
2018-04-17 12:00:00,4962,4961.8000700599805,HIGH
2018-04-17 13:00:00,4913,5261.295590573189,HIGH
2018-04-17 14:00:00,5220,5720.256654783471,HIGH
2018-04-17 15:00:00,5844,6444.309429479837,HIGH
2018-04-17 16:00:00,6657,6182.196620682527,HIGH
2018-04-17 17:00:00,6277,4524.218232024909,MEDIUM
2018-04-17 18:00:00,4827,3346.330427813235,MEDIUM
2018-04-17 19:00:00,3481,2985.622168512734,MEDIUM
2018-04-17 20:00:00,2877,2746.2712718351722,MEDIUM
2018-04-17 21:00:00,3418,2882.4255169232715,MEDIUM
2018-04-17 22:00:00,3294,1166.8774044457955,LOW
2018-04-17 23:00:00,1297,737.2780233962218,LOW
2018-04-18 00:00:00,826,596.858863374112,LOW
2018-04-18 01:00:00,594,477.13863121119095,LOW
2018-04-18 02:00:00,431,450.56117692334834,LOW
2018-04-18 03:00:00,521,918.8610564508662,LOW
2018-04-18 04:00:00,975,2834.705196111029,MEDIUM
2018-04-18 05:00:00,2986,5972.648923519447,HIGH
2018-04-18 06:00:00,5943,6785.095438941931,HIGH
2018-04-18 07:00:00,6871,6115.391858576241,HIGH
2018-04-18 08:00:00,6614,4877.820542240733,HIGH
2018-04-18 09:00:00,5378,4933.993972126905,HIGH
2018-04-18 10:00:00,4751,4922.3319476427005,HIGH
2018-04-18 11:00:00,4824,5006.197091194233,HIGH
2018-04-18 11:00:00,4824,5006.197091194233,HIGH
2018-04-18 12:00:00,5013,5217.220410136767,HIGH
2018-04-18 12:00:00,5013,5217.220410136767,HIGH
2018-04-18 13:00:00,5017,5319.7628914676425,HIGH
2018-04-18 14:00:00,5437,5865.958184587353,HIGH
2018-04-18 15:00:00,5835,6399.467383935383,HIGH
2018-04-18 16:00:00,7022,6381.18100215603,HIGH
2018-04-18 17:00:00,6459,5209.593718751771,HIGH
2018-04-18 17:00:00,6459,5209.593718751771,HIGH
2018-04-18 18:00:00,4663,3589.823218734584,MEDIUM
2018-04-18 19:00:00,3393,2990.543139473315,MEDIUM
2018-04-18 20:00:00,3034,2664.953996882628,MEDIUM
2018-04-18 21:00:00,2604,1882.983765005971,LOW
2018-04-18 22:00:00,1726,1117.3729636456453,LOW
2018-04-18 23:00:00,1085,715.7081148841321,LOW
2018-04-19 00:00:00,561,354.58362785130265,LOW
2018-04-19 01:00:00,351,320.38667091365755,LOW
2018-04-19 02:00:00,275,388.72910825794133,LOW
2018-04-19 03:00:00,361,995.7839247078387,LOW
2018-04-19 04:00:00,909,3269.854775570782,MEDIUM
2018-04-19 05:00:00,2885,5702.4866512069575,HIGH
2018-04-19 06:00:00,5715,6692.366208723372,HIGH
2018-04-19 07:00:00,6461,5969.477717702684,HIGH
2018-04-19 08:00:00,6046,5107.592578785375,HIGH
2018-04-19 09:00:00,5842,5080.9627993126005,HIGH
2018-04-19 10:00:00,4882,5114.42118286482,HIGH
2018-04-19 11:00:00,5035,5121.402963826526,HIGH
2018-04-19 12:00:00,5027,5080.235549742667,HIGH
2018-04-19 13:00:00,5110,5487.545279984122,HIGH
2018-04-19 14:00:00,5444,5786.284649975719,HIGH
2018-04-19 15:00:00,6188,6644.754527657471,HIGH
2018-04-19 16:00:00,6851,6305.927943364284,HIGH
2018-04-19 17:00:00,6368,4795.745474170169,HIGH
2018-04-19 18:00:00,4978,3644.3391242727703,MEDIUM
2018-04-19 19:00:00,3676,3179.2251345762797,MEDIUM
2018-04-19 20:00:00,3471,3159.105914170831,MEDIUM
2018-04-19 21:00:00,3451,3046.962761670578,MEDIUM
2018-04-19 22:00:00,2148,1277.5831443052316,LOW
2018-04-19 23:00:00,1273,738.4509248813536,LOW
2018-04-20 00:00:00,712,430.6897610724539,LOW
2018-04-20 01:00:00,417,324.4945194035729,LOW
2018-04-20 02:00:00,322,398.0471060439717,LOW
2018-04-20 03:00:00,393,914.3239545183262,LOW
2018-04-20 04:00:00,830,3269.732558925675,MEDIUM
2018-04-20 05:00:00,2691,5727.740921650195,HIGH
2018-04-20 06:00:00,5492,6363.273618651361,HIGH
2018-04-20 07:00:00,6626,5795.556831388567,HIGH
2018-04-20 08:00:00,6126,5215.334168051182,HIGH
2018-04-20 09:00:00,5141,4927.169331041764,HIGH
2018-04-20 10:00:00,4670,5046.355512492911,HIGH
2018-04-20 11:00:00,5200,5549.281420125755,HIGH
2018-04-20 12:00:00,5433,5464.359729158253,HIGH
2018-04-20 13:00:00,5370,5671.36249426545,HIGH
2018-04-20 14:00:00,5803,6105.450504113593,HIGH
2018-04-20 15:00:00,6383,6454.177328556099,HIGH
2018-04-20 16:00:00,6900,6007.119197630773,HIGH
2018-04-20 17:00:00,6268,5029.5282863202865,HIGH
2018-04-20 18:00:00,4959,4052.5836211832334,MEDIUM
2018-04-20 19:00:00,4091,3430.662948993993,MEDIUM
2018-04-20 20:00:00,3552,3511.4343334798596,MEDIUM
2018-04-20 21:00:00,3538,3374.5107842085686,MEDIUM
2018-04-20 22:00:00,2842,2093.4920436141565,LOW
2018-04-20 23:00:00,1977,1261.7454232997343,LOW
2018-04-21 00:00:00,1291,813.5882225430174,LOW
2018-04-21 01:00:00,732,565.1931759538044,LOW
2018-04-21 02:00:00,526,394.5420488468654,LOW
2018-04-21 03:00:00,386,452.9168908201448,LOW
2018-04-21 04:00:00,369,820.3783728396872,LOW
2018-04-21 05:00:00,683,1538.5080468694455,LOW
2018-04-21 06:00:00,1418,2225.3055617994587,MEDIUM
2018-04-21 07:00:00,2307,3076.5962352673046,MEDIUM
2018-04-21 08:00:00,3392,4198.080024668977,MEDIUM
2018-04-21 09:00:00,4153,4411.479536044723,MEDIUM
2018-04-21 10:00:00,4464,4928.120132568762,HIGH
2018-04-21 11:00:00,4985,5239.119791798836,HIGH
2018-04-21 12:00:00,5263,5148.093538233949,HIGH
2018-04-21 13:00:00,5307,5015.761563564758,HIGH
2018-04-21 14:00:00,5296,5010.743316876993,HIGH
2018-04-21 15:00:00,5340,5040.213262736402,HIGH
2018-04-21 16:00:00,5027,4775.319876344987,HIGH
2018-04-21 17:00:00,5007,4751.763829290797,HIGH
2018-04-21 18:00:00,4541,3635.6526355079213,MEDIUM
2018-04-21 19:00:00,3892,3330.6965897249866,MEDIUM
2018-04-21 20:00:00,3346,3241.3514168722695,MEDIUM
2018-04-21 21:00:00,3199,3214.0294264233407,MEDIUM
2018-04-21 22:00:00,3814,2271.8552982572983,MEDIUM
2018-04-21 23:00:00,2760,1418.32741025641,LOW
2018-04-22 00:00:00,1447,833.2880683172245,LOW
2018-04-22 01:00:00,945,694.2068137345221,LOW
2018-04-22 02:00:00,671,405.1658735978665,LOW
2018-04-22 03:00:00,465,483.65501388888896,LOW
2018-04-22 04:00:00,368,655.5271829006944,LOW
2018-04-22 05:00:00,563,941.3410825926999,LOW
2018-04-22 06:00:00,904,1245.3008695200833,LOW
2018-04-22 07:00:00,1289,2092.750283511998,LOW
2018-04-22 08:00:00,2200,3223.5469645075727,MEDIUM
2018-04-22 09:00:00,3219,3841.0734475183726,MEDIUM
2018-04-22 10:00:00,4088,4465.269038955379,MEDIUM
2018-04-22 11:00:00,4541,4964.107436419411,HIGH
2018-04-22 12:00:00,4781,4661.804808645698,HIGH
2018-04-22 13:00:00,4761,4604.147779364243,HIGH
2018-04-22 14:00:00,4753,4621.764423051329,HIGH
2018-04-22 15:00:00,4866,4777.531510667252,HIGH
2018-04-22 16:00:00,4713,4516.620091339181,MEDIUM
2018-04-22 17:00:00,4303,3983.481760454823,MEDIUM
2018-04-22 18:00:00,3787,3335.8991762805763,MEDIUM
2018-04-22 19:00:00,3228,2906.0005357232612,MEDIUM
2018-04-22 20:00:00,3139,2701.33949851786,MEDIUM
2018-04-22 21:00:00,2412,1773.9678565923462,LOW
2018-04-22 22:00:00,1906,1329.847549265666,LOW
2018-04-22 23:00:00,1356,863.1180566218457,LOW
2018-04-23 00:00:00,614,373.07777857295383,LOW
2018-04-23 01:00:00,349,285.2918880085384,LOW
2018-04-23 02:00:00,259,337.64590917736786,LOW
2018-04-23 03:00:00,373,852.3174103042724,LOW
2018-04-23 04:00:00,900,3052.551999651704,MEDIUM
2018-04-23 05:00:00,2864,5891.255334949308,HIGH
2018-04-23 06:00:00,5769,6801.00546198669,HIGH
2018-04-23 07:00:00,6574,5999.6942586968125,HIGH
2018-04-23 08:00:00,5970,5074.0787796222185,HIGH
2018-04-23 09:00:00,5325,4642.834525358633,HIGH
2018-04-23 10:00:00,4547,4820.447877896427,HIGH
2018-04-23 11:00:00,4577,4805.716359461415,HIGH
2018-04-23 12:00:00,4739,4802.158473814124,HIGH
2018-04-23 13:00:00,4803,5168.544267655701,HIGH
2018-04-23 14:00:00,5243,5755.433203282808,HIGH
2018-04-23 15:00:00,5852,6164.986943309291,HIGH
2018-04-23 16:00:00,6883,6252.763375832899,HIGH
2018-04-23 17:00:00,6188,4238.317732423782,MEDIUM
2018-04-23 18:00:00,4660,3361.2662906399373,MEDIUM
2018-04-23 19:00:00,3243,2832.6991699165224,MEDIUM
2018-04-23 20:00:00,2759,2505.677453807499,MEDIUM
2018-04-23 21:00:00,2183,1761.2099588629703,LOW
2018-04-23 22:00:00,1537,977.2040063267755,LOW
2018-04-23 23:00:00,963,547.2459772485057,LOW
2018-04-24 00:00:00,530,326.60422017641713,LOW
2018-04-24 01:00:00,330,278.129561951644,LOW
2018-04-24 02:00:00,248,405.92238877780574,LOW
2018-04-24 03:00:00,346,831.3609170293145,LOW
2018-04-24 04:00:00,911,2913.0507571399207,MEDIUM
2018-04-24 05:00:00,2936,5976.968097027008,HIGH
2018-04-24 06:00:00,5886,6754.280636816035,HIGH
2018-04-24 07:00:00,6535,6045.348511115817,HIGH
2018-04-24 08:00:00,5905,5196.658250214232,HIGH
2018-04-24 09:00:00,5509,4751.629347395124,HIGH
2018-04-24 10:00:00,4540,4801.224570000595,HIGH
2018-04-24 11:00:00,4957,5112.774310062555,HIGH
2018-04-24 12:00:00,4881,4922.524702178189,HIGH
2018-04-24 13:00:00,4960,5285.0120983167935,HIGH
2018-04-24 14:00:00,5353,5872.430729008044,HIGH
2018-04-24 15:00:00,6010,6613.684805708601,HIGH
2018-04-24 16:00:00,7149,6339.795924813352,HIGH
2018-04-24 17:00:00,6253,4528.142658032491,MEDIUM
2018-04-24 18:00:00,4513,3329.2229076217022,MEDIUM
2018-04-24 19:00:00,3325,2895.434473461137,MEDIUM
2018-04-24 20:00:00,3115,2839.699645687555,MEDIUM
2018-04-24 21:00:00,2497,1663.3390560828286,LOW
2018-04-24 22:00:00,1589,996.8197984695306,LOW
2018-04-24 23:00:00,988,584.1300695726947,LOW
2018-04-25 00:00:00,532,328.88378788602097,LOW
2018-04-25 01:00:00,310,251.17821098373312,LOW
2018-04-25 02:00:00,237,387.8690449737618,LOW
2018-04-25 03:00:00,341,838.6500702892137,LOW
2018-04-25 04:00:00,904,2949.970803790668,MEDIUM
2018-04-25 05:00:00,2917,5921.7565210813955,HIGH
2018-04-25 06:00:00,5866,6791.243382589937,HIGH
2018-04-25 07:00:00,6303,5814.6123634026235,HIGH
2018-04-25 08:00:00,5850,5221.954831867005,HIGH
2018-04-25 09:00:00,5455,4783.772463531125,HIGH
2018-04-25 10:00:00,4524,4790.906363064068,HIGH
2018-04-25 11:00:00,4891,5046.010461039718,HIGH
2018-04-25 12:00:00,5067,5116.297483291844,HIGH
2018-04-25 13:00:00,5020,5371.460982194562,HIGH
2018-04-25 14:00:00,5276,5814.0376956750515,HIGH
2018-04-25 15:00:00,6002,6604.105813878228,HIGH
2018-04-25 16:00:00,6816,6260.019761485334,HIGH
2018-04-25 17:00:00,6420,4762.036753950478,HIGH
2018-04-25 18:00:00,4695,3413.8219335710514,MEDIUM
2018-04-25 19:00:00,3543,3175.773075284459,MEDIUM
2018-04-25 20:00:00,3225,2858.0173916159965,MEDIUM
2018-04-25 21:00:00,2560,1797.708744841079,LOW
2018-04-25 22:00:00,1618,1019.9404722538181,LOW
2018-04-25 23:00:00,1023,630.269444584989,LOW
2018-04-26 00:00:00,551,332.5326916822383,LOW
2018-04-26 01:00:00,358,288.4528111734488,LOW
2018-04-26 02:00:00,255,341.81014093461505,LOW
2018-04-26 03:00:00,350,876.1635997687814,LOW
2018-04-26 04:00:00,899,2925.7561846725675,MEDIUM
2018-04-26 05:00:00,2953,6008.2270391551,HIGH
2018-04-26 06:00:00,5813,6674.238140405605,HIGH
2018-04-26 07:00:00,6493,5933.2866910908615,HIGH
2018-04-26 08:00:00,5890,5209.083268948883,HIGH
2018-04-26 09:00:00,5495,4843.358276933216,HIGH
2018-04-26 10:00:00,4675,4908.621668037422,HIGH
2018-04-26 11:00:00,5110,5200.377541153002,HIGH
2018-04-26 12:00:00,5078,5093.515756417893,HIGH
2018-04-26 13:00:00,5281,5655.897564060334,HIGH
2018-04-26 14:00:00,5661,6056.5034036503675,HIGH
2018-04-26 15:00:00,6257,6633.9995036539485,HIGH
2018-04-26 16:00:00,7139,6395.383863432271,HIGH
2018-04-26 17:00:00,6372,4805.741980202006,HIGH
2018-04-26 18:00:00,5068,3747.970988463428,MEDIUM
2018-04-26 19:00:00,3813,3298.2191295280977,MEDIUM
2018-04-26 20:00:00,3338,3130.5339859467217,MEDIUM
2018-04-26 21:00:00,3058,2549.659355603834,MEDIUM
2018-04-26 22:00:00,2171,1243.0409676575775,LOW
2018-04-26 23:00:00,1253,707.8307886544305,LOW
2018-04-27 00:00:00,683,412.2032806624373,LOW
2018-04-27 01:00:00,422,327.5637852457818,LOW
2018-04-27 02:00:00,328,376.8461053614469,LOW
2018-04-27 03:00:00,380,856.2667479563743,LOW
2018-04-27 04:00:00,849,2833.748598254375,MEDIUM
2018-04-27 05:00:00,2744,5533.233934070525,HIGH
2018-04-27 06:00:00,5573,6157.033263598834,HIGH
2018-04-27 07:00:00,6712,5915.1297356473915,HIGH
2018-04-27 08:00:00,6109,5302.799535706732,HIGH
2018-04-27 09:00:00,5414,4969.900274611649,HIGH
2018-04-27 10:00:00,4946,5255.868905310263,HIGH
2018-04-27 11:00:00,5365,5484.293305410418,HIGH
2018-04-27 12:00:00,5622,5589.636208576268,HIGH
2018-04-27 13:00:00,5487,5842.814805296353,HIGH
2018-04-27 14:00:00,6005,6336.398697536123,HIGH
2018-04-27 15:00:00,6560,6410.736255302639,HIGH
2018-04-27 16:00:00,6471,5990.949913844131,HIGH
2018-04-27 17:00:00,6459,5081.4269612354365,HIGH
2018-04-27 18:00:00,5355,4004.0504021244005,MEDIUM
2018-04-27 19:00:00,4083,3433.04858977009,MEDIUM
2018-04-27 20:00:00,3319,3119.904121220542,MEDIUM
2018-04-27 21:00:00,3384,3023.6937624395564,MEDIUM
2018-04-27 22:00:00,2709,1852.4676483193352,LOW
2018-04-27 23:00:00,1942,1313.396220764108,LOW
2018-04-28 00:00:00,1097,686.9204191346316,LOW
2018-04-28 01:00:00,725,556.5119254370553,LOW
2018-04-28 02:00:00,531,402.2908706498406,LOW
2018-04-28 03:00:00,382,388.63996924481603,LOW
2018-04-28 04:00:00,365,730.2586945060029,LOW
2018-04-28 05:00:00,744,1181.2963811861584,LOW
2018-04-28 06:00:00,1366,2261.939300114304,MEDIUM
2018-04-28 07:00:00,2330,3158.7622807726834,MEDIUM
2018-04-28 08:00:00,3737,4509.31832184521,MEDIUM
2018-04-28 09:00:00,4509,4780.029177543046,HIGH
2018-04-28 10:00:00,4752,5174.547929622332,HIGH
2018-04-28 11:00:00,5130,5273.386432453374,HIGH
2018-04-28 12:00:00,5453,5268.782385514441,HIGH
2018-04-28 13:00:00,5529,5458.879962439354,HIGH
2018-04-28 14:00:00,5191,4989.35293345903,HIGH
2018-04-28 15:00:00,4925,4700.325899065038,HIGH
2018-04-28 16:00:00,5034,4763.491654738528,HIGH
2018-04-28 17:00:00,4991,4821.93137242087,HIGH
2018-04-28 18:00:00,4300,3575.2873169092213,MEDIUM
2018-04-28 19:00:00,3764,3285.0913428388258,MEDIUM
2018-04-28 20:00:00,3189,3164.881850002283,MEDIUM
2018-04-28 21:00:00,3076,2863.678532383226,MEDIUM
2018-04-28 22:00:00,2900,2465.251796682392,MEDIUM
2018-04-28 23:00:00,3360,1747.2675,LOW
2018-04-29 00:00:00,1532,932.4715209589995,LOW
2018-04-29 01:00:00,821,623.4318427815666,LOW
2018-04-29 02:00:00,601,405.980876857545,LOW
2018-04-29 03:00:00,347,308.50001455169854,LOW
2018-04-29 04:00:00,280,463.20251495433223,LOW
2018-04-29 05:00:00,427,814.7112034509214,LOW
2018-04-29 06:00:00,839,1238.3089521204329,LOW
2018-04-29 07:00:00,1397,2128.2259477646667,LOW
2018-04-29 08:00:00,2153,3124.3914056280937,MEDIUM
2018-04-29 09:00:00,3258,3838.70622403916,MEDIUM
2018-04-29 10:00:00,3848,4295.431934916666,MEDIUM
2018-04-29 11:00:00,4381,4802.842626278152,HIGH
2018-04-29 12:00:00,4886,4767.149438840869,HIGH
2018-04-29 13:00:00,4828,4715.205601221037,HIGH
2018-04-29 14:00:00,4715,4583.215893007816,HIGH
2018-04-29 15:00:00,4570,4464.02939135433,MEDIUM
2018-04-29 16:00:00,4886,4500.402465584902,MEDIUM
2018-04-29 17:00:00,4390,3957.4764922040804,MEDIUM
2018-04-29 18:00:00,3903,3311.819395661261,MEDIUM
2018-04-29 19:00:00,3351,2993.5420119655887,MEDIUM
2018-04-29 20:00:00,3026,2667.0843454600963,MEDIUM
2018-04-29 21:00:00,2367,1818.2085352335375,LOW
2018-04-29 22:00:00,1703,1085.6719373071985,LOW
2018-04-29 23:00:00,1035,530.3627904300427,LOW
2018-04-30 00:00:00,541,384.8352888431546,LOW
2018-04-30 01:00:00,327,274.47130791962195,LOW
2018-04-30 02:00:00,275,350.6747685502215,LOW
2018-04-30 03:00:00,355,818.3243924151334,LOW
2018-04-30 04:00:00,891,2923.5581840030413,MEDIUM
2018-04-30 04:00:00,891,2923.5581840030413,MEDIUM
2018-04-30 05:00:00,2871,5332.729847439283,HIGH
2018-04-30 05:00:00,2871,5332.729847439283,HIGH
2018-04-30 06:00:00,5730,6501.314386485701,HIGH
2018-04-30 07:00:00,6633,6055.680060407192,HIGH
2018-04-30 08:00:00,5724,4971.185415428803,HIGH
2018-04-30 09:00:00,5171,4605.379369280784,HIGH
2018-04-30 09:00:00,5171,4605.379369280784,HIGH
2018-04-30 10:00:00,4523,4747.6835921076545,HIGH
2018-04-30 10:00:00,4523,4747.6835921076545,HIGH
2018-04-30 11:00:00,4619,4811.779112401516,HIGH
2018-04-30 12:00:00,4825,4885.470568551306,HIGH
2018-04-30 13:00:00,4837,5173.0013049954605,HIGH
2018-04-30 14:00:00,5147,5645.096403948531,HIGH
2018-04-30 15:00:00,5792,6469.738949156193,HIGH
2018-04-30 16:00:00,6901,6157.674488517793,HIGH
2018-04-30 17:00:00,6184,4499.14728933571,MEDIUM
2018-04-30 18:00:00,4568,3614.5996364574194,MEDIUM
2018-04-30 19:00:00,3259,2877.2816596875227,MEDIUM
2018-04-30 20:00:00,2673,2531.672234103604,MEDIUM
2018-04-30 21:00:00,2329,1897.4519943601658,LOW
2018-04-30 22:00:00,1594,1165.794073926736,LOW
2018-04-30 23:00:00,1061,680.4137293725048,LOW
2018-05-01 00:00:00,576,368.0629247303848,LOW
2018-05-01 01:00:00,395,307.0203819962691,LOW
2018-05-01 02:00:00,275,350.0375904057375,LOW
2018-05-01 03:00:00,370,802.6458440025714,LOW
2018-05-01 04:00:00,916,2780.514291370793,MEDIUM
2018-05-01 05:00:00,2893,5363.956013690759,HIGH
2018-05-01 06:00:00,5653,6179.920535452355,HIGH
2018-05-01 07:00:00,6046,5857.5886085313405,HIGH
2018-05-01 08:00:00,6140,5269.422830944757,HIGH
2018-05-01 09:00:00,5420,4736.901529482334,HIGH
2018-05-01 10:00:00,4468,4651.576117782504,HIGH
2018-05-01 11:00:00,4473,4636.29126327833,HIGH
2018-05-01 12:00:00,5111,5123.617361435368,HIGH
2018-05-01 13:00:00,4988,5310.689228044482,HIGH
2018-05-01 14:00:00,4926,5414.3563220507895,HIGH
2018-05-01 15:00:00,5802,6469.338064529988,HIGH
2018-05-01 16:00:00,6900,6348.344985700689,HIGH
2018-05-01 17:00:00,6410,4856.802687491729,HIGH
2018-05-01 18:00:00,4866,3537.4479733265807,MEDIUM
2018-05-01 19:00:00,3411,3018.361907548548,MEDIUM
2018-05-01 20:00:00,2907,2701.4547169481352,MEDIUM
2018-05-01 21:00:00,2287,1918.908977880961,LOW
2018-05-01 22:00:00,1438,1085.7980433494604,LOW
2018-05-01 23:00:00,1093,721.4964213602616,LOW
2018-05-01 23:00:00,1093,721.4964213602616,LOW
2018-05-02 00:00:00,517,389.38420157914805,LOW
2018-05-02 00:00:00,517,389.38420157914805,LOW
2018-05-02 00:00:00,517,389.38420157914805,LOW
2018-05-02 00:00:00,517,389.38420157914805,LOW
2018-05-02 01:00:00,324,262.6823025951793,LOW
2018-05-02 01:00:00,324,262.6823025951793,LOW
2018-05-02 01:00:00,324,262.6823025951793,LOW
2018-05-02 02:00:00,253,391.0330001847719,LOW
2018-05-02 02:00:00,253,391.0330001847719,LOW
2018-05-02 02:00:00,253,391.0330001847719,LOW
2018-05-02 03:00:00,351,822.9913090312573,LOW
2018-05-02 03:00:00,351,822.9913090312573,LOW
2018-05-02 04:00:00,915,2414.669718439623,MEDIUM
2018-05-02 04:00:00,915,2414.669718439623,MEDIUM
2018-05-02 05:00:00,2959,5217.985511829207,HIGH
2018-05-02 06:00:00,5910,6678.1453174829685,HIGH
2018-05-02 07:00:00,6606,6102.57223848745,HIGH
2018-05-02 08:00:00,5676,5103.695349872117,HIGH
2018-05-02 09:00:00,5638,4873.790735197063,HIGH
2018-05-02 10:00:00,4815,5050.551346492603,HIGH
2018-05-02 11:00:00,4999,5101.602433785969,HIGH
2018-05-02 12:00:00,5088,5108.013071577488,HIGH
2018-05-02 13:00:00,5034,5359.292620716546,HIGH
2018-05-02 14:00:00,5179,5672.594327769932,HIGH
2018-05-02 15:00:00,5913,6542.25030202974,HIGH
2018-05-02 16:00:00,6935,6341.490056856185,HIGH
2018-05-02 17:00:00,6291,4736.6769586474975,HIGH
2018-05-02 18:00:00,4763,3570.7523544253654,MEDIUM
2018-05-02 19:00:00,3518,3197.0805622516245,MEDIUM
2018-05-02 20:00:00,3114,2797.166289857146,MEDIUM
2018-05-02 21:00:00,2634,1894.966617989076,LOW
2018-05-02 22:00:00,1721,1128.2475639074876,LOW
2018-05-02 23:00:00,1074,664.5069950376449,LOW
2018-05-03 00:00:00,591,375.5045358916714,LOW
2018-05-03 01:00:00,373,294.98639482366224,LOW
2018-05-03 02:00:00,259,427.89738203974406,LOW
2018-05-03 03:00:00,345,726.7042587413983,LOW
2018-05-03 04:00:00,937,2823.0912634154333,MEDIUM
2018-05-03 05:00:00,3025,5856.889981341115,HIGH
2018-05-03 06:00:00,5893,6684.780703355709,HIGH
2018-05-03 07:00:00,6457,6016.172013584463,HIGH
2018-05-03 08:00:00,6084,5321.571812340392,HIGH
2018-05-03 09:00:00,5289,4819.01845218786,HIGH
2018-05-03 10:00:00,4763,4954.6505881219855,HIGH
2018-05-03 11:00:00,4987,5115.571077766055,HIGH
2018-05-03 12:00:00,5210,5184.325115042039,HIGH
2018-05-03 13:00:00,5332,5703.855642548548,HIGH
2018-05-03 14:00:00,5462,5859.202118955993,HIGH
2018-05-03 15:00:00,6103,6571.247253269807,HIGH
2018-05-03 16:00:00,6977,6079.019918529081,HIGH
2018-05-03 17:00:00,6630,4974.325468850434,HIGH
2018-05-03 18:00:00,5019,4099.549589740236,MEDIUM
2018-05-03 19:00:00,3664,3288.0071420580102,MEDIUM
2018-05-03 20:00:00,3325,3115.937286351413,MEDIUM
2018-05-03 21:00:00,2716,2129.683687125598,LOW
2018-05-03 22:00:00,1918,1372.0183263678584,LOW
2018-05-03 23:00:00,1308,913.3343018298021,LOW
2018-05-03 23:00:00,1308,913.3343018298021,LOW
2018-05-04 00:00:00,655,418.5156659028045,LOW
2018-05-04 01:00:00,393,306.7891570866881,LOW
2018-05-04 02:00:00,338,376.7745856780805,LOW
2018-05-04 03:00:00,409,1037.6225720900559,LOW
2018-05-04 04:00:00,882,2780.028747715948,MEDIUM
2018-05-04 05:00:00,2841,5213.08525841335,HIGH
2018-05-04 06:00:00,5503,6053.616772461986,HIGH
2018-05-04 07:00:00,6587,5817.76480502664,HIGH
2018-05-04 08:00:00,5771,5124.784333202583,HIGH
2018-05-04 09:00:00,5156,4888.43361354915,HIGH
2018-05-04 10:00:00,4982,5203.11173002725,HIGH
2018-05-04 11:00:00,5275,5463.419942254486,HIGH
2018-05-04 12:00:00,5528,5557.253379281028,HIGH
2018-05-04 13:00:00,5557,5848.232388663637,HIGH
2018-05-04 14:00:00,5869,6121.980390371699,HIGH
2018-05-04 15:00:00,6262,6299.868532808569,HIGH
2018-05-04 16:00:00,6662,5973.428832228157,HIGH
2018-05-04 17:00:00,6014,5015.624889028411,HIGH
2018-05-04 18:00:00,5024,3830.155681356526,MEDIUM
2018-05-04 19:00:00,4000,3463.9331086137263,MEDIUM
2018-05-04 20:00:00,3541,3345.6791667058824,MEDIUM
2018-05-04 21:00:00,3323,3012.396864503506,MEDIUM
2018-05-04 22:00:00,2718,2217.590596040931,MEDIUM
2018-05-04 23:00:00,2103,1293.5211394354067,LOW
2018-05-05 00:00:00,1446,894.6857055210126,LOW
2018-05-05 01:00:00,691,562.27593156992,LOW
2018-05-05 03:00:00,345,357.4836944444445,LOW
2018-05-05 04:00:00,399,647.5512953831042,LOW
2018-05-05 05:00:00,687,1326.9308698147754,LOW
2018-05-05 06:00:00,1382,1959.4810204464918,LOW
2018-05-05 07:00:00,2248,3150.6914898018363,MEDIUM
2018-05-05 08:00:00,3095,3773.412308990213,MEDIUM
2018-05-05 09:00:00,3848,4296.8993018969895,MEDIUM
2018-05-05 10:00:00,3915,4249.947786322825,MEDIUM
2018-05-05 11:00:00,4280,4629.576648411568,HIGH
2018-05-05 12:00:00,4775,4687.746824781219,HIGH
2018-05-05 13:00:00,4730,4669.29775816517,HIGH
2018-05-05 14:00:00,4394,4395.244298925332,MEDIUM
2018-05-05 15:00:00,4699,4650.841880965676,HIGH
2018-05-05 16:00:00,4580,4399.577414420935,MEDIUM
2018-05-05 17:00:00,4539,4194.0127312195455,MEDIUM
2018-05-05 18:00:00,4156,3564.359659323044,MEDIUM
2018-05-05 18:00:00,4156,3564.359659323044,MEDIUM
2018-05-05 19:00:00,3146,2839.326643682243,MEDIUM
2018-05-05 19:00:00,3146,2839.326643682243,MEDIUM
2018-05-05 19:00:00,3146,2839.326643682243,MEDIUM
2018-05-05 20:00:00,2767,2948.309389404881,MEDIUM
2018-05-05 20:00:00,2767,2948.309389404881,MEDIUM
2018-05-05 21:00:00,2922,2793.2667894824717,MEDIUM
2018-05-05 22:00:00,3145,2329.944973763876,MEDIUM
2018-05-05 23:00:00,2432,1619.5448117788112,LOW
2018-05-06 00:00:00,1674,1095.5617101488879,LOW
2018-05-06 01:00:00,784,647.8067534918873,LOW
2018-05-06 01:00:00,784,647.8067534918873,LOW
2018-05-06 02:00:00,509,383.5671489435849,LOW
2018-05-06 03:00:00,346,301.6909612511517,LOW
2018-05-06 04:00:00,269,434.0672907621486,LOW
2018-05-06 05:00:00,459,823.6751992452845,LOW
2018-05-06 06:00:00,998,1421.1029611141098,LOW
2018-05-06 07:00:00,1332,2015.8616538677293,LOW
2018-05-06 08:00:00,2390,3167.7671980674972,MEDIUM
2018-05-06 09:00:00,3000,3726.1679228123357,MEDIUM
2018-05-06 10:00:00,3568,3905.697836568432,MEDIUM
2018-05-06 11:00:00,3914,4216.981098855931,MEDIUM
2018-05-06 12:00:00,4053,4141.609770617553,MEDIUM
2018-05-06 13:00:00,4237,4310.668546904143,MEDIUM
2018-05-06 14:00:00,4295,4392.998240530684,MEDIUM
2018-05-06 15:00:00,4332,4422.092208040812,MEDIUM
2018-05-06 16:00:00,4181,4029.19454992614,MEDIUM
2018-05-06 17:00:00,3739,3541.307652491987,MEDIUM
2018-05-06 18:00:00,3778,3435.907387871388,MEDIUM
2018-05-06 19:00:00,3041,2800.4162715413286,MEDIUM
2018-05-06 20:00:00,2658,2360.761777284565,MEDIUM
2018-05-06 21:00:00,2350,1909.861745698663,LOW
2018-05-06 22:00:00,1717,1169.5761641764675,LOW
2018-05-06 23:00:00,1248,689.4302399899799,LOW
2018-05-07 00:00:00,597,376.22330589916726,LOW
2018-05-07 01:00:00,353,297.91502629287123,LOW
2018-05-07 02:00:00,244,321.76855974730444,LOW
2018-05-07 03:00:00,326,703.586855839771,LOW
2018-05-07 04:00:00,875,2907.222798106762,MEDIUM
2018-05-07 05:00:00,2729,5440.446650571999,HIGH
2018-05-07 06:00:00,5780,6568.697978216829,HIGH
2018-05-07 07:00:00,6339,5923.146635437645,HIGH
2018-05-07 08:00:00,5793,4978.501199209465,HIGH
2018-05-07 09:00:00,4932,4486.631857030522,MEDIUM
2018-05-07 10:00:00,4369,4580.312108960714,HIGH
2018-05-07 11:00:00,4608,4819.433987458297,HIGH
2018-05-07 12:00:00,4792,4863.788005443721,HIGH
2018-05-07 13:00:00,4815,5154.832050572398,HIGH
2018-05-07 14:00:00,4969,5456.293402199553,HIGH
2018-05-07 15:00:00,5799,6444.180124449968,HIGH
2018-05-07 16:00:00,6663,6052.182524383434,HIGH
2018-05-07 17:00:00,6197,4393.744055246247,MEDIUM
2018-05-07 18:00:00,4502,3562.711430647456,MEDIUM
2018-05-07 19:00:00,3292,2883.083350952682,MEDIUM
2018-05-07 20:00:00,2791,2641.495919066047,MEDIUM
2018-05-07 21:00:00,2494,1613.5661821019648,LOW
2018-05-07 22:00:00,1591,1129.1730491609324,LOW
2018-05-07 23:00:00,1010,629.0464338010273,LOW
2018-05-08 00:00:00,585,366.4499806699984,LOW
2018-05-08 01:00:00,356,304.7925190417976,LOW
2018-05-08 02:00:00,264,402.6514679138505,LOW
2018-05-08 03:00:00,331,775.8234608655125,LOW
2018-05-08 04:00:00,868,2726.276449162184,MEDIUM
2018-05-08 05:00:00,2849,5343.224263692841,HIGH
2018-05-08 06:00:00,5958,6476.108049769232,HIGH
2018-05-08 07:00:00,6651,6080.827846799622,HIGH
2018-05-08 08:00:00,6203,5297.12884073344,HIGH
2018-05-08 09:00:00,5428,4751.248117770017,HIGH
2018-05-08 10:00:00,4500,4656.901061231197,HIGH
2018-05-08 11:00:00,4614,4793.232568073033,HIGH
2018-05-08 12:00:00,4601,4721.863711894902,HIGH
2018-05-08 12:00:00,4601,4721.863711894902,HIGH
2018-05-08 13:00:00,4583,4795.844529100467,HIGH
2018-05-08 13:00:00,4583,4795.844529100467,HIGH
2018-05-08 14:00:00,5196,5644.106427800831,HIGH
2018-05-08 14:00:00,5196,5644.106427800831,HIGH
2018-05-08 15:00:00,5855,6483.184780207657,HIGH
2018-05-08 16:00:00,6578,6223.051014189384,HIGH
2018-05-08 17:00:00,6279,4696.839372220606,HIGH
2018-05-08 18:00:00,4545,3344.718963976683,MEDIUM
2018-05-08 18:00:00,4545,3344.718963976683,MEDIUM
2018-05-08 19:00:00,3274,2885.3974406086504,MEDIUM
2018-05-08 19:00:00,3274,2885.3974406086504,MEDIUM
2018-05-08 20:00:00,3044,2738.2367168867695,MEDIUM
2018-05-08 21:00:00,2334,1854.123987570329,LOW
2018-05-08 21:00:00,2334,1854.123987570329,LOW
2018-05-08 22:00:00,1513,1049.418105482506,LOW
2018-05-08 22:00:00,1513,1049.418105482506,LOW
2018-05-08 23:00:00,1027,594.2840214567198,LOW
2018-05-08 23:00:00,1027,594.2840214567198,LOW
2018-05-09 00:00:00,516,392.2007421811711,LOW
2018-05-09 00:00:00,516,392.2007421811711,LOW
2018-05-09 00:00:00,516,392.2007421811711,LOW
2018-05-09 01:00:00,319,264.5530351425208,LOW
2018-05-09 02:00:00,261,497.4224055707249,LOW
2018-05-09 03:00:00,340,676.4698778865551,LOW
2018-05-09 03:00:00,340,676.4698778865551,LOW
2018-05-09 04:00:00,885,2775.0644457995973,MEDIUM
2018-05-09 05:00:00,2881,5308.346060137116,HIGH
2018-05-09 06:00:00,6008,6802.731522950266,HIGH
2018-05-09 07:00:00,6523,6121.24900587126,HIGH
2018-05-09 07:00:00,6523,6121.24900587126,HIGH
2018-05-09 08:00:00,6254,5327.963852004592,HIGH
2018-05-09 09:00:00,5210,4823.76932852012,HIGH
2018-05-09 09:00:00,5210,4823.76932852012,HIGH
2018-05-09 09:00:00,5210,4823.76932852012,HIGH
2018-05-09 10:00:00,4720,4908.721368268202,HIGH
2018-05-09 11:00:00,4693,4894.124925367947,HIGH
2018-05-09 11:00:00,4693,4894.124925367947,HIGH
2018-05-09 12:00:00,4840,4887.564012266372,HIGH
2018-05-09 13:00:00,4933,5250.114694448829,HIGH
2018-05-09 13:00:00,4933,5250.114694448829,HIGH
2018-05-09 14:00:00,5109,5615.884865399636,HIGH
2018-05-09 14:00:00,5109,5615.884865399636,HIGH
2018-05-09 15:00:00,6159,6534.778988281287,HIGH
2018-05-09 16:00:00,6844,6312.503635581228,HIGH
2018-05-09 16:00:00,6844,6312.503635581228,HIGH
2018-05-09 17:00:00,6436,4990.493062750192,HIGH
2018-05-09 18:00:00,4768,3507.6515784324147,MEDIUM
2018-05-09 19:00:00,3511,3178.156265120729,MEDIUM
2018-05-09 20:00:00,3287,2819.834580916102,MEDIUM
2018-05-09 21:00:00,2734,2116.2577622001204,LOW
2018-05-09 22:00:00,1736,1116.4698074019198,LOW
2018-05-09 23:00:00,1466,768.7374103586191,LOW
2018-05-10 00:00:00,633,394.85524362107657,LOW
2018-05-10 01:00:00,364,304.34023063744854,LOW
2018-05-10 02:00:00,270,357.2366735023207,LOW
2018-05-10 03:00:00,374,889.1034089974161,LOW
2018-05-10 04:00:00,928,2619.448089425931,MEDIUM
2018-05-10 05:00:00,2881,5225.576728314615,HIGH
2018-05-10 06:00:00,5840,6625.518132754689,HIGH
2018-05-10 07:00:00,6197,5739.334779466008,HIGH
2018-05-10 08:00:00,5690,5106.230200739297,HIGH
2018-05-10 09:00:00,5568,4857.398835177266,HIGH
2018-05-10 10:00:00,4691,4946.0669734838275,HIGH
2018-05-10 11:00:00,5120,5199.104927560638,HIGH
2018-05-10 12:00:00,5268,5257.449045106478,HIGH
2018-05-10 13:00:00,5140,5475.527279269753,HIGH
2018-05-10 14:00:00,5599,5993.184223957246,HIGH
2018-05-10 15:00:00,6364,6615.833701824553,HIGH
2018-05-10 16:00:00,7074,6400.431895489084,HIGH
2018-05-10 17:00:00,6722,4858.655786236897,HIGH
2018-05-10 18:00:00,5110,3755.6292240934517,MEDIUM
2018-05-10 19:00:00,3824,3254.156918677133,MEDIUM
2018-05-10 20:00:00,3310,3118.940055429241,MEDIUM
2018-05-10 21:00:00,2906,2430.6004379096057,MEDIUM
2018-05-10 22:00:00,2014,1468.6035530499985,LOW
2018-05-10 23:00:00,1287,714.7874433595198,LOW
2018-05-11 00:00:00,660,405.49032785734926,LOW
2018-05-11 01:00:00,379,303.5717199442694,LOW
2018-05-11 02:00:00,302,380.5967938883223,LOW
2018-05-11 03:00:00,342,858.5410823850012,LOW
2018-05-11 04:00:00,814,2658.1894426555127,MEDIUM
2018-05-11 05:00:00,2640,5482.129208964922,HIGH
2018-05-11 06:00:00,5561,6307.383580549894,HIGH
2018-05-11 07:00:00,6472,5599.299159988752,HIGH
2018-05-11 07:00:00,6472,5599.299159988752,HIGH
2018-05-11 08:00:00,5594,4961.684069743437,HIGH
2018-05-11 09:00:00,5189,4933.633718113815,HIGH
2018-05-11 10:00:00,4978,5160.277735879505,HIGH
2018-05-11 11:00:00,5292,5482.638590110778,HIGH
2018-05-11 12:00:00,5530,5480.261255436415,HIGH
2018-05-11 13:00:00,5323,5585.402081985135,HIGH
2018-05-11 14:00:00,5648,5996.844338031451,HIGH
2018-05-11 15:00:00,6354,6489.763492104586,HIGH
2018-05-11 16:00:00,6858,6087.6616046129875,HIGH
2018-05-11 17:00:00,5773,5031.742218984143,HIGH
2018-05-11 18:00:00,5138,3900.2564060517157,MEDIUM
2018-05-11 18:00:00,5138,3900.2564060517157,MEDIUM
2018-05-11 19:00:00,3863,3314.732947548083,MEDIUM
2018-05-11 19:00:00,3863,3314.732947548083,MEDIUM
2018-05-11 20:00:00,3108,3021.159495149993,MEDIUM
2018-05-11 20:00:00,3108,3021.159495149993,MEDIUM
2018-05-11 21:00:00,3134,2877.211394302561,MEDIUM
2018-05-11 22:00:00,2436,1770.491525304194,LOW
2018-05-11 23:00:00,1740,1295.5696303808338,LOW
2018-05-12 00:00:00,1107,822.5658622538308,LOW
2018-05-12 01:00:00,642,516.3835592529599,LOW
2018-05-12 02:00:00,427,390.81253041743383,LOW
2018-05-12 03:00:00,482,522.6717067594544,LOW
2018-05-12 04:00:00,440,843.4890414144045,LOW
2018-05-12 05:00:00,809,1513.553615274256,LOW
2018-05-12 06:00:00,1428,2135.319513139559,LOW
2018-05-12 07:00:00,2113,3025.4905894769972,MEDIUM
2018-05-12 08:00:00,3110,3778.47683115124,MEDIUM
2018-05-12 09:00:00,3792,4175.9181942846335,MEDIUM
2018-05-12 10:00:00,4455,4736.928256258211,HIGH
2018-05-12 11:00:00,4818,5122.69573484152,HIGH
2018-05-12 12:00:00,5167,5117.923739472445,HIGH
2018-05-12 13:00:00,4769,4629.878407111054,HIGH
2018-05-12 14:00:00,4631,4587.598399109359,HIGH
2018-05-12 15:00:00,4283,4344.584269602108,MEDIUM
2018-05-12 16:00:00,4148,4015.980701340036,MEDIUM
2018-05-12 16:00:00,4148,4015.980701340036,MEDIUM
2018-05-12 17:00:00,3972,3634.377849624451,MEDIUM
2018-05-12 17:00:00,3972,3634.377849624451,MEDIUM
2018-05-12 18:00:00,3736,3272.602021209147,MEDIUM
2018-05-12 19:00:00,3060,2775.767691632991,MEDIUM
2018-05-12 20:00:00,2718,2753.024713846535,MEDIUM
2018-05-12 21:00:00,2727,2817.50744749888,MEDIUM
2018-05-12 22:00:00,2527,1999.0205304052245,LOW
2018-05-12 23:00:00,2033,1391.0391350912523,LOW
2018-05-13 00:00:00,1191,817.650426232705,LOW
2018-05-13 01:00:00,756,556.0166980559311,LOW
2018-05-13 02:00:00,622,392.56970309247737,LOW
2018-05-13 03:00:00,353,321.6554719688066,LOW
2018-05-13 04:00:00,342,578.0714711065667,LOW
2018-05-13 05:00:00,460,809.2899553531237,LOW
2018-05-13 06:00:00,868,1232.197238210231,LOW
2018-05-13 07:00:00,1304,2162.256467493498,MEDIUM
2018-05-13 08:00:00,1965,2938.352337818828,MEDIUM
2018-05-13 09:00:00,3117,3775.3980032104214,MEDIUM
2018-05-13 10:00:00,3725,4138.7566514840055,MEDIUM
2018-05-13 11:00:00,3983,4187.204228580882,MEDIUM
2018-05-13 12:00:00,4088,4186.210709748259,MEDIUM
2018-05-13 13:00:00,4184,4278.036057394351,MEDIUM
2018-05-13 14:00:00,4091,4193.040880155473,MEDIUM
2018-05-13 15:00:00,4072,4146.679417468845,MEDIUM
2018-05-13 16:00:00,4169,3946.85587982355,MEDIUM
2018-05-13 17:00:00,3827,3584.65507734607,MEDIUM
2018-05-13 18:00:00,3555,3205.057637582437,MEDIUM
2018-05-13 19:00:00,3256,3035.1699093850993,MEDIUM
2018-05-13 20:00:00,3049,2729.2461544011544,MEDIUM
2018-05-13 21:00:00,2586,1953.0254019923561,LOW
2018-05-13 22:00:00,1759,1132.5627712228286,LOW
2018-05-13 23:00:00,1077,660.9994223246954,LOW
2018-05-14 00:00:00,598,369.06696447732844,LOW
2018-05-14 01:00:00,366,300.1418538101663,LOW
2018-05-14 02:00:00,243,331.89826423272194,LOW
2018-05-14 03:00:00,308,601.3901109938173,LOW
2018-05-14 04:00:00,875,2754.7781949326004,MEDIUM
2018-05-14 05:00:00,2816,5525.969271339676,HIGH
2018-05-14 06:00:00,5792,6615.839987323308,HIGH
2018-05-14 06:00:00,5792,6615.839987323308,HIGH
2018-05-14 07:00:00,6559,5987.308163585881,HIGH
2018-05-14 08:00:00,5870,5020.083383248256,HIGH
2018-05-14 09:00:00,5052,4626.950992700794,HIGH
2018-05-14 10:00:00,4392,4563.881880786935,HIGH
2018-05-14 11:00:00,4573,4777.215290302772,HIGH
2018-05-14 12:00:00,4794,4868.224323037913,HIGH
2018-05-14 13:00:00,4831,5177.645368071081,HIGH
2018-05-14 14:00:00,5025,5499.21501557017,HIGH
2018-05-14 15:00:00,5598,6279.37814030756,HIGH
2018-05-14 15:00:00,5598,6279.37814030756,HIGH
2018-05-14 16:00:00,6463,6124.904117090227,HIGH
2018-05-14 17:00:00,5971,5017.267965882141,HIGH
2018-05-14 18:00:00,4545,3710.4473031913944,MEDIUM
2018-05-14 19:00:00,3113,2798.236686683703,MEDIUM
2018-05-14 19:00:00,3113,2798.236686683703,MEDIUM
2018-05-14 19:00:00,3113,2798.236686683703,MEDIUM
2018-05-14 20:00:00,2681,2466.719345612731,MEDIUM
2018-05-14 20:00:00,2681,2466.719345612731,MEDIUM
2018-05-14 20:00:00,2681,2466.719345612731,MEDIUM
2018-05-14 21:00:00,2293,1966.268399596183,LOW
2018-05-14 21:00:00,2293,1966.268399596183,LOW
2018-05-14 21:00:00,2293,1966.268399596183,LOW
2018-05-14 22:00:00,2107,1717.370631840571,LOW
2018-05-14 22:00:00,2107,1717.370631840571,LOW
2018-05-14 22:00:00,2107,1717.370631840571,LOW
2018-05-14 23:00:00,1022,656.6553642735722,LOW
2018-05-15 00:00:00,555,407.7143882754257,LOW
2018-05-15 00:00:00,555,407.7143882754257,LOW
2018-05-15 00:00:00,555,407.7143882754257,LOW
2018-05-15 01:00:00,309,251.81831816448616,LOW
2018-05-15 01:00:00,309,251.81831816448616,LOW
2018-05-15 02:00:00,248,345.39826874346164,LOW
2018-05-15 02:00:00,248,345.39826874346164,LOW
2018-05-15 03:00:00,349,839.3128972351165,LOW
2018-05-15 03:00:00,349,839.3128972351165,LOW
2018-05-15 03:00:00,349,839.3128972351165,LOW
2018-05-15 04:00:00,934,2814.048033002392,MEDIUM
2018-05-15 04:00:00,934,2814.048033002392,MEDIUM
2018-05-15 04:00:00,934,2814.048033002392,MEDIUM
2018-05-15 05:00:00,3020,5573.784377515459,HIGH
2018-05-15 05:00:00,3020,5573.784377515459,HIGH
2018-05-15 06:00:00,5914,6637.7737526858355,HIGH
2018-05-15 07:00:00,6264,5732.599813899094,HIGH
2018-05-15 08:00:00,5433,4853.711606157325,HIGH
2018-05-15 09:00:00,5399,4682.085509488748,HIGH
2018-05-15 10:00:00,4528,4842.088549117916,HIGH
2018-05-15 11:00:00,4808,4997.114821280975,HIGH
2018-05-15 12:00:00,4967,4976.337621778213,HIGH
2018-05-15 13:00:00,5017,5371.479508185282,HIGH
2018-05-15 14:00:00,5380,5827.1379177816825,HIGH
2018-05-15 15:00:00,6033,6576.451039908059,HIGH
2018-05-15 16:00:00,6888,6252.805835203547,HIGH
2018-05-15 17:00:00,6548,4655.581096585907,HIGH
2018-05-15 18:00:00,4953,3619.6426686038294,MEDIUM
2018-05-15 19:00:00,3602,3115.857446370249,MEDIUM
2018-05-15 20:00:00,3050,2765.5219771215266,MEDIUM
2018-05-15 21:00:00,2773,2109.2353028835637,LOW
2018-05-15 22:00:00,3335,1644.000604395604,LOW
2018-05-15 23:00:00,2286,820.8478000085084,LOW
2018-05-16 00:00:00,720,434.08135845843367,LOW
2018-05-16 01:00:00,442,323.31494448844603,LOW
2018-05-16 02:00:00,352,445.4036066916303,LOW
2018-05-16 03:00:00,367,836.7631467405363,LOW
2018-05-16 04:00:00,895,2772.7372281764005,MEDIUM
2018-05-16 05:00:00,3014,5775.990505048947,HIGH
2018-05-16 06:00:00,5844,6572.803331813124,HIGH
2018-05-16 07:00:00,5988,5632.262331417353,HIGH
2018-05-16 08:00:00,5293,4775.807507073179,HIGH
2018-05-16 09:00:00,5122,4674.339193988764,HIGH
2018-05-16 10:00:00,4941,5291.61494177611,HIGH
2018-05-16 11:00:00,5110,5313.604836762238,HIGH
2018-05-16 12:00:00,5042,5111.633923346597,HIGH
2018-05-16 13:00:00,4952,5264.910035323768,HIGH
2018-05-16 14:00:00,5286,5727.196415041258,HIGH
2018-05-16 15:00:00,5871,6501.280597950814,HIGH
2018-05-16 16:00:00,6775,6116.538876595072,HIGH
2018-05-16 17:00:00,6123,4549.976750554793,HIGH
2018-05-16 18:00:00,4717,3626.446003964526,MEDIUM
2018-05-16 19:00:00,3697,3213.5410128985545,MEDIUM
2018-05-16 20:00:00,3387,2986.950364711399,MEDIUM
2018-05-16 21:00:00,3187,2493.421633782644,MEDIUM
2018-05-16 22:00:00,2443,1517.3163592606973,LOW
2018-05-16 23:00:00,2291,770.2530843222343,LOW
2018-05-17 00:00:00,684,428.4986588863771,LOW
2018-05-17 01:00:00,495,375.9131820294047,LOW
2018-05-17 02:00:00,294,362.6499743248046,LOW
2018-05-17 03:00:00,364,907.9377610440787,LOW
2018-05-17 04:00:00,929,2766.222678572525,MEDIUM
2018-05-17 05:00:00,2935,5666.51734903693,HIGH
2018-05-17 06:00:00,5846,6501.212044280256,HIGH
2018-05-17 07:00:00,6323,5849.458213074577,HIGH
2018-05-17 08:00:00,5494,4945.061598471581,HIGH
2018-05-17 09:00:00,5299,4766.578614631717,HIGH
2018-05-17 10:00:00,4444,4666.6298337512835,HIGH
2018-05-17 11:00:00,4913,5180.400051368805,HIGH
2018-05-17 12:00:00,5120,5115.878935980912,HIGH
2018-05-17 13:00:00,5096,5437.039896574581,HIGH
2018-05-17 14:00:00,5480,5841.347686756835,HIGH
2018-05-17 15:00:00,6289,6602.511555012868,HIGH
2018-05-17 16:00:00,6594,5573.342503285457,HIGH
2018-05-17 17:00:00,6171,4723.335163156385,HIGH
2018-05-17 18:00:00,4989,3774.019936003833,MEDIUM
2018-05-17 19:00:00,3647,3217.5454715405735,MEDIUM
2018-05-17 20:00:00,3400,2888.728153207743,MEDIUM
2018-05-17 21:00:00,3238,2502.2710145101832,MEDIUM
2018-05-17 22:00:00,2677,1877.4645636530795,LOW
2018-05-17 23:00:00,1852,1186.8230816637597,LOW
2018-05-18 00:00:00,736,1006.4111135589642,LOW
2018-05-18 01:00:00,453,344.6079507110623,LOW
2018-05-18 02:00:00,365,401.53056655372484,LOW
2018-05-18 03:00:00,351,879.5436242642971,LOW
2018-05-18 04:00:00,846,2748.949010540956,MEDIUM
2018-05-18 05:00:00,2786,4946.3472489539035,HIGH
2018-05-18 06:00:00,5552,6329.246283399881,HIGH
2018-05-18 07:00:00,6583,5810.824588607695,HIGH
2018-05-18 08:00:00,5321,4929.258336122759,HIGH
2018-05-18 09:00:00,4984,4685.804218689827,HIGH
2018-05-18 10:00:00,4736,5041.050119358416,HIGH
2018-05-18 11:00:00,5133,5412.199539582321,HIGH
2018-05-18 12:00:00,5337,5249.729632544733,HIGH
2018-05-18 13:00:00,5316,5539.7979435263,HIGH
2018-05-18 14:00:00,5810,6062.409549154481,HIGH
2018-05-18 15:00:00,6400,6362.615570944494,HIGH
2018-05-18 16:00:00,6496,6033.423592487334,HIGH
2018-05-18 17:00:00,6197,5154.959200311297,HIGH
2018-05-18 18:00:00,5241,3840.146121175939,MEDIUM
2018-05-18 19:00:00,3850,3263.5306873528593,MEDIUM
2018-05-18 20:00:00,3441,3484.1521250299415,MEDIUM
2018-05-18 21:00:00,3196,2844.669571080624,MEDIUM
2018-05-18 22:00:00,2728,2044.9098766966542,LOW
2018-05-18 22:00:00,2728,2044.9098766966542,LOW
2018-05-18 23:00:00,1797,1244.7017779816479,LOW
2018-05-19 00:00:00,1420,870.6293429372953,LOW
2018-05-19 01:00:00,855,709.1047161199934,LOW
2018-05-19 02:00:00,639,471.4140716421554,LOW
2018-05-19 03:00:00,494,507.96442070582134,LOW
2018-05-19 04:00:00,477,840.5860707075913,LOW
2018-05-19 05:00:00,806,1435.4316976552245,LOW
2018-05-19 06:00:00,1430,1931.7156015995247,LOW
2018-05-19 07:00:00,2062,2888.9606541449157,MEDIUM
2018-05-19 08:00:00,3277,3730.7799715925007,MEDIUM
2018-05-19 09:00:00,3569,3787.189628998751,MEDIUM
2018-05-19 09:00:00,3569,3787.189628998751,MEDIUM
2018-05-19 10:00:00,3857,4225.75744668316,MEDIUM
2018-05-19 10:00:00,3857,4225.75744668316,MEDIUM
2018-05-19 11:00:00,4112,4414.308697520802,MEDIUM
2018-05-19 12:00:00,4259,4365.384976577414,MEDIUM
2018-05-19 13:00:00,4542,4525.434528309101,MEDIUM
2018-05-19 14:00:00,4802,4808.33621915863,HIGH
2018-05-19 15:00:00,4598,4595.209013697266,HIGH
2018-05-19 16:00:00,4398,4334.181970126768,MEDIUM
2018-05-19 17:00:00,4133,3983.118495853013,MEDIUM
2018-05-19 18:00:00,3640,3274.7756249737954,MEDIUM
2018-05-19 19:00:00,2979,2748.8389302654123,MEDIUM
2018-05-19 20:00:00,2706,2818.669792507988,MEDIUM
2018-05-19 21:00:00,2705,2626.780726559553,MEDIUM
2018-05-19 22:00:00,2714,2082.041867333845,LOW
2018-05-19 23:00:00,2047,1332.6240771452005,LOW
2018-05-20 00:00:00,1216,800.5498751243557,LOW
2018-05-20 01:00:00,761,604.7619872525077,LOW
2018-05-20 02:00:00,525,382.42885685826366,LOW
2018-05-20 03:00:00,324,286.6342016827504,LOW
2018-05-20 04:00:00,273,487.76843230909054,LOW
2018-05-20 05:00:00,433,837.0877538546852,LOW
2018-05-20 06:00:00,850,1223.6973717711146,LOW
2018-05-20 07:00:00,1242,1999.7370488552403,LOW
2018-05-20 08:00:00,1829,2523.7874370865684,MEDIUM
2018-05-20 09:00:00,2638,3361.2081101571744,MEDIUM
2018-05-20 10:00:00,3501,3879.3696746041323,MEDIUM
2018-05-20 11:00:00,4300,4665.577975111057,HIGH
2018-05-20 12:00:00,4661,4566.165192527298,HIGH
2018-05-20 13:00:00,3956,4073.2775708208806,MEDIUM
2018-05-20 14:00:00,3932,4011.5162381420623,MEDIUM
2018-05-20 15:00:00,3920,3945.193333616164,MEDIUM
2018-05-20 16:00:00,3938,3785.2899712394797,MEDIUM
2018-05-20 17:00:00,3768,3577.99556521214,MEDIUM
2018-05-20 18:00:00,3378,2993.013184283001,MEDIUM
2018-05-20 19:00:00,2842,2593.7062218182464,MEDIUM
2018-05-20 20:00:00,2692,2560.53606982803,MEDIUM
2018-05-20 21:00:00,2194,1899.0303636494218,LOW
2018-05-20 22:00:00,1696,1155.0809846709362,LOW
2018-05-20 23:00:00,1107,636.042610264058,LOW
2018-05-21 00:00:00,652,448.31306526087945,LOW
2018-05-21 01:00:00,350,279.28683310677445,LOW
2018-05-21 02:00:00,321,361.6287681456161,LOW
2018-05-21 03:00:00,333,706.1957478400258,LOW
2018-05-21 04:00:00,860,2457.7544196064123,MEDIUM
2018-05-21 05:00:00,2796,5430.195052955108,HIGH
2018-05-21 06:00:00,5721,6397.800591676525,HIGH
2018-05-21 07:00:00,6799,6149.157019072101,HIGH
2018-05-21 07:00:00,6799,6149.157019072101,HIGH
2018-05-21 08:00:00,5726,4978.1566039216505,HIGH
2018-05-21 08:00:00,5726,4978.1566039216505,HIGH
2018-05-21 09:00:00,4865,4529.881756427914,MEDIUM
2018-05-21 10:00:00,4254,4441.842950834231,MEDIUM
2018-05-21 11:00:00,4454,4625.80577616319,HIGH
2018-05-21 12:00:00,4810,4895.771975332361,HIGH
2018-05-21 13:00:00,2040,2597.125894175122,MEDIUM
2018-05-21 14:00:00,4224,4400.48569112735,MEDIUM
2018-05-21 15:00:00,5895,6474.910215169329,HIGH
2018-05-21 16:00:00,6968,6297.111275681073,HIGH
2018-05-21 17:00:00,6134,4747.980919555633,HIGH
2018-05-21 18:00:00,4586,3750.130555949883,MEDIUM
2018-05-21 19:00:00,3249,2854.2315552284153,MEDIUM
2018-05-21 20:00:00,2699,2491.2027303268605,MEDIUM
2018-05-21 21:00:00,2318,2017.5519574792581,LOW
2018-05-21 22:00:00,1668,1346.4028597407278,LOW
2018-05-21 23:00:00,1060,662.5774554621363,LOW
2018-05-22 00:00:00,554,406.22415018018756,LOW
2018-05-22 01:00:00,333,293.5060249291817,LOW
2018-05-22 02:00:00,249,324.20038879701656,LOW
2018-05-22 03:00:00,337,669.0480388520076,LOW
2018-05-22 04:00:00,886,2817.8299325439134,MEDIUM
2018-05-22 05:00:00,3026,5556.5597588229875,HIGH
2018-05-22 05:00:00,3026,5556.5597588229875,HIGH
2018-05-22 06:00:00,5875,6426.167020519949,HIGH
2018-05-22 06:00:00,5875,6426.167020519949,HIGH
2018-05-22 07:00:00,6019,5678.555868241212,HIGH
2018-05-22 08:00:00,5752,5117.607224594896,HIGH
2018-05-22 09:00:00,5085,4616.697428080599,HIGH
2018-05-22 10:00:00,4450,4637.313725010102,HIGH
2018-05-22 11:00:00,4631,4827.780847062852,HIGH
2018-05-22 12:00:00,4760,4809.180373151364,HIGH
2018-05-22 13:00:00,4840,5181.849300464051,HIGH
2018-05-22 14:00:00,5197,5649.112677800831,HIGH
2018-05-22 15:00:00,5901,6464.398928105837,HIGH
2018-05-22 16:00:00,6907,6341.822274911478,HIGH
2018-05-22 17:00:00,6371,4715.072914944755,HIGH
2018-05-22 18:00:00,4649,3485.7429735701285,MEDIUM
2018-05-22 19:00:00,3367,2965.863919379156,MEDIUM
2018-05-22 20:00:00,3028,2743.9171720014297,MEDIUM
2018-05-22 21:00:00,3047,2359.058590442107,MEDIUM
2018-05-22 22:00:00,1953,1677.1039715076415,LOW
2018-05-22 23:00:00,1084,734.6580332450062,LOW
2018-05-23 00:00:00,599,370.7705509722048,LOW
2018-05-23 01:00:00,363,301.295605153335,LOW
2018-05-23 02:00:00,303,437.9473028747528,LOW
2018-05-23 03:00:00,349,810.9812596322334,LOW
2018-05-23 04:00:00,919,2771.699223797111,MEDIUM
2018-05-23 05:00:00,2989,5687.9515314241735,HIGH
2018-05-23 06:00:00,5979,6689.392234512347,HIGH
2018-05-23 07:00:00,6641,6135.3107036737,HIGH
2018-05-23 07:00:00,6641,6135.3107036737,HIGH
2018-05-23 08:00:00,5557,4869.098325634702,HIGH
2018-05-23 09:00:00,5217,4681.461451247247,HIGH
2018-05-23 10:00:00,4728,4936.494402248416,HIGH
2018-05-23 11:00:00,4956,5165.907533305897,HIGH
2018-05-23 12:00:00,4760,4809.073395027916,HIGH
2018-05-23 13:00:00,4912,5278.158073812103,HIGH
2018-05-23 14:00:00,5221,5669.821963889089,HIGH
2018-05-23 15:00:00,5959,6590.538993247744,HIGH
2018-05-23 16:00:00,6897,6237.986752399722,HIGH
2018-05-23 17:00:00,6228,4839.613435913152,HIGH
2018-05-23 18:00:00,4632,3643.869312063548,MEDIUM
2018-05-23 19:00:00,3359,3027.696228777429,MEDIUM
2018-05-23 20:00:00,2993,2733.837060485282,MEDIUM
2018-05-23 21:00:00,2888,2348.792356820661,MEDIUM
2018-05-23 22:00:00,2028,1613.1547747665509,LOW
2018-05-23 23:00:00,1215,707.1045106270692,LOW
2018-05-24 00:00:00,628,395.0831603642284,LOW
2018-05-24 01:00:00,356,391.9904807625116,LOW
2018-05-24 02:00:00,261,983.2451544011324,LOW
2018-05-24 03:00:00,363,821.0901449097898,LOW
2018-05-24 04:00:00,883,2668.079805379023,MEDIUM
2018-05-24 05:00:00,3012,5434.9873354176325,HIGH
2018-05-24 06:00:00,5763,6470.810701582931,HIGH
2018-05-24 07:00:00,6298,5879.503047381984,HIGH
2018-05-24 08:00:00,5695,5001.2166538208185,HIGH
2018-05-24 09:00:00,5232,4730.645188995945,HIGH
2018-05-24 10:00:00,4532,4857.229851485373,HIGH
2018-05-24 11:00:00,4923,5188.784872633737,HIGH
2018-05-24 12:00:00,4969,5002.724436834707,HIGH
2018-05-24 13:00:00,5036,5419.45799630532,HIGH
2018-05-24 14:00:00,5414,5856.156551841912,HIGH
2018-05-24 15:00:00,6184,6589.761959989157,HIGH
2018-05-24 16:00:00,6193,5534.633537430831,HIGH
2018-05-24 17:00:00,6107,4752.708650458656,HIGH
2018-05-24 18:00:00,4787,3660.8833924867445,MEDIUM
2018-05-24 19:00:00,3746,3242.3987630328566,MEDIUM
2018-05-24 20:00:00,2938,2978.7949408370596,MEDIUM
2018-05-24 20:00:00,2938,2978.7949408370596,MEDIUM
2018-05-24 20:00:00,2938,2978.7949408370596,MEDIUM
2018-05-24 21:00:00,2626,1949.4595267376055,LOW
2018-05-24 21:00:00,2626,1949.4595267376055,LOW
2018-05-24 21:00:00,2626,1949.4595267376055,LOW
2018-05-24 22:00:00,1938,1346.150064041313,LOW
2018-05-24 22:00:00,1938,1346.150064041313,LOW
2018-05-24 23:00:00,1261,711.9156131286529,LOW
2018-05-24 23:00:00,1261,711.9156131286529,LOW
2018-05-25 00:00:00,648,432.79630469386865,LOW
2018-05-25 00:00:00,648,432.79630469386865,LOW
2018-05-25 01:00:00,430,503.4104367119887,LOW
2018-05-25 01:00:00,430,503.4104367119887,LOW
2018-05-25 01:00:00,430,503.4104367119887,LOW
2018-05-25 02:00:00,300,466.6742535065049,LOW
2018-05-25 03:00:00,329,797.9013278646709,LOW
2018-05-25 04:00:00,788,2317.4723130188,MEDIUM
2018-05-25 04:00:00,788,2317.4723130188,MEDIUM
2018-05-25 04:00:00,788,2317.4723130188,MEDIUM
2018-05-25 05:00:00,2645,5232.859583961144,HIGH
2018-05-25 05:00:00,2645,5232.859583961144,HIGH
2018-05-25 06:00:00,5111,5903.655625816431,HIGH
2018-05-25 06:00:00,5111,5903.655625816431,HIGH
2018-05-25 07:00:00,6075,5500.6531465585695,HIGH
2018-05-25 08:00:00,5206,4896.244798873802,HIGH
2018-05-25 09:00:00,4859,4623.026700875952,HIGH
2018-05-25 10:00:00,4534,4836.121922709241,HIGH
2018-05-25 11:00:00,4928,5230.543112042959,HIGH
2018-05-25 12:00:00,5139,5359.56309191308,HIGH
2018-05-25 13:00:00,5148,5473.775082323528,HIGH
2018-05-25 14:00:00,5403,5854.596611558406,HIGH
2018-05-25 15:00:00,6083,6241.680298538383,HIGH
2018-05-25 16:00:00,5753,5206.348754452393,HIGH
2018-05-25 17:00:00,4904,4441.293961796104,MEDIUM
2018-05-25 17:00:00,4904,4441.293961796104,MEDIUM
2018-05-25 18:00:00,4023,3454.506796793487,MEDIUM
2018-05-25 18:00:00,4023,3454.506796793487,MEDIUM
2018-05-25 19:00:00,3334,3047.2056458181764,MEDIUM
2018-05-25 20:00:00,3026,3059.4590203435887,MEDIUM
2018-05-25 21:00:00,2953,2686.19257221426,MEDIUM
2018-05-25 22:00:00,2863,2551.8946129922333,MEDIUM
2018-05-25 23:00:00,1828,1263.301840047269,LOW
2018-05-26 00:00:00,1300,884.8883768131601,LOW
2018-05-26 01:00:00,719,586.0840890444915,LOW
2018-05-26 02:00:00,579,427.6457742622144,LOW
2018-05-26 03:00:00,363,385.0934087301588,LOW
2018-05-26 04:00:00,376,702.8294324749073,LOW
2018-05-26 05:00:00,649,1367.489297161172,LOW
2018-05-26 06:00:00,1263,1834.9051288724652,LOW
2018-05-26 07:00:00,1690,2353.5988009583584,MEDIUM
2018-05-26 08:00:00,2392,3203.8156336830743,MEDIUM
2018-05-26 09:00:00,3360,3885.795135375844,MEDIUM
2018-05-26 10:00:00,3540,3983.209922501535,MEDIUM
2018-05-26 11:00:00,3937,4242.915647149173,MEDIUM
2018-05-26 12:00:00,4176,4258.652783523015,MEDIUM
2018-05-26 13:00:00,4130,4175.992106082467,MEDIUM
2018-05-26 14:00:00,3887,3940.8683676253772,MEDIUM
2018-05-26 15:00:00,3761,3685.9258938679845,MEDIUM
2018-05-26 16:00:00,3970,3832.0231104790164,MEDIUM
2018-05-26 17:00:00,3858,3781.0134135529393,MEDIUM
2018-05-26 18:00:00,3714,3378.148173622456,MEDIUM
2018-05-26 19:00:00,2965,2505.5203499002714,MEDIUM
2018-05-26 20:00:00,2855,2933.583960401048,MEDIUM
2018-05-26 21:00:00,2956,2731.406593745549,MEDIUM
2018-05-26 22:00:00,3036,2489.959462797846,MEDIUM
2018-05-26 23:00:00,2141,1375.211713734948,LOW
2018-05-27 00:00:00,1633,906.5216948760352,LOW
2018-05-27 01:00:00,829,653.0696468658497,LOW
2018-05-27 02:00:00,712,439.7588556858008,LOW
2018-05-27 03:00:00,486,508.7578253968254,LOW
2018-05-27 04:00:00,401,600.451807694707,LOW
2018-05-27 05:00:00,844,1394.5292297760448,LOW
2018-05-27 06:00:00,1192,1711.1703266047125,LOW
2018-05-27 07:00:00,1205,1879.7656324190496,LOW
2018-05-27 08:00:00,1819,2574.2776452014677,MEDIUM
2018-05-27 09:00:00,2660,3350.0577849786864,MEDIUM
2018-05-27 10:00:00,3431,4025.2079396715017,MEDIUM
2018-05-27 11:00:00,3782,4215.671994886711,MEDIUM
2018-05-27 12:00:00,4190,4252.995489584311,MEDIUM
2018-05-27 13:00:00,4139,4188.589338900223,MEDIUM
2018-05-27 14:00:00,3963,3978.2351983720505,MEDIUM
2018-05-27 15:00:00,3821,3778.6123857583107,MEDIUM
2018-05-27 16:00:00,3739,3580.6421940016075,MEDIUM
2018-05-27 17:00:00,3266,3121.4362779904304,MEDIUM
2018-05-27 18:00:00,3127,2806.568668422502,MEDIUM
2018-05-27 19:00:00,2830,2413.685904761905,MEDIUM
2018-05-27 20:00:00,2825,2545.273289237186,MEDIUM
2018-05-27 21:00:00,2656,2163.693293788898,MEDIUM
2018-05-27 22:00:00,2565,1956.67435823493,LOW
2018-05-27 23:00:00,1660,1225.913338465497,LOW
2018-05-28 00:00:00,1088,632.2275,LOW
2018-05-28 01:00:00,559,520.3719520034106,LOW
2018-05-28 02:00:00,440,607.7427215842619,LOW
2018-05-28 03:00:00,332,885.1032466079689,LOW
2018-05-28 04:00:00,314,592.8240348731769,LOW
2018-05-28 05:00:00,488,760.4704490027538,LOW
2018-05-28 06:00:00,882,1027.2639245476744,LOW
2018-05-28 07:00:00,989,1391.5760181351327,LOW
2018-05-28 08:00:00,1294,2198.0190778711626,MEDIUM
2018-05-28 09:00:00,1873,1585.3173698650007,LOW
2018-05-28 10:00:00,2576,3174.6636541246494,MEDIUM
2018-05-28 11:00:00,3037,3447.983800307565,MEDIUM
2018-05-28 12:00:00,3375,3516.643226992733,MEDIUM
2018-05-28 13:00:00,3611,3740.6550548045902,MEDIUM
2018-05-28 14:00:00,4032,4147.261372139849,MEDIUM
2018-05-28 15:00:00,3812,3810.8347231473513,MEDIUM
2018-05-28 16:00:00,3810,3526.381365699712,MEDIUM
2018-05-28 17:00:00,3822,3527.3777226292227,MEDIUM
2018-05-28 18:00:00,3749,3299.1607832877567,MEDIUM
2018-05-28 18:00:00,3749,3299.1607832877567,MEDIUM
2018-05-28 19:00:00,3145,2785.106880114296,MEDIUM
2018-05-28 19:00:00,3145,2785.106880114296,MEDIUM
2018-05-28 20:00:00,2611,2474.521559557897,MEDIUM
2018-05-28 20:00:00,2611,2474.521559557897,MEDIUM
2018-05-28 21:00:00,2338,1810.0451627673963,LOW
2018-05-28 21:00:00,2338,1810.0451627673963,LOW
2018-05-28 22:00:00,1936,1400.4739891277268,LOW
2018-05-28 23:00:00,1141,771.7251317520532,LOW
2018-05-29 00:00:00,565,479.38693511782384,LOW
2018-05-29 01:00:00,347,290.62200399343635,LOW
2018-05-29 02:00:00,239,326.13031741719203,LOW
2018-05-29 03:00:00,340,765.5895589162596,LOW
2018-05-29 04:00:00,828,2799.4355948441957,MEDIUM
2018-05-29 05:00:00,2911,5536.297325893188,HIGH
2018-05-29 06:00:00,5723,6463.192607668889,HIGH
2018-05-29 07:00:00,6106,5751.17869111888,HIGH
2018-05-29 08:00:00,5530,4695.746549490992,HIGH
2018-05-29 09:00:00,5117,4321.708397262888,MEDIUM
2018-05-29 10:00:00,4530,4866.776534510692,HIGH
2018-05-29 11:00:00,4436,4651.725694347496,HIGH
2018-05-29 12:00:00,4866,4915.406766899917,HIGH
2018-05-29 13:00:00,4973,5284.564700842431,HIGH
2018-05-29 14:00:00,5159,5629.935994773772,HIGH
2018-05-29 15:00:00,6018,6571.052668934917,HIGH
2018-05-29 16:00:00,6820,6097.474010579599,HIGH
2018-05-29 16:00:00,6820,6097.474010579599,HIGH
2018-05-29 17:00:00,5990,4580.3200056506785,HIGH
2018-05-29 17:00:00,5990,4580.3200056506785,HIGH
2018-05-29 18:00:00,4267,3506.658191930468,MEDIUM
2018-05-29 18:00:00,4267,3506.658191930468,MEDIUM
2018-05-29 19:00:00,3036,2743.7417398762123,MEDIUM
2018-05-29 19:00:00,3036,2743.7417398762123,MEDIUM
2018-05-29 19:00:00,3036,2743.7417398762123,MEDIUM
2018-05-29 20:00:00,2466,2415.294050416716,MEDIUM
2018-05-29 20:00:00,2466,2415.294050416716,MEDIUM
2018-05-29 20:00:00,2466,2415.294050416716,MEDIUM
2018-05-29 21:00:00,2154,1755.3826336508441,LOW
2018-05-29 21:00:00,2154,1755.3826336508441,LOW
2018-05-29 21:00:00,2154,1755.3826336508441,LOW
2018-05-29 22:00:00,1595,1246.0192709974776,LOW
2018-05-29 22:00:00,1595,1246.0192709974776,LOW
2018-05-29 22:00:00,1595,1246.0192709974776,LOW
2018-05-29 23:00:00,969,730.8670551575572,LOW
2018-05-29 23:00:00,969,730.8670551575572,LOW
2018-05-29 23:00:00,969,730.8670551575572,LOW
2018-05-30 00:00:00,527,409.101119533104,LOW
2018-05-30 00:00:00,527,409.101119533104,LOW
2018-05-30 00:00:00,527,409.101119533104,LOW
2018-05-30 01:00:00,351,305.04095122874753,LOW
2018-05-30 01:00:00,351,305.04095122874753,LOW
2018-05-30 02:00:00,306,425.82588871701927,LOW
2018-05-30 02:00:00,306,425.82588871701927,LOW
2018-05-30 02:00:00,306,425.82588871701927,LOW
2018-05-30 03:00:00,329,787.8214531378395,LOW
2018-05-30 04:00:00,893,2783.662106604956,MEDIUM
2018-05-30 05:00:00,3023,5522.064093456068,HIGH
2018-05-30 06:00:00,6046,6595.857838782657,HIGH
2018-05-30 07:00:00,6326,5903.128757780758,HIGH
2018-05-30 08:00:00,5716,5194.238154016182,HIGH
2018-05-30 09:00:00,5283,4766.078611484435,HIGH
2018-05-30 10:00:00,4554,4752.739038116888,HIGH
2018-05-30 10:00:00,4554,4752.739038116888,HIGH
2018-05-30 11:00:00,4744,4908.85173526745,HIGH
2018-05-30 12:00:00,4923,5094.529655003996,HIGH
2018-05-30 13:00:00,4823,5167.929788697979,HIGH
2018-05-30 13:00:00,4823,5167.929788697979,HIGH
2018-05-30 14:00:00,5343,5743.072496354376,HIGH
2018-05-30 14:00:00,5343,5743.072496354376,HIGH
2018-05-30 15:00:00,6062,6515.301822890943,HIGH
2018-05-30 15:00:00,6062,6515.301822890943,HIGH
2018-05-30 15:00:00,6062,6515.301822890943,HIGH
2018-05-30 16:00:00,7042,6354.336174337725,HIGH
2018-05-30 16:00:00,7042,6354.336174337725,HIGH
2018-05-30 17:00:00,6429,4836.071342256382,HIGH
2018-05-30 18:00:00,4621,3924.4169176450278,MEDIUM
2018-05-30 18:00:00,4621,3924.4169176450278,MEDIUM
2018-05-30 19:00:00,3555,3181.5452896804923,MEDIUM
2018-05-30 20:00:00,2788,2593.4170807951123,MEDIUM
2018-05-30 21:00:00,2612,1929.5645618176384,LOW
2018-05-30 22:00:00,1932,1326.1591053823995,LOW
2018-05-30 23:00:00,1233,983.066160869633,LOW
2018-05-31 00:00:00,695,456.0834199008173,LOW
2018-05-31 01:00:00,382,305.36784751954394,LOW
2018-05-31 01:00:00,382,305.36784751954394,LOW
2018-05-31 01:00:00,382,305.36784751954394,LOW
2018-05-31 02:00:00,307,376.83875133624804,LOW
2018-05-31 02:00:00,307,376.83875133624804,LOW
2018-05-31 02:00:00,307,376.83875133624804,LOW
2018-05-31 03:00:00,343,795.5751335030232,LOW
2018-05-31 03:00:00,343,795.5751335030232,LOW
2018-05-31 03:00:00,343,795.5751335030232,LOW
2018-05-31 04:00:00,922,2480.2451461038636,MEDIUM
2018-05-31 04:00:00,922,2480.2451461038636,MEDIUM
2018-05-31 04:00:00,922,2480.2451461038636,MEDIUM
2018-05-31 05:00:00,3013,5441.198938290633,HIGH
2018-05-31 05:00:00,3013,5441.198938290633,HIGH
2018-05-31 05:00:00,3013,5441.198938290633,HIGH
2018-05-31 06:00:00,6007,6575.322360427681,HIGH
2018-05-31 06:00:00,6007,6575.322360427681,HIGH
2018-05-31 06:00:00,6007,6575.322360427681,HIGH
2018-05-31 07:00:00,6420,5902.374141890516,HIGH
2018-05-31 07:00:00,6420,5902.374141890516,HIGH
2018-05-31 07:00:00,6420,5902.374141890516,HIGH
2018-05-31 08:00:00,5912,5424.868445002802,HIGH
2018-05-31 08:00:00,5912,5424.868445002802,HIGH
2018-05-31 08:00:00,5912,5424.868445002802,HIGH
2018-05-31 09:00:00,5313,4859.226446449924,HIGH
2018-05-31 09:00:00,5313,4859.226446449924,HIGH
2018-05-31 10:00:00,4734,4938.445457789803,HIGH
2018-05-31 11:00:00,5008,5210.519464582655,HIGH
2018-05-31 12:00:00,5031,5076.512743495017,HIGH
2018-05-31 13:00:00,5199,5519.599241828992,HIGH
2018-05-31 14:00:00,5407,5758.783860249013,HIGH
2018-05-31 15:00:00,5950,6579.479784766631,HIGH
2018-05-31 16:00:00,6860,6117.04484488129,HIGH
2018-05-31 17:00:00,6358,4870.4073560319885,HIGH
2018-05-31 18:00:00,5042,3776.744908832162,MEDIUM
2018-05-31 19:00:00,3671,3244.1859941774455,MEDIUM
2018-05-31 20:00:00,3037,3019.4320843967544,MEDIUM
2018-05-31 21:00:00,3102,2501.880732093658,MEDIUM
2018-05-31 22:00:00,2222,1436.0263254047138,LOW
2018-05-31 23:00:00,1446,795.7883259806207,LOW
2018-06-01 00:00:00,786,514.6470655800883,LOW
2018-06-01 01:00:00,497,365.3320884207772,LOW
2018-06-01 02:00:00,346,388.12624408393646,LOW
2018-06-01 03:00:00,395,834.299476569425,LOW
2018-06-01 04:00:00,872,2764.1912214559893,MEDIUM
2018-06-01 05:00:00,2965,5617.060782734921,HIGH
2018-06-01 06:00:00,5345,6114.534209972887,HIGH
2018-06-01 07:00:00,6658,5880.722331942636,HIGH
2018-06-01 08:00:00,5639,5152.85694032726,HIGH
2018-06-01 09:00:00,5132,4858.661222540367,HIGH
2018-06-01 10:00:00,4739,5032.324824358501,HIGH
2018-06-01 11:00:00,5043,5254.288566865365,HIGH
2018-06-01 12:00:00,5387,5283.046545723886,HIGH
2018-06-01 13:00:00,5381,5689.584528905186,HIGH
2018-06-01 14:00:00,5742,6028.663265019659,HIGH
2018-06-01 15:00:00,6352,6362.364372991326,HIGH
2018-06-01 16:00:00,6860,6077.353496504831,HIGH
2018-06-01 17:00:00,5983,4927.9370087569805,HIGH
2018-06-01 18:00:00,4926,3835.3430376210467,MEDIUM
2018-06-01 19:00:00,3804,3229.5625900987015,MEDIUM
2018-06-01 20:00:00,3446,3351.444204512065,MEDIUM
2018-06-01 21:00:00,3519,3248.429054946842,MEDIUM
2018-06-01 22:00:00,2865,2299.613474378359,MEDIUM
2018-06-01 23:00:00,2218,1533.8673204184697,LOW
2018-06-02 00:00:00,1601,921.1538094991913,LOW
2018-06-02 01:00:00,830,633.6967677311616,LOW
2018-06-02 03:00:00,446,457.20951871593905,LOW
2018-06-02 04:00:00,424,805.1697442392941,LOW
2018-06-02 05:00:00,746,1139.4466179219492,LOW
2018-06-02 06:00:00,1385,1890.8811819484288,LOW
2018-06-02 07:00:00,1928,2499.1986739849654,MEDIUM
2018-06-02 08:00:00,2730,3327.5512407117117,MEDIUM
2018-06-02 09:00:00,3707,4024.9379670669505,MEDIUM
2018-06-02 09:00:00,3707,4024.9379670669505,MEDIUM
2018-06-02 10:00:00,3864,4136.632901761428,MEDIUM
2018-06-02 11:00:00,4260,4564.611872553354,HIGH
2018-06-02 11:00:00,4260,4564.611872553354,HIGH
2018-06-02 12:00:00,4671,4581.393751439691,HIGH
2018-06-02 12:00:00,4671,4581.393751439691,HIGH
2018-06-02 12:00:00,4671,4581.393751439691,HIGH
2018-06-02 13:00:00,4741,4620.801762741026,HIGH
2018-06-02 13:00:00,4741,4620.801762741026,HIGH
2018-06-02 13:00:00,4741,4620.801762741026,HIGH
2018-06-02 14:00:00,4896,4832.048185743199,HIGH
2018-06-02 14:00:00,4896,4832.048185743199,HIGH
2018-06-02 14:00:00,4896,4832.048185743199,HIGH
2018-06-02 15:00:00,4509,4467.6152163147935,MEDIUM
2018-06-02 15:00:00,4509,4467.6152163147935,MEDIUM
2018-06-02 16:00:00,4560,4483.477118104675,MEDIUM
2018-06-02 16:00:00,4560,4483.477118104675,MEDIUM
2018-06-02 17:00:00,4221,3731.2568190813436,MEDIUM
2018-06-02 17:00:00,4221,3731.2568190813436,MEDIUM
2018-06-02 17:00:00,4221,3731.2568190813436,MEDIUM
2018-06-02 18:00:00,4013,3477.4386341029704,MEDIUM
2018-06-02 19:00:00,3480,3218.0195010606844,MEDIUM
2018-06-02 20:00:00,3074,3138.0651238332484,MEDIUM
2018-06-02 21:00:00,2905,2790.3804948490597,MEDIUM
2018-06-02 22:00:00,2808,2175.1491008058883,MEDIUM
2018-06-02 22:00:00,2808,2175.1491008058883,MEDIUM
2018-06-02 23:00:00,2103,1351.5249779039336,LOW
2018-06-03 00:00:00,1516,973.4877486594181,LOW
2018-06-03 01:00:00,905,651.7605423397944,LOW
2018-06-03 02:00:00,647,445.3883083764894,LOW
2018-06-03 03:00:00,477,410.86964736652243,LOW
2018-06-03 04:00:00,419,731.7133105511427,LOW
2018-06-03 05:00:00,643,1065.3150774120782,LOW
2018-06-03 06:00:00,1103,1399.3446771222984,LOW
2018-06-03 07:00:00,1519,2012.9677618576272,LOW
2018-06-03 08:00:00,2380,3126.940531919629,MEDIUM
2018-06-03 09:00:00,3350,3826.869030603655,MEDIUM
2018-06-03 10:00:00,3820,4153.867732888652,MEDIUM
2018-06-03 11:00:00,4453,4810.2213365791795,HIGH
2018-06-03 12:00:00,4858,4765.209189080605,HIGH
2018-06-03 13:00:00,4563,4513.20155902602,MEDIUM
2018-06-03 14:00:00,4458,4451.784948151212,MEDIUM
2018-06-03 15:00:00,4554,4493.0654225801745,MEDIUM
2018-06-03 16:00:00,4547,4420.747729094364,MEDIUM
2018-06-03 17:00:00,4262,3976.569690469266,MEDIUM
2018-06-03 18:00:00,3972,3479.007996361349,MEDIUM
2018-06-03 19:00:00,3527,3127.9333383726257,MEDIUM
2018-06-03 20:00:00,3043,2732.607330280234,MEDIUM
2018-06-03 21:00:00,2490,2444.271524141214,MEDIUM
2018-06-03 22:00:00,2051,1293.853750314421,LOW
2018-06-03 23:00:00,1166,669.6754715761762,LOW
2018-06-04 00:00:00,667,444.24593939394157,LOW
2018-06-04 01:00:00,377,294.0102037912765,LOW
2018-06-04 02:00:00,285,658.8884868022375,LOW
2018-06-04 03:00:00,375,811.4450873046236,LOW
2018-06-04 04:00:00,928,2819.5432455994182,MEDIUM
2018-06-04 05:00:00,3021,5581.179547844457,HIGH
2018-06-04 06:00:00,5765,6217.736735509941,HIGH
2018-06-04 07:00:00,6081,5648.784927514842,HIGH
2018-06-04 08:00:00,5546,4725.776641974623,HIGH
2018-06-04 09:00:00,5108,4608.755353203822,HIGH
2018-06-04 10:00:00,4334,4508.152210335465,MEDIUM
2018-06-04 11:00:00,4489,4690.460479791406,HIGH
2018-06-04 12:00:00,4741,4809.116396128584,HIGH
2018-06-04 13:00:00,4873,5180.388872652241,HIGH
2018-06-04 14:00:00,5170,5656.7619736437255,HIGH
2018-06-04 15:00:00,5797,6445.975382333036,HIGH
2018-06-04 16:00:00,7024,6110.545338035277,HIGH
2018-06-04 17:00:00,6234,4581.179222108586,HIGH
2018-06-04 18:00:00,4374,3345.511737268715,MEDIUM
2018-06-04 19:00:00,3279,2846.749649829974,MEDIUM
2018-06-04 20:00:00,2941,2707.2794629668874,MEDIUM
2018-06-04 21:00:00,2776,2324.354993924094,MEDIUM
2018-06-04 22:00:00,1871,1150.4528721142965,LOW
2018-06-04 23:00:00,1115,662.6764918897825,LOW
2018-06-05 00:00:00,635,393.730454274031,LOW
2018-06-05 01:00:00,399,307.2464914771176,LOW
2018-06-05 02:00:00,297,374.90555109988543,LOW
2018-06-05 03:00:00,355,816.889607860148,LOW
2018-06-05 04:00:00,952,2792.177877746551,MEDIUM
2018-06-05 05:00:00,3078,5212.323489373175,HIGH
2018-06-05 06:00:00,5970,6324.158349944359,HIGH
2018-06-05 07:00:00,5972,5644.856687176649,HIGH
2018-06-05 08:00:00,5645,5024.915129328367,HIGH
2018-06-05 09:00:00,5046,4609.369261458115,HIGH
2018-06-05 10:00:00,4592,4831.860438576804,HIGH
2018-06-05 11:00:00,4778,4916.582118367585,HIGH
2018-06-05 12:00:00,5256,5239.5068163634805,HIGH
2018-06-05 13:00:00,5285,5672.083205806108,HIGH
2018-06-05 14:00:00,5340,5810.452976660166,HIGH
2018-06-05 15:00:00,6102,6609.283412645848,HIGH
2018-06-05 16:00:00,7037,6256.795300473179,HIGH
2018-06-05 17:00:00,6431,4845.567341559175,HIGH
2018-06-05 18:00:00,4582,3417.890035436499,MEDIUM
2018-06-05 19:00:00,3510,3093.733665261808,MEDIUM
2018-06-05 20:00:00,3012,2758.7585030563787,MEDIUM
2018-06-05 21:00:00,2754,2164.035340065846,MEDIUM
2018-06-05 22:00:00,2212,1450.957786105799,LOW
2018-06-05 23:00:00,1227,698.9036299047063,LOW
2018-06-06 00:00:00,663,428.6903384171092,LOW
2018-06-06 01:00:00,415,310.8624963052167,LOW
2018-06-06 02:00:00,318,367.9744626622349,LOW
2018-06-06 03:00:00,362,857.3908448269513,LOW
2018-06-06 04:00:00,934,2789.1257881859174,MEDIUM
2018-06-06 05:00:00,2980,5617.557748567517,HIGH
2018-06-06 06:00:00,5195,5627.307474082622,HIGH
2018-06-06 06:00:00,5195,5627.307474082622,HIGH
2018-06-06 07:00:00,6083,5796.6256410966735,HIGH
2018-06-06 07:00:00,6083,5796.6256410966735,HIGH
2018-06-06 07:00:00,6083,5796.6256410966735,HIGH
2018-06-06 08:00:00,5301,4743.344568149936,HIGH
2018-06-06 08:00:00,5301,4743.344568149936,HIGH
2018-06-06 09:00:00,5324,4786.769225780132,HIGH
2018-06-06 10:00:00,4621,4802.244543255269,HIGH
2018-06-06 11:00:00,4915,5083.948364422833,HIGH
2018-06-06 12:00:00,5098,5074.083167570809,HIGH
2018-06-06 13:00:00,4799,5171.353231961233,HIGH
2018-06-06 14:00:00,5226,5676.105429833343,HIGH
2018-06-06 15:00:00,6264,6596.77763836954,HIGH
2018-06-06 16:00:00,6925,6230.910883164287,HIGH
2018-06-06 17:00:00,6637,4842.087403504662,HIGH
2018-06-06 18:00:00,5055,3643.5173547156555,MEDIUM
2018-06-06 19:00:00,3648,3193.603805855694,MEDIUM
2018-06-06 20:00:00,3157,2823.4232550379716,MEDIUM
2018-06-06 21:00:00,2723,2188.3317135487987,MEDIUM
2018-06-06 22:00:00,2224,1376.295958644084,LOW
2018-06-06 23:00:00,1303,723.3916868220374,LOW
2018-06-07 00:00:00,685,426.9518173811193,LOW
2018-06-07 01:00:00,439,326.2296892758629,LOW
2018-06-07 02:00:00,328,373.36094097108565,LOW
2018-06-07 03:00:00,380,969.7661573825849,LOW
2018-06-07 04:00:00,977,2734.4520595540234,MEDIUM
2018-06-07 05:00:00,3018,5615.476488996186,HIGH
2018-06-07 06:00:00,5885,6235.51772871584,HIGH
2018-06-07 07:00:00,6097,5698.218651031929,HIGH
2018-06-07 08:00:00,5871,5176.518612356724,HIGH
2018-06-07 09:00:00,5136,4727.371135162326,HIGH
2018-06-07 10:00:00,4691,4917.17428482715,HIGH
2018-06-07 11:00:00,5168,5227.156528517166,HIGH
2018-06-07 12:00:00,5220,5198.058718684609,HIGH
2018-06-07 13:00:00,5094,5391.6768219845335,HIGH
2018-06-07 14:00:00,5399,5808.090714238806,HIGH
2018-06-07 15:00:00,6202,6601.236850992981,HIGH
2018-06-07 16:00:00,6858,6215.307204394357,HIGH
2018-06-07 17:00:00,6286,5078.253297532559,HIGH
2018-06-07 18:00:00,4858,3704.423757847694,MEDIUM
2018-06-07 18:00:00,4858,3704.423757847694,MEDIUM
2018-06-07 19:00:00,3715,3262.557731310137,MEDIUM
2018-06-07 20:00:00,3222,3146.911735686684,MEDIUM
2018-06-07 21:00:00,2912,2350.7940492592256,MEDIUM
2018-06-07 22:00:00,2215,1568.9750417607165,LOW
2018-06-07 23:00:00,1398,819.0060548189092,LOW
2018-06-08 00:00:00,800,514.9689879619568,LOW
2018-06-08 01:00:00,480,421.3672228776153,LOW
2018-06-08 01:00:00,480,421.3672228776153,LOW
2018-06-08 02:00:00,354,397.5908342726271,LOW
2018-06-08 03:00:00,364,904.28166015913,LOW
2018-06-08 04:00:00,884,2825.7252582050905,MEDIUM
2018-06-08 04:00:00,884,2825.7252582050905,MEDIUM
2018-06-08 04:00:00,884,2825.7252582050905,MEDIUM
2018-06-08 05:00:00,2793,4762.043089924513,HIGH
2018-06-08 06:00:00,5554,6125.2503442720845,HIGH
2018-06-08 06:00:00,5554,6125.2503442720845,HIGH
2018-06-08 07:00:00,6584,5868.2055170221,HIGH
2018-06-08 07:00:00,6584,5868.2055170221,HIGH
2018-06-08 07:00:00,6584,5868.2055170221,HIGH
2018-06-08 08:00:00,5442,5039.987964776152,HIGH
2018-06-08 09:00:00,5011,4716.0184884738965,HIGH
2018-06-08 09:00:00,5011,4716.0184884738965,HIGH
2018-06-08 10:00:00,4681,4960.418916618479,HIGH
2018-06-08 11:00:00,4996,5163.3184543425605,HIGH
2018-06-08 12:00:00,5415,5457.11115676284,HIGH
2018-06-08 13:00:00,5563,5868.344769365482,HIGH
2018-06-08 14:00:00,5936,6176.022949056815,HIGH
2018-06-08 15:00:00,6290,6344.139432844685,HIGH
2018-06-08 16:00:00,6727,6006.185612026773,HIGH
2018-06-08 17:00:00,5865,5063.347099530967,HIGH
2018-06-08 18:00:00,4959,3971.800350701285,MEDIUM
2018-06-08 19:00:00,3792,3264.167134787574,MEDIUM
2018-06-08 20:00:00,3251,3146.136797771449,MEDIUM
2018-06-08 21:00:00,3050,2844.8064946622007,MEDIUM
2018-06-08 22:00:00,3360,2479.9221990396304,MEDIUM
2018-06-08 23:00:00,2903,2331.6951530809683,MEDIUM
2018-06-09 00:00:00,1511,996.8716716593874,LOW
2018-06-09 01:00:00,1110,785.3475496335932,LOW
2018-06-09 02:00:00,866,528.6370317460318,LOW
2018-06-09 03:00:00,614,637.0353333333333,LOW
2018-06-09 04:00:00,517,864.2948708285763,LOW
2018-06-09 05:00:00,795,1436.0153663909005,LOW
2018-06-09 06:00:00,1398,1857.609978778811,LOW
2018-06-09 07:00:00,2172,2962.80736238963,MEDIUM
2018-06-09 08:00:00,2686,3339.5581135285092,MEDIUM
2018-06-09 09:00:00,3367,3770.08328771713,MEDIUM
2018-06-09 10:00:00,3684,4119.008816114683,MEDIUM
2018-06-09 10:00:00,3684,4119.008816114683,MEDIUM
2018-06-09 10:00:00,3684,4119.008816114683,MEDIUM
2018-06-09 11:00:00,4085,4279.559812631617,MEDIUM
2018-06-09 11:00:00,4085,4279.559812631617,MEDIUM
2018-06-09 11:00:00,4085,4279.559812631617,MEDIUM
2018-06-09 11:00:00,4085,4279.559812631617,MEDIUM
2018-06-09 12:00:00,4257,4356.126346102327,MEDIUM
2018-06-09 12:00:00,4257,4356.126346102327,MEDIUM
2018-06-09 12:00:00,4257,4356.126346102327,MEDIUM
2018-06-09 12:00:00,4257,4356.126346102327,MEDIUM
2018-06-09 13:00:00,4186,4272.3551180203085,MEDIUM
2018-06-09 13:00:00,4186,4272.3551180203085,MEDIUM
2018-06-09 13:00:00,4186,4272.3551180203085,MEDIUM
2018-06-09 14:00:00,4196,4249.000800598507,MEDIUM
2018-06-09 14:00:00,4196,4249.000800598507,MEDIUM
2018-06-09 14:00:00,4196,4249.000800598507,MEDIUM
2018-06-09 15:00:00,3957,3917.3964919933896,MEDIUM
2018-06-09 15:00:00,3957,3917.3964919933896,MEDIUM
2018-06-09 15:00:00,3957,3917.3964919933896,MEDIUM
2018-06-09 16:00:00,3940,3838.395557486607,MEDIUM
2018-06-09 16:00:00,3940,3838.395557486607,MEDIUM
2018-06-09 16:00:00,3940,3838.395557486607,MEDIUM
2018-06-09 17:00:00,3589,3387.5949349191005,MEDIUM
2018-06-09 17:00:00,3589,3387.5949349191005,MEDIUM
2018-06-09 18:00:00,3571,3243.705263772909,MEDIUM
2018-06-09 18:00:00,3571,3243.705263772909,MEDIUM
2018-06-09 18:00:00,3571,3243.705263772909,MEDIUM
2018-06-09 19:00:00,3128,2834.1736300183716,MEDIUM
2018-06-09 20:00:00,2782,2853.5337339640064,MEDIUM
2018-06-09 21:00:00,2835,2850.929714471255,MEDIUM
2018-06-09 22:00:00,2863,2363.791685320614,MEDIUM
2018-06-09 23:00:00,1928,1273.070907850932,LOW
2018-06-10 00:00:00,1226,805.0818897829654,LOW
2018-06-10 01:00:00,777,617.5307859752187,LOW
2018-06-10 02:00:00,570,405.32157821630796,LOW
2018-06-10 03:00:00,350,333.9085485592684,LOW
2018-06-10 04:00:00,293,473.09316852875884,LOW
2018-06-10 05:00:00,427,831.3322694277832,LOW
2018-06-10 06:00:00,808,1204.341249648031,LOW
2018-06-10 07:00:00,1012,1534.3488586484923,LOW
2018-06-10 08:00:00,1617,2335.4016723072714,MEDIUM
2018-06-10 09:00:00,2417,3144.6131782434154,MEDIUM
2018-06-10 10:00:00,3075,3467.156222022771,MEDIUM
2018-06-10 11:00:00,3656,4003.7926313728944,MEDIUM
2018-06-10 12:00:00,3993,4002.3231860585006,MEDIUM
2018-06-10 13:00:00,3888,3930.487609489437,MEDIUM
2018-06-10 14:00:00,4125,4240.262017774049,MEDIUM
2018-06-10 15:00:00,4062,4086.9820757085736,MEDIUM
2018-06-10 16:00:00,3901,3817.6255235275503,MEDIUM
2018-06-10 17:00:00,3584,3415.120565871481,MEDIUM
2018-06-10 18:00:00,3477,3102.811286839951,MEDIUM
2018-06-10 19:00:00,3010,2777.306001107929,MEDIUM
2018-06-10 20:00:00,2979,2779.714680412732,MEDIUM
2018-06-10 21:00:00,2353,1890.1101841051086,LOW
2018-06-10 22:00:00,1834,1354.2725848383966,LOW
2018-06-10 23:00:00,1101,760.3571871640088,LOW
2018-06-11 00:00:00,642,707.1702306882896,LOW
2018-06-11 01:00:00,396,334.2686743406241,LOW
2018-06-11 02:00:00,291,353.8520180007703,LOW
2018-06-11 03:00:00,310,704.70853562823,LOW
2018-06-11 04:00:00,873,2781.0412709806837,MEDIUM
2018-06-11 05:00:00,2947,5602.829421077992,HIGH
2018-06-11 06:00:00,5476,6180.634175984093,HIGH
2018-06-11 07:00:00,6336,5958.015340024542,HIGH
2018-06-11 08:00:00,5676,5137.251832233204,HIGH
2018-06-11 09:00:00,4588,4239.992208423812,MEDIUM
2018-06-11 10:00:00,4270,4423.14393135448,MEDIUM
2018-06-11 11:00:00,4435,4617.824995444855,HIGH
2018-06-11 12:00:00,4763,4806.723368515181,HIGH
2018-06-11 12:00:00,4763,4806.723368515181,HIGH
2018-06-11 13:00:00,4658,4853.432055920006,HIGH
2018-06-11 14:00:00,4923,5293.840154655577,HIGH
2018-06-11 15:00:00,5691,6243.538818330555,HIGH
2018-06-11 16:00:00,6556,6172.412029921415,HIGH
2018-06-11 17:00:00,5922,4971.05372047325,HIGH
2018-06-11 18:00:00,4512,3469.0413044047646,MEDIUM
2018-06-11 18:00:00,4512,3469.0413044047646,MEDIUM
2018-06-11 18:00:00,4512,3469.0413044047646,MEDIUM
2018-06-11 19:00:00,3078,2788.1921083447714,MEDIUM
2018-06-11 19:00:00,3078,2788.1921083447714,MEDIUM
2018-06-11 20:00:00,2611,2419.2616669693593,MEDIUM
2018-06-11 21:00:00,2240,1832.3311789284119,LOW
2018-06-11 22:00:00,1861,1180.4158808535865,LOW
2018-06-11 23:00:00,1109,684.1406141034078,LOW
2018-06-12 00:00:00,621,398.8265256629207,LOW
2018-06-12 01:00:00,396,333.4485197520636,LOW
2018-06-12 02:00:00,314,366.9319726438794,LOW
2018-06-12 03:00:00,362,877.0589796962522,LOW
2018-06-12 03:00:00,362,877.0589796962522,LOW
2018-06-12 04:00:00,912,2836.364210722975,MEDIUM
2018-06-12 05:00:00,3013,4911.562419310764,HIGH
2018-06-12 06:00:00,5905,5984.564992373191,HIGH
2018-06-12 07:00:00,6283,5878.924910455268,HIGH
2018-06-12 08:00:00,5656,4972.839544469068,HIGH
2018-06-12 09:00:00,4948,4377.776388799885,MEDIUM
2018-06-12 10:00:00,4574,4764.022565603536,HIGH
2018-06-12 11:00:00,4531,4735.323737315223,HIGH
2018-06-12 12:00:00,4911,4986.45463699073,HIGH
2018-06-12 13:00:00,4777,5133.484074028853,HIGH
2018-06-12 14:00:00,5185,5615.6556900705045,HIGH
2018-06-12 15:00:00,6092,6597.406848584196,HIGH
2018-06-12 16:00:00,6777,6286.351683617807,HIGH
2018-06-12 17:00:00,6366,4698.109909633593,HIGH
2018-06-12 18:00:00,4701,3472.512465139454,MEDIUM
2018-06-12 19:00:00,3235,2955.7796794921865,MEDIUM
2018-06-12 20:00:00,2975,2735.190088374563,MEDIUM
2018-06-12 21:00:00,2990,2266.6197172223488,MEDIUM
2018-06-12 22:00:00,2332,1894.2313185633275,LOW
2018-06-12 23:00:00,1250,707.6891065421759,LOW
2018-06-13 00:00:00,684,430.67741447532603,LOW
2018-06-13 01:00:00,439,327.03317383405795,LOW
2018-06-13 02:00:00,328,371.94558441398533,LOW
2018-06-13 03:00:00,387,823.0283545355434,LOW
2018-06-13 04:00:00,922,2775.890658885183,MEDIUM
2018-06-13 05:00:00,3022,5714.678137220678,HIGH
2018-06-13 06:00:00,5767,6191.006053106348,HIGH
2018-06-13 07:00:00,6127,5751.087927942339,HIGH
2018-06-13 08:00:00,5664,5090.212280928318,HIGH
2018-06-13 09:00:00,5157,4674.755531255982,HIGH
2018-06-13 10:00:00,4579,4836.717413889316,HIGH
2018-06-13 11:00:00,4687,4899.155843640397,HIGH
2018-06-13 12:00:00,5110,5117.317214199611,HIGH
2018-06-13 13:00:00,4998,5352.460120527684,HIGH
2018-06-13 14:00:00,5227,5680.762450979295,HIGH
2018-06-13 15:00:00,6188,6604.718015791949,HIGH
2018-06-13 16:00:00,6781,6200.3169069494,HIGH
2018-06-13 17:00:00,5644,4269.566833721581,MEDIUM
2018-06-13 18:00:00,4617,3594.092064820307,MEDIUM
2018-06-13 19:00:00,3560,3175.3740383055288,MEDIUM
2018-06-13 20:00:00,3277,2880.264827586748,MEDIUM
2018-06-13 21:00:00,2777,2230.445732733535,MEDIUM
2018-06-13 22:00:00,2123,1329.9261706334648,LOW
2018-06-13 23:00:00,1283,739.2968028514166,LOW
2018-06-14 00:00:00,724,429.4313075472371,LOW
2018-06-14 01:00:00,424,324.6882655919885,LOW
2018-06-14 02:00:00,308,370.87656878151375,LOW
2018-06-14 03:00:00,368,783.4065063552414,LOW
2018-06-14 04:00:00,928,2766.8031051216703,MEDIUM
2018-06-14 05:00:00,3013,5625.653732869155,HIGH
2018-06-14 06:00:00,5824,6149.914292213118,HIGH
2018-06-14 07:00:00,6438,5903.072397904218,HIGH
2018-06-14 08:00:00,5778,5083.8842810447995,HIGH
2018-06-14 09:00:00,4983,4597.825201587212,HIGH
2018-06-14 10:00:00,4510,4685.898057794365,HIGH
2018-06-14 11:00:00,4810,5016.464844145224,HIGH
2018-06-14 12:00:00,5062,5072.774652051168,HIGH
2018-06-14 13:00:00,5018,5367.368691011927,HIGH
2018-06-14 14:00:00,5434,5764.268121392263,HIGH
2018-06-14 15:00:00,6192,6592.967994393719,HIGH
2018-06-14 16:00:00,6890,6275.037220978695,HIGH
2018-06-14 17:00:00,6049,4595.814597260221,HIGH
2018-06-14 18:00:00,4819,3729.705450094296,MEDIUM
2018-06-14 19:00:00,3709,3262.0462635716854,MEDIUM
2018-06-14 20:00:00,3274,3136.885344791368,MEDIUM
2018-06-14 21:00:00,2922,2245.075758526334,MEDIUM
2018-06-14 22:00:00,2284,1748.819775276916,LOW
2018-06-14 23:00:00,1388,758.9360876225379,LOW
2018-06-15 00:00:00,830,511.4274372549464,LOW
2018-06-15 01:00:00,500,372.86152630951057,LOW
2018-06-15 02:00:00,358,451.2071863052342,LOW
2018-06-15 03:00:00,384,837.6351943302611,LOW
2018-06-15 04:00:00,866,2820.9107027560026,MEDIUM
2018-06-15 05:00:00,2843,5149.207532064122,HIGH
2018-06-15 06:00:00,5432,6188.463114473533,HIGH
2018-06-15 07:00:00,6361,5649.724303607229,HIGH
2018-06-15 08:00:00,5671,5037.062981183348,HIGH
2018-06-15 09:00:00,4977,4679.322814337805,HIGH
2018-06-15 10:00:00,4801,5157.396917286334,HIGH
2018-06-15 11:00:00,5025,5267.129903775547,HIGH
2018-06-15 12:00:00,5396,5417.2890881543,HIGH
2018-06-15 13:00:00,5168,5518.453849605267,HIGH
2018-06-15 14:00:00,5614,5949.553072343781,HIGH
2018-06-15 15:00:00,5993,6255.765701278279,HIGH
2018-06-15 16:00:00,6333,5809.023764194514,HIGH
2018-06-15 16:00:00,6333,5809.023764194514,HIGH
2018-06-15 17:00:00,5165,4503.113143781592,MEDIUM
2018-06-15 18:00:00,4369,3697.2854262141627,MEDIUM
2018-06-15 19:00:00,3688,3265.815222950866,MEDIUM
2018-06-15 19:00:00,3688,3265.815222950866,MEDIUM
2018-06-15 20:00:00,3123,3142.361273624173,MEDIUM
2018-06-15 21:00:00,3118,2822.2049368107546,MEDIUM
2018-06-15 22:00:00,2778,2290.341377117188,MEDIUM
2018-06-15 23:00:00,2666,1807.0656776556775,LOW
2018-06-16 00:00:00,1386,1100.917868660376,LOW
2018-06-16 01:00:00,825,623.7703097990236,LOW
2018-06-16 02:00:00,587,424.8413298177914,LOW
2018-06-16 03:00:00,391,421.2150316114888,LOW
2018-06-16 04:00:00,402,796.3323268325241,LOW
2018-06-16 05:00:00,772,1372.8783714883944,LOW
2018-06-16 06:00:00,1196,1694.4293621733807,LOW
2018-06-16 07:00:00,1651,2249.7712652096952,MEDIUM
2018-06-16 07:00:00,1651,2249.7712652096952,MEDIUM
2018-06-16 08:00:00,2329,3068.866710362677,MEDIUM
2018-06-16 08:00:00,2329,3068.866710362677,MEDIUM
2018-06-16 08:00:00,2329,3068.866710362677,MEDIUM
2018-06-16 09:00:00,3017,3417.529966044954,MEDIUM
2018-06-16 09:00:00,3017,3417.529966044954,MEDIUM
2018-06-16 09:00:00,3017,3417.529966044954,MEDIUM
2018-06-16 10:00:00,3514,3979.8842423327687,MEDIUM
2018-06-16 10:00:00,3514,3979.8842423327687,MEDIUM
2018-06-16 10:00:00,3514,3979.8842423327687,MEDIUM
2018-06-16 11:00:00,3907,4176.113273014914,MEDIUM
2018-06-16 11:00:00,3907,4176.113273014914,MEDIUM
2018-06-16 11:00:00,3907,4176.113273014914,MEDIUM
2018-06-16 12:00:00,4494,4428.7605049708,MEDIUM
2018-06-16 12:00:00,4494,4428.7605049708,MEDIUM
2018-06-16 13:00:00,4834,4765.504141442792,HIGH
2018-06-16 13:00:00,4834,4765.504141442792,HIGH
2018-06-16 14:00:00,4900,4722.987969624738,HIGH
2018-06-16 14:00:00,4900,4722.987969624738,HIGH
2018-06-16 15:00:00,4363,4421.9705912933905,MEDIUM
2018-06-16 16:00:00,4495,4378.708579485917,MEDIUM
2018-06-16 17:00:00,4053,3748.9619067639915,MEDIUM
2018-06-16 18:00:00,3987,3504.2001567623606,MEDIUM
2018-06-16 19:00:00,3223,2842.8341744286677,MEDIUM
2018-06-16 20:00:00,2928,2958.0827829256973,MEDIUM
2018-06-16 21:00:00,2887,2625.697315003802,MEDIUM
2018-06-16 22:00:00,2606,2006.3622707559368,LOW
2018-06-16 23:00:00,2047,1396.8944394319458,LOW
2018-06-17 00:00:00,1332,1031.5658387445887,LOW
2018-06-17 01:00:00,866,602.0969953149655,LOW
2018-06-17 02:00:00,659,586.647829871279,LOW
2018-06-17 03:00:00,413,354.11681658850864,LOW
2018-06-17 04:00:00,393,670.3318846245305,LOW
2018-06-17 04:00:00,393,670.3318846245305,LOW
2018-06-17 04:00:00,393,670.3318846245305,LOW
2018-06-17 05:00:00,552,1296.8876408548676,LOW
2018-06-17 06:00:00,885,1196.3381568263771,LOW
2018-06-17 06:00:00,885,1196.3381568263771,LOW
2018-06-17 07:00:00,1185,1734.9719089106115,LOW
2018-06-17 08:00:00,1724,2307.055626364862,MEDIUM
2018-06-17 08:00:00,1724,2307.055626364862,MEDIUM
2018-06-17 09:00:00,2723,3232.7705461893684,MEDIUM
2018-06-17 10:00:00,3488,4053.22796814167,MEDIUM
2018-06-17 11:00:00,3790,4200.942782082926,MEDIUM
2018-06-17 12:00:00,4260,4362.304828613796,MEDIUM
2018-06-17 13:00:00,4365,4341.320506579539,MEDIUM
2018-06-17 14:00:00,4192,4246.675102437999,MEDIUM
2018-06-17 15:00:00,4234,4247.389278854428,MEDIUM
2018-06-17 16:00:00,4404,4438.648158516584,MEDIUM
2018-06-17 16:00:00,4404,4438.648158516584,MEDIUM
2018-06-17 17:00:00,4175,3835.983020053568,MEDIUM
2018-06-17 17:00:00,4175,3835.983020053568,MEDIUM
2018-06-17 18:00:00,3843,3411.984595410599,MEDIUM
2018-06-17 18:00:00,3843,3411.984595410599,MEDIUM
2018-06-17 19:00:00,3613,3246.5891705494564,MEDIUM
2018-06-17 20:00:00,3185,2678.5591567393135,MEDIUM
2018-06-17 20:00:00,3185,2678.5591567393135,MEDIUM
2018-06-17 21:00:00,2568,1892.4675543236851,LOW
2018-06-17 21:00:00,2568,1892.4675543236851,LOW
2018-06-17 22:00:00,2045,1520.9976816777978,LOW
2018-06-17 23:00:00,1218,724.2529246946502,LOW
2018-06-17 23:00:00,1218,724.2529246946502,LOW
2018-06-18 00:00:00,627,491.2395243777871,LOW
2018-06-18 00:00:00,627,491.2395243777871,LOW
2018-06-18 01:00:00,367,383.62161713493157,LOW
2018-06-18 01:00:00,367,383.62161713493157,LOW
2018-06-18 01:00:00,367,383.62161713493157,LOW
2018-06-18 01:00:00,367,383.62161713493157,LOW
2018-06-18 02:00:00,272,373.9564817552802,LOW
2018-06-18 02:00:00,272,373.9564817552802,LOW
2018-06-18 02:00:00,272,373.9564817552802,LOW
2018-06-18 03:00:00,365,1150.1616447542299,LOW
2018-06-18 03:00:00,365,1150.1616447542299,LOW
2018-06-18 03:00:00,365,1150.1616447542299,LOW
2018-06-18 04:00:00,802,2350.621843240975,MEDIUM
2018-06-18 05:00:00,2891,5487.028358030091,HIGH
2018-06-18 05:00:00,2891,5487.028358030091,HIGH
2018-06-18 06:00:00,5541,5987.60144712512,HIGH
2018-06-18 06:00:00,5541,5987.60144712512,HIGH
2018-06-18 07:00:00,6386,6006.672161721047,HIGH
2018-06-18 07:00:00,6386,6006.672161721047,HIGH
2018-06-18 08:00:00,5765,5069.870474983912,HIGH
2018-06-18 09:00:00,4767,4356.449430892082,MEDIUM
2018-06-18 09:00:00,4767,4356.449430892082,MEDIUM
2018-06-18 10:00:00,4161,4322.093250657592,MEDIUM
2018-06-18 10:00:00,4161,4322.093250657592,MEDIUM
2018-06-18 10:00:00,4161,4322.093250657592,MEDIUM
2018-06-18 11:00:00,4435,4618.725034085303,HIGH
2018-06-18 11:00:00,4435,4618.725034085303,HIGH
2018-06-18 12:00:00,4829,4882.359314072685,HIGH
2018-06-18 12:00:00,4829,4882.359314072685,HIGH
2018-06-18 13:00:00,4743,5105.668048684326,HIGH
2018-06-18 13:00:00,4743,5105.668048684326,HIGH
2018-06-18 13:00:00,4743,5105.668048684326,HIGH
2018-06-18 14:00:00,4935,5314.649110377965,HIGH
2018-06-18 14:00:00,4935,5314.649110377965,HIGH
2018-06-18 15:00:00,5558,6240.338242031919,HIGH
2018-06-18 16:00:00,6757,6287.135869669313,HIGH
2018-06-18 17:00:00,6306,4398.589211333496,MEDIUM
2018-06-18 18:00:00,4352,3348.702867314107,MEDIUM
2018-06-18 19:00:00,3248,2887.1669458416545,MEDIUM
2018-06-18 20:00:00,2762,2660.9800189676644,MEDIUM
2018-06-18 21:00:00,2460,2043.9161549225767,LOW
2018-06-18 22:00:00,1710,1265.744157197679,LOW
2018-06-18 23:00:00,1012,791.5119609419561,LOW
2018-06-19 00:00:00,592,445.57894483269257,LOW
2018-06-19 01:00:00,373,309.98298323089807,LOW
2018-06-19 02:00:00,269,353.9013966198763,LOW
2018-06-19 03:00:00,369,781.5248031279133,LOW
2018-06-19 04:00:00,893,2446.2433956068353,MEDIUM
2018-06-19 04:00:00,893,2446.2433956068353,MEDIUM
2018-06-19 05:00:00,3038,4868.204754159249,HIGH
2018-06-19 05:00:00,3038,4868.204754159249,HIGH
2018-06-19 05:00:00,3038,4868.204754159249,HIGH
2018-06-19 06:00:00,5483,5919.553682543484,HIGH
2018-06-19 06:00:00,5483,5919.553682543484,HIGH
2018-06-19 06:00:00,5483,5919.553682543484,HIGH
2018-06-19 07:00:00,5506,5519.181746818322,HIGH
2018-06-19 07:00:00,5506,5519.181746818322,HIGH
2018-06-19 08:00:00,4851,4618.625287964255,HIGH
2018-06-19 08:00:00,4851,4618.625287964255,HIGH
2018-06-19 09:00:00,4792,4466.785120867673,MEDIUM
2018-06-19 09:00:00,4792,4466.785120867673,MEDIUM
2018-06-19 09:00:00,4792,4466.785120867673,MEDIUM
2018-06-19 10:00:00,4244,4410.201665254413,MEDIUM
2018-06-19 10:00:00,4244,4410.201665254413,MEDIUM
2018-06-19 10:00:00,4244,4410.201665254413,MEDIUM
2018-06-19 11:00:00,4346,4507.82407331612,MEDIUM
2018-06-19 11:00:00,4346,4507.82407331612,MEDIUM
2018-06-19 11:00:00,4346,4507.82407331612,MEDIUM
2018-06-19 11:00:00,4346,4507.82407331612,MEDIUM
2018-06-19 12:00:00,4585,4677.640246614886,HIGH
2018-06-19 12:00:00,4585,4677.640246614886,HIGH
2018-06-19 12:00:00,4585,4677.640246614886,HIGH
2018-06-19 13:00:00,4728,5040.51102672993,HIGH
2018-06-19 13:00:00,4728,5040.51102672993,HIGH
2018-06-19 14:00:00,5109,5573.643621693237,HIGH
2018-06-19 14:00:00,5109,5573.643621693237,HIGH
2018-06-19 14:00:00,5109,5573.643621693237,HIGH
2018-06-19 15:00:00,5852,6463.409477181924,HIGH
2018-06-19 15:00:00,5852,6463.409477181924,HIGH
2018-06-19 15:00:00,5852,6463.409477181924,HIGH
2018-06-19 15:00:00,5852,6463.409477181924,HIGH
2018-06-19 16:00:00,6821,6322.855767887145,HIGH
2018-06-19 16:00:00,6821,6322.855767887145,HIGH
2018-06-19 17:00:00,6085,4722.4572348045585,HIGH
2018-06-19 18:00:00,4546,3638.5371044911863,MEDIUM
2018-06-19 18:00:00,4546,3638.5371044911863,MEDIUM
2018-06-19 18:00:00,4546,3638.5371044911863,MEDIUM
2018-06-19 19:00:00,3263,2911.261090155683,MEDIUM
2018-06-19 19:00:00,3263,2911.261090155683,MEDIUM
2018-06-19 19:00:00,3263,2911.261090155683,MEDIUM
2018-06-19 20:00:00,2804,2596.986702989812,MEDIUM
2018-06-19 20:00:00,2804,2596.986702989812,MEDIUM
2018-06-19 21:00:00,2454,1906.839510302632,LOW
2018-06-19 21:00:00,2454,1906.839510302632,LOW
2018-06-19 22:00:00,1796,1378.0634359743335,LOW
2018-06-19 22:00:00,1796,1378.0634359743335,LOW
2018-06-19 23:00:00,1190,755.5283408239477,LOW
2018-06-19 23:00:00,1190,755.5283408239477,LOW
2018-06-20 00:00:00,663,455.34900535135404,LOW
2018-06-20 01:00:00,406,332.1448314809474,LOW
2018-06-20 01:00:00,406,332.1448314809474,LOW
2018-06-20 02:00:00,301,359.25397287483173,LOW
2018-06-20 03:00:00,385,867.0829421379135,LOW
2018-06-20 04:00:00,935,2525.177389057205,MEDIUM
2018-06-20 05:00:00,3134,5793.426899838441,HIGH
2018-06-20 06:00:00,5769,5915.437884689672,HIGH
2018-06-20 07:00:00,6295,5898.166153160696,HIGH
2018-06-20 07:00:00,6295,5898.166153160696,HIGH
2018-06-20 08:00:00,5540,4874.8770501098925,HIGH
2018-06-20 09:00:00,4890,4541.8376685430585,HIGH
2018-06-20 10:00:00,4544,4750.007364354402,HIGH
2018-06-20 11:00:00,4675,4892.248531084938,HIGH
2018-06-20 12:00:00,4824,4874.340208857333,HIGH
2018-06-20 13:00:00,4941,5239.936620198291,HIGH
2018-06-20 14:00:00,5161,5645.0236330479,HIGH
2018-06-20 15:00:00,5864,6484.6415508016,HIGH
2018-06-20 16:00:00,6811,6255.953021852014,HIGH
2018-06-20 17:00:00,6439,4893.9777996556,HIGH
2018-06-20 18:00:00,4622,3850.0809481833303,MEDIUM
2018-06-20 19:00:00,3418,3043.8322507569687,MEDIUM
2018-06-20 20:00:00,3024,2819.7126346927275,MEDIUM
2018-06-20 21:00:00,2758,2336.1616284895726,MEDIUM
2018-06-20 22:00:00,1956,1286.9030686182246,LOW
2018-06-20 23:00:00,1209,698.2920573611034,LOW
2018-06-21 00:00:00,634,398.9281228453459,LOW
2018-06-21 01:00:00,462,513.6290430581905,LOW
2018-06-21 02:00:00,348,391.91319405497785,LOW
2018-06-21 03:00:00,426,959.3766395957074,LOW
2018-06-21 04:00:00,938,2773.733049496528,MEDIUM
2018-06-21 05:00:00,3112,5787.496429930783,HIGH
2018-06-21 06:00:00,5778,6219.453130588739,HIGH
2018-06-21 07:00:00,6557,6063.068988241891,HIGH
2018-06-21 07:00:00,6557,6063.068988241891,HIGH
2018-06-21 08:00:00,5490,4937.033428287058,HIGH
2018-06-21 09:00:00,4982,4589.202696476328,HIGH
2018-06-21 10:00:00,4951,5276.8037391949865,HIGH
2018-06-21 11:00:00,5167,5233.843512680681,HIGH
2018-06-21 12:00:00,5083,5095.140796299689,HIGH
2018-06-21 13:00:00,4942,5235.994416612287,HIGH
2018-06-21 14:00:00,5025,5505.1177268234715,HIGH
2018-06-21 15:00:00,5768,6387.206799715491,HIGH
2018-06-21 16:00:00,6511,6142.4815260691985,HIGH
2018-06-21 17:00:00,5997,4898.6584134034065,HIGH
2018-06-21 18:00:00,4592,3683.3974674002875,MEDIUM
2018-06-21 19:00:00,3823,3269.2022386505314,MEDIUM
2018-06-21 20:00:00,3385,3087.5519692989633,MEDIUM
2018-06-21 21:00:00,3446,3212.3103132786196,MEDIUM
2018-06-21 22:00:00,2583,1601.2279034758658,LOW
2018-06-21 23:00:00,1455,801.9420927121795,LOW
2018-06-22 00:00:00,805,517.2160059024529,LOW
2018-06-22 01:00:00,471,359.5805494386077,LOW
2018-06-22 02:00:00,364,409.53094387650884,LOW
2018-06-22 03:00:00,384,845.7348782216874,LOW
2018-06-22 04:00:00,876,2790.7866718231844,MEDIUM
2018-06-22 05:00:00,3056,5408.801200549213,HIGH
2018-06-22 06:00:00,5460,6131.948955570177,HIGH
2018-06-22 07:00:00,6222,5645.380756342432,HIGH
2018-06-22 08:00:00,5604,5012.711792609281,HIGH
2018-06-22 09:00:00,5053,4743.561587560378,HIGH
2018-06-22 10:00:00,4765,5038.340331884155,HIGH
2018-06-22 11:00:00,5128,5422.080799073086,HIGH
2018-06-22 12:00:00,5225,5243.566943560404,HIGH
2018-06-22 13:00:00,5104,5354.666454287042,HIGH
2018-06-22 14:00:00,5351,5779.368168883042,HIGH
2018-06-22 15:00:00,5843,6120.850397773556,HIGH
2018-06-22 16:00:00,6010,5397.836763259959,HIGH
2018-06-22 17:00:00,5120,4463.691002494775,MEDIUM
2018-06-22 18:00:00,4676,3709.72366165165,MEDIUM
2018-06-22 19:00:00,3976,3420.5819300704316,MEDIUM
2018-06-22 20:00:00,3535,3360.0318943992124,MEDIUM
2018-06-22 21:00:00,3473,3191.17506334902,MEDIUM
2018-06-22 22:00:00,3529,2553.6637000356054,MEDIUM
2018-06-22 23:00:00,3654,2169.965,MEDIUM
2018-06-23 00:00:00,1540,935.7592081095422,LOW
2018-06-23 01:00:00,872,698.5890722864596,LOW
2018-06-23 02:00:00,629,442.5002155516047,LOW
2018-06-23 03:00:00,407,413.45853983439935,LOW
2018-06-23 04:00:00,513,863.620562722889,LOW
2018-06-23 05:00:00,966,1405.224841963592,LOW
2018-06-23 05:00:00,966,1405.224841963592,LOW
2018-06-23 05:00:00,966,1405.224841963592,LOW
2018-06-23 06:00:00,1495,1887.2354629645279,LOW
2018-06-23 06:00:00,1495,1887.2354629645279,LOW
2018-06-23 06:00:00,1495,1887.2354629645279,LOW
2018-06-23 07:00:00,2474,3321.230142958613,MEDIUM
2018-06-23 07:00:00,2474,3321.230142958613,MEDIUM
2018-06-23 08:00:00,3353,4110.35031848724,MEDIUM
2018-06-23 09:00:00,4065,4326.8130777881315,MEDIUM
2018-06-23 10:00:00,4318,4645.876494384108,HIGH
2018-06-23 11:00:00,4621,4834.438757105164,HIGH
2018-06-23 12:00:00,5018,4911.135893474354,HIGH
2018-06-23 13:00:00,4560,4556.4222107417045,HIGH
2018-06-23 14:00:00,4620,4590.155241014886,HIGH
2018-06-23 15:00:00,4417,4423.886716287799,MEDIUM
2018-06-23 16:00:00,4372,4180.337950524383,MEDIUM
2018-06-23 17:00:00,4510,4172.103333295536,MEDIUM
2018-06-23 18:00:00,3945,3451.5295840725653,MEDIUM
2018-06-23 19:00:00,3660,3332.0171778450413,MEDIUM
2018-06-23 20:00:00,3362,3069.7648901547614,MEDIUM
2018-06-23 21:00:00,3504,3324.1546382022057,MEDIUM
2018-06-23 22:00:00,3572,2556.416851503759,MEDIUM
2018-06-23 23:00:00,2484,1645.8527948678259,LOW
2018-06-24 00:00:00,1515,960.5411567761934,LOW
2018-06-24 01:00:00,1016,814.9555064386991,LOW
2018-06-24 02:00:00,684,444.75942900194264,LOW
2018-06-24 03:00:00,409,369.9456345573379,LOW
2018-06-24 04:00:00,373,582.792997368947,LOW
2018-06-24 05:00:00,614,1066.113434734482,LOW
2018-06-24 06:00:00,1091,1401.4015205882604,LOW
2018-06-24 07:00:00,1499,2033.556546903583,LOW
2018-06-24 07:00:00,1499,2033.556546903583,LOW
2018-06-24 07:00:00,1499,2033.556546903583,LOW
2018-06-24 08:00:00,2362,3161.447041781586,MEDIUM
2018-06-24 09:00:00,3560,4024.2413050447976,MEDIUM
2018-06-24 10:00:00,4187,4553.072348302785,HIGH
2018-06-24 11:00:00,4186,4558.625125273292,HIGH
2018-06-24 12:00:00,4302,4394.311412107464,MEDIUM
2018-06-24 12:00:00,4302,4394.311412107464,MEDIUM
2018-06-24 13:00:00,4235,4303.677844860035,MEDIUM
2018-06-24 13:00:00,4235,4303.677844860035,MEDIUM
2018-06-24 14:00:00,4317,4368.4764747622585,MEDIUM
2018-06-24 15:00:00,4313,4382.784220325537,MEDIUM
2018-06-24 16:00:00,4256,4068.0301292809,MEDIUM
2018-06-24 17:00:00,4118,3841.124735054803,MEDIUM
2018-06-24 18:00:00,4022,3478.3248426795926,MEDIUM
2018-06-24 19:00:00,3438,3107.1155233845698,MEDIUM
2018-06-24 20:00:00,3187,2669.636019043676,MEDIUM
2018-06-24 21:00:00,2556,2118.945581344581,LOW
2018-06-24 22:00:00,1962,1334.3578765785728,LOW
2018-06-24 23:00:00,1209,744.9628712771201,LOW
2018-06-25 00:00:00,652,487.5131432689327,LOW
2018-06-25 01:00:00,422,365.62444663545494,LOW
2018-06-25 02:00:00,331,359.17311835052345,LOW
2018-06-25 03:00:00,406,892.7580058277475,LOW
2018-06-25 04:00:00,902,2794.8191990592277,MEDIUM
2018-06-25 05:00:00,2982,5668.249716836977,HIGH
2018-06-25 06:00:00,5588,6165.247466577042,HIGH
2018-06-25 07:00:00,6146,5750.022068528164,HIGH
2018-06-25 08:00:00,5383,4595.622926771515,HIGH
2018-06-25 08:00:00,5383,4595.622926771515,HIGH
2018-06-25 09:00:00,4654,4308.27314109064,MEDIUM
2018-06-25 09:00:00,4654,4308.27314109064,MEDIUM
2018-06-25 10:00:00,4310,4492.0436835101455,MEDIUM
2018-06-25 11:00:00,4530,4807.3577008040465,HIGH
2018-06-25 12:00:00,4748,4787.0186517858465,HIGH
2018-06-25 13:00:00,4673,5030.239642020218,HIGH
2018-06-25 14:00:00,4877,5174.150360559913,HIGH
2018-06-25 15:00:00,5605,6309.546844060882,HIGH
2018-06-25 16:00:00,6232,5797.317814942419,HIGH
2018-06-25 17:00:00,5772,4371.202526799097,MEDIUM
2018-06-25 18:00:00,4086,3193.997754673893,MEDIUM
2018-06-25 19:00:00,3288,2856.942512540021,MEDIUM
2018-06-25 20:00:00,2944,2703.4515888157607,MEDIUM
2018-06-25 21:00:00,2559,1823.9117968783455,LOW
2018-06-25 22:00:00,1974,1256.8009888024787,LOW
2018-06-25 23:00:00,1136,707.3338831827555,LOW
2018-06-25 23:00:00,1136,707.3338831827555,LOW
2018-06-26 00:00:00,624,388.3131007138722,LOW
2018-06-26 00:00:00,624,388.3131007138722,LOW
2018-06-26 01:00:00,417,417.7854419751464,LOW
2018-06-26 02:00:00,297,402.0260385788273,LOW
2018-06-26 02:00:00,297,402.0260385788273,LOW
2018-06-26 02:00:00,297,402.0260385788273,LOW
2018-06-26 03:00:00,353,908.738315960771,LOW
2018-06-26 03:00:00,353,908.738315960771,LOW
2018-06-26 03:00:00,353,908.738315960771,LOW
2018-06-26 03:00:00,353,908.738315960771,LOW
2018-06-26 04:00:00,887,2599.914422512092,MEDIUM
2018-06-26 04:00:00,887,2599.914422512092,MEDIUM
2018-06-26 04:00:00,887,2599.914422512092,MEDIUM
2018-06-26 05:00:00,2973,5218.982398758277,HIGH
2018-06-26 05:00:00,2973,5218.982398758277,HIGH
2018-06-26 06:00:00,5381,5783.008226295689,HIGH
2018-06-26 06:00:00,5381,5783.008226295689,HIGH
2018-06-26 07:00:00,6350,5972.221935792173,HIGH
2018-06-26 07:00:00,6350,5972.221935792173,HIGH
2018-06-26 08:00:00,5756,5260.2641926650385,HIGH
2018-06-26 09:00:00,4872,4510.610203342491,MEDIUM
2018-06-26 10:00:00,4452,4630.7607784758475,HIGH
2018-06-26 11:00:00,4713,4895.88713076538,HIGH
2018-06-26 12:00:00,5083,5063.112136666994,HIGH
2018-06-26 13:00:00,4849,5178.271193194859,HIGH
2018-06-26 14:00:00,4905,5211.154216218047,HIGH
2018-06-26 14:00:00,4905,5211.154216218047,HIGH
2018-06-26 15:00:00,5875,6477.067274969841,HIGH
2018-06-26 16:00:00,6765,6316.006934687525,HIGH
2018-06-26 16:00:00,6765,6316.006934687525,HIGH
2018-06-26 17:00:00,6054,4443.144711038637,MEDIUM
2018-06-26 18:00:00,4473,3470.225918275943,MEDIUM
2018-06-26 19:00:00,3316,2923.1090951476717,MEDIUM
2018-06-26 20:00:00,2910,2649.5316661309816,MEDIUM
2018-06-26 20:00:00,2910,2649.5316661309816,MEDIUM
2018-06-26 21:00:00,2674,1940.8514089143468,LOW
2018-06-26 22:00:00,2083,1343.8045652652704,LOW
2018-06-26 23:00:00,1161,660.1181013123543,LOW
2018-06-27 00:00:00,678,455.5703907860266,LOW
2018-06-27 01:00:00,411,331.5561861558298,LOW
2018-06-27 02:00:00,313,362.25775691751284,LOW
2018-06-27 03:00:00,414,830.1537429364332,LOW
2018-06-27 04:00:00,898,2550.9456854199675,MEDIUM
2018-06-27 05:00:00,3151,5769.000060721309,HIGH
2018-06-27 06:00:00,5883,5950.476421750476,HIGH
2018-06-27 07:00:00,6414,5875.567052733378,HIGH
2018-06-27 08:00:00,5717,5200.339594288748,HIGH
2018-06-27 09:00:00,5134,4713.683807078269,HIGH
2018-06-27 10:00:00,4614,4822.946752986366,HIGH
2018-06-27 11:00:00,4964,5192.410280451413,HIGH
2018-06-27 12:00:00,5102,5089.8551120867505,HIGH
2018-06-27 13:00:00,4901,5206.5145656229715,HIGH
2018-06-27 14:00:00,5036,5496.610868146647,HIGH
2018-06-27 15:00:00,5867,6498.571479935756,HIGH
2018-06-27 16:00:00,6666,6189.341634850537,HIGH
2018-06-27 17:00:00,6095,4689.3714183261545,HIGH
2018-06-27 18:00:00,4563,3514.482017794354,MEDIUM
2018-06-27 19:00:00,3497,3150.294736219681,MEDIUM
2018-06-27 20:00:00,3126,2899.6142782032152,MEDIUM
2018-06-27 21:00:00,3116,2454.2655605184063,MEDIUM
2018-06-27 22:00:00,2292,1719.4547169286964,LOW
2018-06-27 23:00:00,1339,3203.170464666831,MEDIUM
2018-06-28 00:00:00,778,451.2443981671521,LOW
2018-06-28 01:00:00,457,350.81702140391116,LOW
2018-06-28 02:00:00,309,367.2200105707455,LOW
2018-06-28 03:00:00,365,868.0716679318073,LOW
2018-06-28 04:00:00,921,2795.6539604276704,MEDIUM
2018-06-28 05:00:00,3121,5710.780694451318,HIGH
2018-06-28 05:00:00,3121,5710.780694451318,HIGH
2018-06-28 06:00:00,5691,6144.912143499516,HIGH
2018-06-28 06:00:00,5691,6144.912143499516,HIGH
2018-06-28 07:00:00,6264,5770.1495328644105,HIGH
2018-06-28 08:00:00,5683,4999.803700616646,HIGH
2018-06-28 09:00:00,4983,4655.443363690061,HIGH
2018-06-28 10:00:00,4678,4919.819801965841,HIGH
2018-06-28 11:00:00,4866,5161.027633533945,HIGH
2018-06-28 12:00:00,5109,5123.401230019977,HIGH
2018-06-28 13:00:00,5011,5355.455900714318,HIGH
2018-06-28 14:00:00,5300,5619.0265899119295,HIGH
2018-06-28 15:00:00,5945,6569.620993127457,HIGH
2018-06-28 16:00:00,6568,6056.12291933347,HIGH
2018-06-28 17:00:00,5930,4769.280664129564,HIGH
2018-06-28 18:00:00,4668,3676.000313589599,MEDIUM
2018-06-28 19:00:00,3794,3235.411716516163,MEDIUM
2018-06-28 20:00:00,3127,3116.3622785311477,MEDIUM
2018-06-28 21:00:00,2908,2300.8806066918246,MEDIUM
2018-06-28 22:00:00,2190,1454.5958259875945,LOW
2018-06-28 23:00:00,1475,829.9143176558691,LOW
2018-06-29 00:00:00,841,509.7577350464513,LOW
2018-06-29 01:00:00,510,517.5984196646583,LOW
2018-06-29 02:00:00,385,428.8634098616908,LOW
2018-06-29 03:00:00,453,1045.604750091429,LOW
2018-06-29 04:00:00,984,2728.028002785038,MEDIUM
2018-06-29 05:00:00,2909,5563.115693063454,HIGH
2018-06-29 06:00:00,5427,6174.290949607993,HIGH
2018-06-29 07:00:00,6051,5513.037245708034,HIGH
2018-06-29 08:00:00,5204,4808.601193617918,HIGH
2018-06-29 09:00:00,4842,4604.250645922303,HIGH
2018-06-29 10:00:00,4626,4939.535197580224,HIGH
2018-06-29 11:00:00,5114,5398.091679004012,HIGH
2018-06-29 12:00:00,5222,5164.534388380642,HIGH
2018-06-29 13:00:00,5236,5496.667384424646,HIGH
2018-06-29 14:00:00,5319,5751.328183136218,HIGH
2018-06-29 15:00:00,5903,5925.555903594741,HIGH
2018-06-29 16:00:00,5902,5253.543311447156,HIGH
2018-06-29 17:00:00,5314,4617.195637825398,HIGH
2018-06-29 18:00:00,4798,3806.2035987227473,MEDIUM
2018-06-29 19:00:00,3705,3282.7005855760362,MEDIUM
2018-06-29 20:00:00,3340,3011.4489797965284,MEDIUM
2018-06-29 21:00:00,3247,2783.1435892805202,MEDIUM
2018-06-29 22:00:00,2781,2173.841961260723,MEDIUM
2018-06-29 23:00:00,2465,1617.7932165576944,LOW
2018-06-30 00:00:00,1423,998.6663042385253,LOW
2018-06-30 01:00:00,869,613.9458453149656,LOW
2018-06-30 02:00:00,617,1017.7370408252021,LOW
2018-06-30 03:00:00,429,430.26896234926744,LOW
2018-06-30 03:00:00,429,430.26896234926744,LOW
2018-06-30 04:00:00,429,737.0555211271511,LOW
2018-06-30 05:00:00,822,1326.2658246384922,LOW
2018-06-30 06:00:00,1489,2340.273639047484,MEDIUM
2018-06-30 07:00:00,2048,2471.746097986544,MEDIUM
2018-06-30 08:00:00,2840,3410.361808852867,MEDIUM
2018-06-30 09:00:00,3627,4039.5237597093433,MEDIUM
2018-06-30 10:00:00,3922,4224.229997615226,MEDIUM
2018-06-30 11:00:00,4253,4581.87805206073,HIGH
2018-06-30 12:00:00,4776,4654.945672117414,HIGH
2018-06-30 13:00:00,4675,4565.319504570882,HIGH
2018-06-30 14:00:00,4533,4482.557696834806,MEDIUM
2018-06-30 15:00:00,4425,4406.706628186243,MEDIUM
2018-06-30 16:00:00,4707,4484.506255971628,MEDIUM
2018-06-30 17:00:00,4469,3942.6891807220386,MEDIUM
2018-06-30 18:00:00,3871,3421.9259390133284,MEDIUM
2018-06-30 19:00:00,3247,2945.5305108763546,MEDIUM
2018-06-30 20:00:00,2936,3020.357406730005,MEDIUM
2018-06-30 21:00:00,2700,2558.1409157714497,MEDIUM
2018-06-30 22:00:00,2760,2200.090745596727,MEDIUM
2018-06-30 23:00:00,2017,1426.0361441889736,LOW
2018-07-01 00:00:00,1314,903.694774084589,LOW
2018-07-01 01:00:00,848,691.2810923074644,LOW
2018-07-01 02:00:00,703,438.1591059036459,LOW
2018-07-01 03:00:00,419,356.81624092288854,LOW
2018-07-01 03:00:00,419,356.81624092288854,LOW
2018-07-01 04:00:00,372,557.298888242727,LOW
2018-07-01 04:00:00,372,557.298888242727,LOW
2018-07-01 05:00:00,529,861.5207091379384,LOW
2018-07-01 05:00:00,529,861.5207091379384,LOW
2018-07-01 06:00:00,979,1333.16324892917,LOW
2018-07-01 06:00:00,979,1333.16324892917,LOW
2018-07-01 07:00:00,1237,1767.03523358355,LOW
2018-07-01 08:00:00,1682,2395.408912364381,MEDIUM
2018-07-01 08:00:00,1682,2395.408912364381,MEDIUM
2018-07-01 09:00:00,2495,3001.2704862304668,MEDIUM
2018-07-01 09:00:00,2495,3001.2704862304668,MEDIUM
2018-07-01 09:00:00,2495,3001.2704862304668,MEDIUM
2018-07-01 10:00:00,2924,3371.8090188228084,MEDIUM
2018-07-01 10:00:00,2924,3371.8090188228084,MEDIUM
2018-07-01 11:00:00,3323,3726.8782799779647,MEDIUM
2018-07-01 11:00:00,3323,3726.8782799779647,MEDIUM
2018-07-01 11:00:00,3323,3726.8782799779647,MEDIUM
2018-07-01 12:00:00,3696,3792.903870446579,MEDIUM
2018-07-01 12:00:00,3696,3792.903870446579,MEDIUM
2018-07-01 12:00:00,3696,3792.903870446579,MEDIUM
2018-07-01 13:00:00,4084,4161.296856925496,MEDIUM
2018-07-01 13:00:00,4084,4161.296856925496,MEDIUM
2018-07-01 14:00:00,4187,4241.297569464921,MEDIUM
2018-07-01 15:00:00,4365,4373.316303741204,MEDIUM
2018-07-01 16:00:00,4380,4091.5913205429924,MEDIUM
2018-07-01 17:00:00,4049,3857.4374612013194,MEDIUM
2018-07-01 18:00:00,3680,3248.2628460956125,MEDIUM
2018-07-01 19:00:00,3404,3015.302281649284,MEDIUM
2018-07-01 20:00:00,3018,2705.784551216705,MEDIUM
2018-07-01 21:00:00,2640,1964.7967898369677,LOW
2018-07-01 22:00:00,2152,1347.3086139037798,LOW
2018-07-01 23:00:00,3078,1170.1578333333332,LOW
2018-07-02 00:00:00,1043,574.4862579365081,LOW
2018-07-02 01:00:00,523,397.91335680945065,LOW
2018-07-02 02:00:00,425,401.2216115165214,LOW
2018-07-02 03:00:00,398,849.9751691372667,LOW
2018-07-02 04:00:00,896,2813.3442187696387,MEDIUM
2018-07-02 05:00:00,2931,5704.780722863048,HIGH
2018-07-02 06:00:00,5305,5945.143911542923,HIGH
2018-07-02 07:00:00,5936,5571.825708640433,HIGH
2018-07-02 08:00:00,4859,4527.390981032561,MEDIUM
2018-07-02 09:00:00,4473,4055.4402236803867,MEDIUM
2018-07-02 10:00:00,4172,3985.1002112305146,MEDIUM
2018-07-02 11:00:00,4498,4688.963213641297,HIGH
2018-07-02 12:00:00,4617,4732.952036151553,HIGH
2018-07-02 13:00:00,4667,5027.313985192255,HIGH
2018-07-02 14:00:00,4728,5110.323905472054,HIGH
2018-07-02 15:00:00,5115,5836.825088076863,HIGH
2018-07-02 16:00:00,5853,5388.614188913952,HIGH
2018-07-02 17:00:00,5241,3944.8243352155096,MEDIUM
2018-07-02 18:00:00,3922,3000.7258904934006,MEDIUM
2018-07-02 19:00:00,3183,2790.947487851277,MEDIUM
2018-07-02 20:00:00,2792,2531.1643803596553,MEDIUM
2018-07-02 21:00:00,2552,1829.7573647340082,LOW
2018-07-02 22:00:00,2118,1417.8475974324383,LOW
2018-07-02 23:00:00,1461,863.182103267863,LOW
2018-07-03 00:00:00,722,466.6979266116057,LOW
2018-07-03 01:00:00,455,346.6665184116347,LOW
2018-07-03 02:00:00,340,379.3678245296768,LOW
2018-07-03 03:00:00,391,983.8651489103481,LOW
2018-07-03 04:00:00,863,2852.606520540135,MEDIUM
2018-07-03 04:00:00,863,2852.606520540135,MEDIUM
2018-07-03 05:00:00,2836,5319.053011644552,HIGH
2018-07-03 06:00:00,5264,5858.551480688671,HIGH
2018-07-03 07:00:00,5737,5441.685539712935,HIGH
2018-07-03 07:00:00,5737,5441.685539712935,HIGH
2018-07-03 08:00:00,5017,4637.112170028595,HIGH
2018-07-03 08:00:00,5017,4637.112170028595,HIGH
2018-07-03 09:00:00,4373,4175.16912118396,MEDIUM
2018-07-03 10:00:00,4099,4321.827987326748,MEDIUM
2018-07-03 11:00:00,4415,4633.430279668743,HIGH
2018-07-03 12:00:00,4775,4801.92000866269,HIGH
2018-07-03 13:00:00,4799,5155.997597892063,HIGH
2018-07-03 14:00:00,4968,5400.4720576863865,HIGH
2018-07-03 14:00:00,4968,5400.4720576863865,HIGH
2018-07-03 15:00:00,5526,6242.385536061383,HIGH
2018-07-03 15:00:00,5526,6242.385536061383,HIGH
2018-07-03 16:00:00,6135,5581.1129205367015,HIGH
2018-07-03 17:00:00,5092,3943.066577280462,MEDIUM
2018-07-03 18:00:00,4313,3218.0377874914416,MEDIUM
2018-07-03 19:00:00,3308,2966.807834801541,MEDIUM
2018-07-03 20:00:00,3055,2795.1812210640583,MEDIUM
2018-07-03 21:00:00,2700,2366.8096417488114,MEDIUM
2018-07-03 22:00:00,2176,1379.065388567387,LOW
2018-07-03 23:00:00,1741,1167.9561110867412,LOW
2018-07-04 00:00:00,1021,539.5066666666668,LOW
2018-07-04 01:00:00,605,381.7087695428552,LOW
2018-07-04 02:00:00,573,447.26124792262317,LOW
2018-07-04 03:00:00,353,733.8013903307152,LOW
2018-07-04 04:00:00,354,707.961595993346,LOW
2018-07-04 05:00:00,698,1245.9667044755115,LOW
2018-07-04 06:00:00,1141,1530.4374939213571,LOW
2018-07-04 07:00:00,1128,1537.7517577415074,LOW
2018-07-04 08:00:00,1275,2048.555945187949,LOW
2018-07-04 09:00:00,1687,2081.8387183377768,LOW
2018-07-04 10:00:00,1920,1980.4617031726655,LOW
2018-07-04 10:00:00,1920,1980.4617031726655,LOW
2018-07-04 10:00:00,1920,1980.4617031726655,LOW
2018-07-04 11:00:00,2603,2966.417581758743,MEDIUM
2018-07-04 11:00:00,2603,2966.417581758743,MEDIUM
2018-07-04 12:00:00,2761,3442.2894875124875,MEDIUM
2018-07-04 13:00:00,2929,3056.1613686272876,MEDIUM
2018-07-04 14:00:00,3318,3706.8796880143623,MEDIUM
2018-07-04 15:00:00,3070,3074.227731594197,MEDIUM
2018-07-04 15:00:00,3070,3074.227731594197,MEDIUM
2018-07-04 16:00:00,3224,3104.2032521160636,MEDIUM
2018-07-04 16:00:00,3224,3104.2032521160636,MEDIUM
2018-07-04 17:00:00,3045,3010.121852821328,MEDIUM
2018-07-04 17:00:00,3045,3010.121852821328,MEDIUM
2018-07-04 18:00:00,2664,2529.518630784474,MEDIUM
2018-07-04 19:00:00,2596,2477.9288953989635,MEDIUM
2018-07-04 20:00:00,2503,2290.304010122569,MEDIUM
2018-07-04 21:00:00,2582,1836.8293941430115,LOW
2018-07-04 22:00:00,2030,1317.0107840441185,LOW
2018-07-04 23:00:00,1936,1139.077731720904,LOW
2018-07-05 00:00:00,971,580.8831632950385,LOW
2018-07-05 00:00:00,971,580.8831632950385,LOW
2018-07-05 01:00:00,476,555.3631475092719,LOW
2018-07-05 02:00:00,317,366.9830100303905,LOW
2018-07-05 03:00:00,338,792.3214819163493,LOW
2018-07-05 04:00:00,754,2815.8328449137134,MEDIUM
2018-07-05 05:00:00,2412,4441.522459595959,MEDIUM
2018-07-05 06:00:00,4500,5232.45805465368,HIGH
2018-07-05 07:00:00,4966,4700.809187959353,HIGH
2018-07-05 08:00:00,4440,4330.746329496219,MEDIUM
2018-07-05 09:00:00,4205,4169.2753090359,MEDIUM
2018-07-05 10:00:00,4154,4358.497809144241,MEDIUM
2018-07-05 11:00:00,4201,4443.480500461148,MEDIUM
2018-07-05 12:00:00,4416,4598.479000863693,HIGH
2018-07-05 13:00:00,4491,4865.658492118108,HIGH
2018-07-05 14:00:00,4708,5051.314892388577,HIGH
2018-07-05 15:00:00,5066,5858.06973088425,HIGH
2018-07-05 16:00:00,5908,5583.624664623705,HIGH
2018-07-05 17:00:00,5223,3866.898391654098,MEDIUM
2018-07-05 18:00:00,4115,3359.0925694749076,MEDIUM
2018-07-05 19:00:00,3099,2847.620743356393,MEDIUM
2018-07-05 20:00:00,2713,2647.8897756750066,MEDIUM
2018-07-05 21:00:00,2633,1912.5078303392513,LOW
2018-07-05 22:00:00,2002,1245.098230308522,LOW
2018-07-05 23:00:00,1287,722.3475516007073,LOW
2018-07-06 00:00:00,743,692.5295541887522,LOW
2018-07-06 01:00:00,435,334.4585929293891,LOW
2018-07-06 02:00:00,372,409.6052468790499,LOW
2018-07-06 03:00:00,343,770.9788314387363,LOW
2018-07-06 04:00:00,752,2796.9816819044254,MEDIUM
2018-07-06 05:00:00,2453,5151.794714285714,HIGH
2018-07-06 06:00:00,4489,5255.318388708513,HIGH
2018-07-06 07:00:00,5069,4686.117951460281,HIGH
2018-07-06 08:00:00,4489,4469.350101120723,MEDIUM
2018-07-06 09:00:00,4305,4359.239646945944,MEDIUM
2018-07-06 10:00:00,4215,4421.395969186283,MEDIUM
2018-07-06 11:00:00,4547,4826.764133180289,HIGH
2018-07-06 12:00:00,4684,4745.881697031473,HIGH
2018-07-06 13:00:00,4594,4933.7655100783595,HIGH
2018-07-06 14:00:00,4818,5186.047874595676,HIGH
2018-07-06 15:00:00,5182,5791.209578978541,HIGH
2018-07-06 16:00:00,5353,4966.238513677812,HIGH
2018-07-06 17:00:00,4822,4301.414640104343,MEDIUM
2018-07-06 18:00:00,4089,3507.7577946147885,MEDIUM
2018-07-06 19:00:00,3390,3021.97231775697,MEDIUM
2018-07-06 20:00:00,2966,2953.7537417026715,MEDIUM
2018-07-06 21:00:00,2903,2661.962043770554,MEDIUM
2018-07-06 22:00:00,2533,2149.591404016705,MEDIUM
2018-07-06 23:00:00,2227,1480.2003101217488,LOW
2018-07-07 00:00:00,1233,814.5318132348021,LOW
2018-07-07 01:00:00,689,567.3336003578548,LOW
2018-07-07 02:00:00,604,421.862138192115,LOW
2018-07-07 03:00:00,382,392.73979141750743,LOW
2018-07-07 04:00:00,429,858.4752991860485,LOW
2018-07-07 05:00:00,769,1416.033798488295,LOW
2018-07-07 06:00:00,1246,1772.5363633623772,LOW
2018-07-07 07:00:00,1710,2466.023786579086,MEDIUM
2018-07-07 08:00:00,2428,3261.8132922504615,MEDIUM
2018-07-07 09:00:00,3029,3645.4992840628406,MEDIUM
2018-07-07 10:00:00,3386,3886.277432147368,MEDIUM
2018-07-07 11:00:00,4045,4363.914620151983,MEDIUM
2018-07-07 12:00:00,4160,4218.931018360142,MEDIUM
2018-07-07 13:00:00,4118,4199.342342896211,MEDIUM
2018-07-07 14:00:00,3992,3971.325223611503,MEDIUM
2018-07-07 15:00:00,4022,3997.6069131229387,MEDIUM
2018-07-07 16:00:00,4289,4119.847610812425,MEDIUM
2018-07-07 17:00:00,4085,3793.459540342328,MEDIUM
2018-07-07 18:00:00,3986,3492.9108320357705,MEDIUM
2018-07-07 19:00:00,3416,3054.4685201670077,MEDIUM
2018-07-07 20:00:00,3191,3206.2819381581085,MEDIUM
2018-07-07 21:00:00,3616,3262.4895971153587,MEDIUM
2018-07-07 22:00:00,3055,2368.592772814455,MEDIUM
2018-07-07 23:00:00,2246,1533.4596246166911,LOW
2018-07-08 00:00:00,1423,831.0730376427542,LOW
2018-07-08 01:00:00,786,609.5737271510004,LOW
2018-07-08 02:00:00,693,455.6267359748173,LOW
2018-07-08 03:00:00,357,327.083427175076,LOW
2018-07-08 04:00:00,327,525.8998560407588,LOW
2018-07-08 05:00:00,476,811.2281096410413,LOW
2018-07-08 06:00:00,876,1200.4778550399994,LOW
2018-07-08 07:00:00,1084,1560.6619051869952,LOW
2018-07-08 08:00:00,1920,2663.6364203507133,MEDIUM
2018-07-08 09:00:00,2584,3348.2580521398877,MEDIUM
2018-07-08 10:00:00,3236,3751.22011535681,MEDIUM
2018-07-08 11:00:00,3837,4200.628470483065,MEDIUM
2018-07-08 12:00:00,4075,4152.489000793945,MEDIUM
2018-07-08 13:00:00,4211,4260.252139618366,MEDIUM
2018-07-08 14:00:00,4470,4465.822631279534,MEDIUM
2018-07-08 15:00:00,4397,4415.800113505861,MEDIUM
2018-07-08 16:00:00,4514,4387.76620687872,MEDIUM
2018-07-08 17:00:00,4297,3881.3312009674996,MEDIUM
2018-07-08 18:00:00,3953,3502.534912980939,MEDIUM
2018-07-08 19:00:00,3969,3499.798573227219,MEDIUM
2018-07-08 20:00:00,3571,3069.5615308258275,MEDIUM
2018-07-08 21:00:00,2948,2285.336465766133,MEDIUM
2018-07-08 22:00:00,2039,1423.9311945871773,LOW
2018-07-08 23:00:00,1339,3247.65275859776,MEDIUM
2018-07-09 00:00:00,676,446.83281414009076,LOW
2018-07-09 01:00:00,423,357.59404030018345,LOW
2018-07-09 02:00:00,320,356.34852222944124,LOW
2018-07-09 03:00:00,348,838.679062997137,LOW
2018-07-09 03:00:00,348,838.679062997137,LOW
2018-07-09 04:00:00,903,3014.322164976713,MEDIUM
2018-07-09 05:00:00,2977,5626.526746392907,HIGH
2018-07-09 05:00:00,2977,5626.526746392907,HIGH
2018-07-09 06:00:00,5679,6304.15923300381,HIGH
2018-07-09 07:00:00,6178,5752.418826219764,HIGH
2018-07-09 08:00:00,5656,4846.369135059301,HIGH
2018-07-09 09:00:00,4586,4226.434612643055,MEDIUM
2018-07-09 10:00:00,4266,4441.08887970377,MEDIUM
2018-07-09 11:00:00,4448,4645.083174041159,HIGH
2018-07-09 12:00:00,4689,4829.315901166737,HIGH
2018-07-09 13:00:00,4621,4968.254713412318,HIGH
2018-07-09 14:00:00,4836,5171.120971132842,HIGH
2018-07-09 15:00:00,5429,6175.780720488501,HIGH
2018-07-09 16:00:00,6311,5897.753341580591,HIGH
2018-07-09 17:00:00,5805,4418.535632849442,MEDIUM
2018-07-09 18:00:00,4290,3252.4148717526487,MEDIUM
2018-07-09 19:00:00,3240,2838.0186342230236,MEDIUM
2018-07-09 20:00:00,2861,2638.810232709118,MEDIUM
2018-07-09 21:00:00,2633,1896.943122765515,LOW
2018-07-09 22:00:00,2071,1232.4119047728757,LOW
2018-07-09 23:00:00,1189,668.4066124004456,LOW
2018-07-10 00:00:00,688,442.31371520475943,LOW
2018-07-10 01:00:00,389,300.855374049882,LOW
2018-07-10 02:00:00,295,360.7107148851859,LOW
2018-07-10 03:00:00,364,947.4816261770025,LOW
2018-07-10 04:00:00,898,2789.034678926911,MEDIUM
2018-07-10 05:00:00,3137,5602.948390515543,HIGH
2018-07-10 06:00:00,5886,6190.148391624506,HIGH
2018-07-10 07:00:00,6134,5735.080995161952,HIGH
2018-07-10 08:00:00,5786,5045.01442655778,HIGH
2018-07-10 09:00:00,4843,4472.546858930026,MEDIUM
2018-07-10 10:00:00,4442,4647.949066191028,HIGH
2018-07-10 10:00:00,4442,4647.949066191028,HIGH
2018-07-10 11:00:00,4586,4762.978213670349,HIGH
2018-07-10 12:00:00,4865,4890.991087044681,HIGH
2018-07-10 13:00:00,4719,5047.049674496025,HIGH
2018-07-10 14:00:00,4789,5174.193555033585,HIGH
2018-07-10 15:00:00,5681,6382.228869952254,HIGH
2018-07-10 16:00:00,6566,6118.980923569703,HIGH
2018-07-10 17:00:00,6081,4619.5551745361045,HIGH
2018-07-10 18:00:00,4404,3338.6417835282523,MEDIUM
2018-07-10 19:00:00,3219,2875.244071371414,MEDIUM
2018-07-10 20:00:00,3053,2797.805904377263,MEDIUM
2018-07-10 21:00:00,3060,2403.0586990912498,MEDIUM
2018-07-10 22:00:00,2203,1378.4123729819426,LOW
2018-07-10 23:00:00,1311,719.405998858894,LOW
2018-07-11 00:00:00,661,434.88851003316404,LOW
2018-07-11 01:00:00,401,306.8536951004289,LOW
2018-07-11 02:00:00,321,368.37268804789653,LOW
2018-07-11 03:00:00,384,855.2561044134038,LOW
2018-07-11 04:00:00,948,2798.9314139851717,MEDIUM
2018-07-11 05:00:00,3193,5638.455823669112,HIGH
2018-07-11 06:00:00,5179,5814.215763624455,HIGH
2018-07-11 07:00:00,6295,5892.274993913185,HIGH
2018-07-11 08:00:00,5930,5202.864583241678,HIGH
2018-07-11 09:00:00,5025,4656.674919147434,HIGH
2018-07-11 10:00:00,4829,5138.645561286634,HIGH
2018-07-11 11:00:00,5052,5338.453614903451,HIGH
2018-07-11 12:00:00,4974,4986.211623840608,HIGH
2018-07-11 13:00:00,4779,5105.294622807627,HIGH
2018-07-11 14:00:00,4974,5363.818894262732,HIGH
2018-07-11 15:00:00,5817,6417.148520432692,HIGH
2018-07-11 16:00:00,6522,6066.985127059066,HIGH
2018-07-11 17:00:00,5935,4586.459425679259,HIGH
2018-07-11 18:00:00,4568,3454.8758215154476,MEDIUM
2018-07-11 19:00:00,3412,3081.5687178182866,MEDIUM
2018-07-11 20:00:00,3033,2787.218879586091,MEDIUM
2018-07-11 21:00:00,2687,2425.131487386009,MEDIUM
2018-07-11 22:00:00,1960,1453.2488174710409,LOW
2018-07-11 23:00:00,1294,728.0140209198322,LOW
2018-07-12 00:00:00,699,585.0460381265644,LOW
2018-07-12 01:00:00,408,319.0167003353247,LOW
2018-07-12 02:00:00,296,376.1261029743827,LOW
2018-07-12 03:00:00,364,2783.1683735178362,MEDIUM
2018-07-12 04:00:00,940,2926.1978339629095,MEDIUM
2018-07-12 05:00:00,3070,5777.847161017289,HIGH
2018-07-12 06:00:00,5702,6305.895677371215,HIGH
2018-07-12 07:00:00,6456,5929.220259388883,HIGH
2018-07-12 08:00:00,5583,4775.6726545871825,HIGH
2018-07-12 08:00:00,5583,4775.6726545871825,HIGH
2018-07-12 09:00:00,4958,4585.893380024998,HIGH
2018-07-12 10:00:00,4610,4846.521135471546,HIGH
2018-07-12 11:00:00,4848,5181.836441663025,HIGH
2018-07-12 12:00:00,4891,4896.998866626418,HIGH
2018-07-12 13:00:00,5188,5534.985809711215,HIGH
2018-07-12 14:00:00,5139,5563.183713030544,HIGH
2018-07-12 15:00:00,5743,6378.068208226153,HIGH
2018-07-12 16:00:00,6612,4163.606064669435,MEDIUM
2018-07-12 17:00:00,5795,4502.1153789105,MEDIUM
2018-07-12 18:00:00,3890,3264.1746270860767,MEDIUM
2018-07-12 18:00:00,3890,3264.1746270860767,MEDIUM
2018-07-12 18:00:00,3890,3264.1746270860767,MEDIUM
2018-07-12 19:00:00,3237,2939.992261970844,MEDIUM
2018-07-12 19:00:00,3237,2939.992261970844,MEDIUM
2018-07-12 19:00:00,3237,2939.992261970844,MEDIUM
2018-07-12 20:00:00,2727,2724.2086129364097,MEDIUM
2018-07-12 20:00:00,2727,2724.2086129364097,MEDIUM
2018-07-12 20:00:00,2727,2724.2086129364097,MEDIUM
2018-07-12 21:00:00,2497,2245.9968051184874,MEDIUM
2018-07-12 21:00:00,2497,2245.9968051184874,MEDIUM
2018-07-12 21:00:00,2497,2245.9968051184874,MEDIUM
2018-07-12 22:00:00,1870,1485.6610787467248,LOW
2018-07-12 23:00:00,1320,736.7769152194337,LOW
2018-07-12 23:00:00,1320,736.7769152194337,LOW
2018-07-13 00:00:00,705,439.3695633832697,LOW
2018-07-13 01:00:00,439,602.9539288342855,LOW
2018-07-13 01:00:00,439,602.9539288342855,LOW
2018-07-13 02:00:00,350,418.5756331469863,LOW
2018-07-13 02:00:00,350,418.5756331469863,LOW
2018-07-13 02:00:00,350,418.5756331469863,LOW
2018-07-13 03:00:00,373,806.9853960880077,LOW
2018-07-13 03:00:00,373,806.9853960880077,LOW
2018-07-13 03:00:00,373,806.9853960880077,LOW
2018-07-13 04:00:00,888,2805.916307297076,MEDIUM
2018-07-13 04:00:00,888,2805.916307297076,MEDIUM
2018-07-13 05:00:00,2917,5652.853884227036,HIGH
2018-07-13 05:00:00,2917,5652.853884227036,HIGH
2018-07-13 06:00:00,5268,5940.864067544632,HIGH
2018-07-13 06:00:00,5268,5940.864067544632,HIGH
2018-07-13 06:00:00,5268,5940.864067544632,HIGH
2018-07-13 07:00:00,5994,5616.324069915652,HIGH
2018-07-13 07:00:00,5994,5616.324069915652,HIGH
2018-07-13 07:00:00,5994,5616.324069915652,HIGH
2018-07-13 08:00:00,5288,4834.670922672748,HIGH
2018-07-13 08:00:00,5288,4834.670922672748,HIGH
2018-07-13 08:00:00,5288,4834.670922672748,HIGH
2018-07-13 09:00:00,4543,4365.028319550206,MEDIUM
2018-07-13 09:00:00,4543,4365.028319550206,MEDIUM
2018-07-13 10:00:00,4392,4629.404976792607,HIGH
2018-07-13 10:00:00,4392,4629.404976792607,HIGH
2018-07-13 10:00:00,4392,4629.404976792607,HIGH
2018-07-13 11:00:00,4740,4966.648584029108,HIGH
2018-07-13 11:00:00,4740,4966.648584029108,HIGH
2018-07-13 12:00:00,5123,5098.268626878869,HIGH
2018-07-13 12:00:00,5123,5098.268626878869,HIGH
2018-07-13 13:00:00,5059,5407.318670679426,HIGH
2018-07-13 14:00:00,5363,5795.845338145544,HIGH
2018-07-13 15:00:00,5914,6002.083444720597,HIGH
2018-07-13 16:00:00,6153,5462.585604935414,HIGH
2018-07-13 17:00:00,5257,4566.58540818033,HIGH
2018-07-13 18:00:00,4664,3717.2734022456452,MEDIUM
2018-07-13 19:00:00,3664,3256.6582944752777,MEDIUM
2018-07-13 20:00:00,3260,3181.2563778139606,MEDIUM
2018-07-13 21:00:00,3064,2809.728389832203,MEDIUM
2018-07-13 22:00:00,2835,2191.9337786517367,MEDIUM
2018-07-13 23:00:00,1971,1278.2465819475997,LOW
2018-07-13 23:00:00,1971,1278.2465819475997,LOW
2018-07-13 23:00:00,1971,1278.2465819475997,LOW
2018-07-14 00:00:00,1233,787.3257363028686,LOW
2018-07-14 01:00:00,696,590.499482174291,LOW
2018-07-14 01:00:00,696,590.499482174291,LOW
2018-07-14 01:00:00,696,590.499482174291,LOW
2018-07-14 02:00:00,646,437.19127324225957,LOW
2018-07-14 02:00:00,646,437.19127324225957,LOW
2018-07-14 03:00:00,437,444.2453329703905,LOW
2018-07-14 03:00:00,437,444.2453329703905,LOW
2018-07-14 04:00:00,444,727.6296051445133,LOW
2018-07-14 04:00:00,444,727.6296051445133,LOW
2018-07-14 05:00:00,858,1175.9694956278433,LOW
2018-07-14 05:00:00,858,1175.9694956278433,LOW
2018-07-14 06:00:00,1422,1847.017743226832,LOW
2018-07-14 06:00:00,1422,1847.017743226832,LOW
2018-07-14 07:00:00,1991,2803.17954634448,MEDIUM
2018-07-14 07:00:00,1991,2803.17954634448,MEDIUM
2018-07-14 08:00:00,2714,3311.762653776842,MEDIUM
2018-07-14 08:00:00,2714,3311.762653776842,MEDIUM
2018-07-14 09:00:00,3471,3964.334202899126,MEDIUM
2018-07-14 09:00:00,3471,3964.334202899126,MEDIUM
2018-07-14 10:00:00,3718,4106.260401573426,MEDIUM
2018-07-14 11:00:00,4213,4470.675718752463,MEDIUM
2018-07-14 12:00:00,4524,4467.221182904752,MEDIUM
2018-07-14 13:00:00,4218,4259.1507702837935,MEDIUM
2018-07-14 14:00:00,4242,4297.132610856149,MEDIUM
2018-07-14 15:00:00,4306,4323.881532293667,MEDIUM
2018-07-14 16:00:00,4317,4179.478561961861,MEDIUM
2018-07-14 17:00:00,4354,3882.931017387837,MEDIUM
2018-07-14 18:00:00,4109,3578.6262526945634,MEDIUM
2018-07-14 19:00:00,3446,3177.224209924187,MEDIUM
2018-07-14 20:00:00,3192,3181.817753647752,MEDIUM
2018-07-14 21:00:00,3272,3178.790781908618,MEDIUM
2018-07-14 22:00:00,3074,2420.2766910234395,MEDIUM
2018-07-14 23:00:00,2275,1517.9745673777466,LOW
2018-07-15 00:00:00,1350,839.6236745327615,LOW
2018-07-15 01:00:00,826,637.0400929116063,LOW
2018-07-15 02:00:00,699,441.5874511417412,LOW
2018-07-15 03:00:00,435,369.7062822174116,LOW
2018-07-15 04:00:00,366,513.6992332923869,LOW
2018-07-15 05:00:00,508,853.5998450089817,LOW
2018-07-15 05:00:00,508,853.5998450089817,LOW
2018-07-15 06:00:00,933,1269.3245648455295,LOW
2018-07-15 06:00:00,933,1269.3245648455295,LOW
2018-07-15 07:00:00,1195,1692.0035795308431,LOW
2018-07-15 08:00:00,1814,2540.077207122247,MEDIUM
2018-07-15 09:00:00,2911,3477.338246539026,MEDIUM
2018-07-15 10:00:00,3310,3912.2675658907788,MEDIUM
2018-07-15 11:00:00,3655,3990.929022475273,MEDIUM
2018-07-15 12:00:00,4245,4316.685718064174,MEDIUM
2018-07-15 13:00:00,4233,4286.085877121257,MEDIUM
2018-07-15 14:00:00,4129,4219.907143333529,MEDIUM
2018-07-15 15:00:00,4063,4069.8948608963065,MEDIUM
2018-07-15 16:00:00,4438,4344.5461902309,MEDIUM
2018-07-15 17:00:00,4321,3951.5704939131874,MEDIUM
2018-07-15 18:00:00,3836,3418.806964909857,MEDIUM
2018-07-15 19:00:00,3535,3211.2119806962223,MEDIUM
2018-07-15 20:00:00,3015,2686.075621491325,MEDIUM
2018-07-15 21:00:00,2671,2076.6389243512817,LOW
2018-07-15 22:00:00,2009,1332.4139522242479,LOW
2018-07-15 23:00:00,1244,721.1872786005732,LOW
2018-07-16 00:00:00,721,461.20154737839107,LOW
2018-07-16 01:00:00,458,339.0912997957473,LOW
2018-07-16 02:00:00,297,368.90116984351357,LOW
2018-07-16 03:00:00,368,820.8407783135001,LOW
2018-07-16 04:00:00,935,2770.0932848723705,MEDIUM
2018-07-16 05:00:00,3048,5600.796698886959,HIGH
2018-07-16 06:00:00,5593,6110.417559977761,HIGH
2018-07-16 07:00:00,5793,5314.175929343324,HIGH
2018-07-16 08:00:00,5647,4911.519963195443,HIGH
2018-07-16 09:00:00,4603,4285.338105069986,MEDIUM
2018-07-16 10:00:00,4346,4564.2279639952785,HIGH
2018-07-16 11:00:00,4504,4686.160372724588,HIGH
2018-07-16 12:00:00,4588,4728.17309191632,HIGH
2018-07-16 13:00:00,4558,4925.975119083475,HIGH
2018-07-16 14:00:00,4794,5126.928963680163,HIGH
2018-07-16 15:00:00,5558,6259.381652911835,HIGH
2018-07-16 16:00:00,6269,5898.4386252802105,HIGH
2018-07-16 17:00:00,5708,4276.724435402648,MEDIUM
2018-07-16 18:00:00,4203,3215.405383949917,MEDIUM
2018-07-16 19:00:00,3277,2840.2288416728393,MEDIUM
2018-07-16 20:00:00,2900,2610.0794679267187,MEDIUM
2018-07-16 21:00:00,2424,1809.4387734621077,LOW
2018-07-16 22:00:00,1965,1272.3972139242717,LOW
2018-07-16 23:00:00,1096,700.2286264016188,LOW
2018-07-17 00:00:00,595,373.70819378450085,LOW
2018-07-17 01:00:00,407,338.5158832565192,LOW
2018-07-17 02:00:00,274,350.8469069487359,LOW
2018-07-17 03:00:00,356,820.4533820426893,LOW
2018-07-17 04:00:00,930,2775.9953879673662,MEDIUM
2018-07-17 05:00:00,3171,5626.0027589365955,HIGH
2018-07-17 06:00:00,5870,6153.491463717342,HIGH
2018-07-17 07:00:00,6417,5878.648912319023,HIGH
2018-07-17 08:00:00,5455,4801.107465350555,HIGH
2018-07-17 09:00:00,5030,4590.464269846609,HIGH
2018-07-17 10:00:00,4346,4561.7767531233585,HIGH
2018-07-17 11:00:00,4540,4794.474217260517,HIGH
2018-07-17 12:00:00,4952,4976.109530675044,HIGH
2018-07-17 13:00:00,4576,4916.292181011975,HIGH
2018-07-17 14:00:00,5011,5506.552389975002,HIGH
2018-07-17 15:00:00,5573,6178.009155461328,HIGH
2018-07-17 16:00:00,6358,5939.7671990133,HIGH
2018-07-17 17:00:00,5698,4297.204862764949,MEDIUM
2018-07-17 18:00:00,4360,3379.747404698603,MEDIUM
2018-07-17 19:00:00,3337,2988.672049315961,MEDIUM
2018-07-17 20:00:00,3113,2889.145615454701,MEDIUM
2018-07-17 21:00:00,2754,2164.565019975338,MEDIUM
2018-07-17 22:00:00,2209,1425.5670384897153,LOW
2018-07-17 23:00:00,1242,698.4539627435812,LOW
2018-07-18 00:00:00,657,425.6396134060398,LOW
2018-07-18 01:00:00,410,307.3055042877492,LOW
2018-07-18 02:00:00,313,371.45010798338876,LOW
2018-07-18 03:00:00,377,839.4559849538117,LOW
2018-07-18 04:00:00,894,2712.4363840920864,MEDIUM
2018-07-18 05:00:00,3189,5191.991930134945,HIGH
2018-07-18 06:00:00,5769,6146.457046982911,HIGH
2018-07-18 07:00:00,6200,5777.249592154225,HIGH
2018-07-18 08:00:00,5696,5065.932078395564,HIGH
2018-07-18 09:00:00,5129,4626.025154325355,HIGH
2018-07-18 10:00:00,4560,4799.073823686927,HIGH
2018-07-18 11:00:00,4752,4907.210492503776,HIGH
2018-07-18 12:00:00,4916,4993.3883473843525,HIGH
2018-07-18 13:00:00,4714,5059.1894504080365,HIGH
2018-07-18 14:00:00,5138,5580.566347110373,HIGH
2018-07-18 15:00:00,5677,6361.871476027022,HIGH
2018-07-18 16:00:00,6606,6202.622636351652,HIGH
2018-07-18 17:00:00,6084,4674.348048890608,HIGH
2018-07-18 18:00:00,4941,3620.767210665092,MEDIUM
2018-07-18 19:00:00,3461,3126.1035443246096,MEDIUM
2018-07-18 20:00:00,3177,2909.868304705563,MEDIUM
2018-07-18 21:00:00,2949,2224.697254112184,MEDIUM
2018-07-18 22:00:00,2200,1675.958629915226,LOW
2018-07-18 23:00:00,1271,711.565659335451,LOW
2018-07-19 00:00:00,697,440.77681020230824,LOW
2018-07-19 01:00:00,423,517.2151347545715,LOW
2018-07-19 02:00:00,303,371.13451602352944,LOW
2018-07-19 03:00:00,369,801.6841874321485,LOW
2018-07-19 04:00:00,896,2703.746585445799,MEDIUM
2018-07-19 05:00:00,3110,5442.430229051376,HIGH
2018-07-19 06:00:00,5752,6309.648432223957,HIGH
2018-07-19 07:00:00,6246,5753.382773497515,HIGH
2018-07-19 08:00:00,5702,5010.885508789163,HIGH
2018-07-19 08:00:00,5702,5010.885508789163,HIGH
2018-07-19 09:00:00,4855,4576.401335429761,HIGH
2018-07-19 10:00:00,4492,4683.241266837858,HIGH
2018-07-19 10:00:00,4492,4683.241266837858,HIGH
2018-07-19 11:00:00,4677,4909.1147204878,HIGH
2018-07-19 11:00:00,4677,4909.1147204878,HIGH
2018-07-19 11:00:00,4677,4909.1147204878,HIGH
2018-07-19 12:00:00,4861,4889.078154019954,HIGH
2018-07-19 12:00:00,4861,4889.078154019954,HIGH
2018-07-19 13:00:00,4734,5152.591477638406,HIGH
2018-07-19 13:00:00,4734,5152.591477638406,HIGH
2018-07-19 13:00:00,4734,5152.591477638406,HIGH
2018-07-19 14:00:00,5135,5525.192380114223,HIGH
2018-07-19 15:00:00,5704,6128.311074509719,HIGH
2018-07-19 16:00:00,6459,6138.920674627756,HIGH
2018-07-19 17:00:00,5872,5102.245286994147,HIGH
2018-07-19 17:00:00,5872,5102.245286994147,HIGH
2018-07-19 18:00:00,4497,3739.8041151263765,MEDIUM
2018-07-19 18:00:00,4497,3739.8041151263765,MEDIUM
2018-07-19 19:00:00,3419,3125.0361409116235,MEDIUM
2018-07-19 19:00:00,3419,3125.0361409116235,MEDIUM
2018-07-19 20:00:00,2991,2953.9076360773533,MEDIUM
2018-07-19 21:00:00,2613,1974.6738622601933,LOW
2018-07-19 22:00:00,2282,1550.6963764937973,LOW
2018-07-19 22:00:00,2282,1550.6963764937973,LOW
2018-07-19 23:00:00,1454,872.1831539172703,LOW
2018-07-19 23:00:00,1454,872.1831539172703,LOW
2018-07-20 00:00:00,693,458.3509894722122,LOW
2018-07-20 01:00:00,460,373.86115818615605,LOW
2018-07-20 01:00:00,460,373.86115818615605,LOW
2018-07-20 02:00:00,360,398.389515089324,LOW
2018-07-20 02:00:00,360,398.389515089324,LOW
2018-07-20 02:00:00,360,398.389515089324,LOW
2018-07-20 03:00:00,376,834.5359007978858,LOW
2018-07-20 03:00:00,376,834.5359007978858,LOW
2018-07-20 03:00:00,376,834.5359007978858,LOW
2018-07-20 04:00:00,873,2430.6536231319665,MEDIUM
2018-07-20 04:00:00,873,2430.6536231319665,MEDIUM
2018-07-20 04:00:00,873,2430.6536231319665,MEDIUM
2018-07-20 05:00:00,2822,4774.216731492209,HIGH
2018-07-20 05:00:00,2822,4774.216731492209,HIGH
2018-07-20 05:00:00,2822,4774.216731492209,HIGH
2018-07-20 05:00:00,2822,4774.216731492209,HIGH
2018-07-20 06:00:00,5266,5830.173584454153,HIGH
2018-07-20 06:00:00,5266,5830.173584454153,HIGH
2018-07-20 06:00:00,5266,5830.173584454153,HIGH
2018-07-20 07:00:00,5821,5401.636327129295,HIGH
2018-07-20 07:00:00,5821,5401.636327129295,HIGH
2018-07-20 07:00:00,5821,5401.636327129295,HIGH
2018-07-20 08:00:00,5339,4970.582678394938,HIGH
2018-07-20 08:00:00,5339,4970.582678394938,HIGH
2018-07-20 09:00:00,4816,4663.735058311644,HIGH
2018-07-20 09:00:00,4816,4663.735058311644,HIGH
2018-07-20 09:00:00,4816,4663.735058311644,HIGH
2018-07-20 10:00:00,4592,4824.790259438593,HIGH
2018-07-20 10:00:00,4592,4824.790259438593,HIGH
2018-07-20 10:00:00,4592,4824.790259438593,HIGH
2018-07-20 11:00:00,4823,5072.01782312507,HIGH
2018-07-20 12:00:00,5253,5210.658803446107,HIGH
2018-07-20 12:00:00,5253,5210.658803446107,HIGH
2018-07-20 13:00:00,5169,5543.147055849079,HIGH
2018-07-20 14:00:00,5413,5788.7156322502815,HIGH
2018-07-20 15:00:00,5602,5925.045237716819,HIGH
2018-07-20 16:00:00,6086,5400.199287363824,HIGH
2018-07-20 17:00:00,4987,4446.322636532186,MEDIUM
2018-07-20 18:00:00,4465,3735.729969616851,MEDIUM
2018-07-20 18:00:00,4465,3735.729969616851,MEDIUM
2018-07-20 19:00:00,3574,3201.5952130861633,MEDIUM
2018-07-20 20:00:00,3124,3157.26547776215,MEDIUM
2018-07-20 21:00:00,3121,2687.674959179151,MEDIUM
2018-07-20 22:00:00,3032,2302.9876837808756,MEDIUM
2018-07-20 23:00:00,2030,1396.6903810833312,LOW
2018-07-21 00:00:00,1235,862.5927595746282,LOW
2018-07-21 01:00:00,781,602.0906930285113,LOW
2018-07-21 02:00:00,648,465.49868989874636,LOW
2018-07-21 03:00:00,418,469.01417312799697,LOW
2018-07-21 04:00:00,478,842.7178415805823,LOW
2018-07-21 05:00:00,903,1515.975287862556,LOW
2018-07-21 06:00:00,1500,1952.2305884740597,LOW
2018-07-21 07:00:00,2236,3026.490301496258,MEDIUM
2018-07-21 08:00:00,3031,3721.904060447628,MEDIUM
2018-07-21 09:00:00,3883,4237.441523456595,MEDIUM
2018-07-21 10:00:00,4045,4360.60171420725,MEDIUM
2018-07-21 11:00:00,4418,4674.860897275661,HIGH
2018-07-21 12:00:00,4505,4418.221915909095,MEDIUM
2018-07-21 13:00:00,4644,4646.844104801734,HIGH
2018-07-21 14:00:00,4796,4659.140333608692,HIGH
2018-07-21 15:00:00,4674,4617.70362433762,HIGH
2018-07-21 16:00:00,4788,4561.716056425731,HIGH
2018-07-21 17:00:00,4562,4210.084470891979,MEDIUM
2018-07-21 18:00:00,4253,3621.0414389320385,MEDIUM
2018-07-21 19:00:00,3815,3399.7193799027905,MEDIUM
2018-07-21 20:00:00,3434,3266.4558894023926,MEDIUM
2018-07-21 21:00:00,3435,3261.960291427868,MEDIUM
2018-07-21 22:00:00,3131,2424.295188122523,MEDIUM
2018-07-21 23:00:00,2292,1529.7506692992167,LOW
2018-07-22 00:00:00,1408,890.4279943228174,LOW
2018-07-22 01:00:00,969,772.1905396478174,LOW
2018-07-22 02:00:00,749,514.7047183517878,LOW
2018-07-22 03:00:00,344,320.92726390929124,LOW
2018-07-22 04:00:00,355,647.9366828189463,LOW
2018-07-22 05:00:00,525,879.5894630469139,LOW
2018-07-22 06:00:00,902,1073.1120851959502,LOW
2018-07-22 07:00:00,1297,1898.812354239719,LOW
2018-07-22 08:00:00,2009,2785.769335023127,MEDIUM
2018-07-22 09:00:00,2927,3608.357745887029,MEDIUM
2018-07-22 10:00:00,3711,4139.115125180231,MEDIUM
2018-07-22 11:00:00,4021,4336.094737723416,MEDIUM
2018-07-22 12:00:00,4250,4341.689232494303,MEDIUM
2018-07-22 13:00:00,4491,4452.915886261824,MEDIUM
2018-07-22 14:00:00,4463,4448.348092303309,MEDIUM
2018-07-22 15:00:00,4657,4634.619902794001,HIGH
2018-07-22 16:00:00,4875,4552.727472613104,HIGH
2018-07-22 17:00:00,4657,4149.032655047202,MEDIUM
2018-07-22 18:00:00,4098,3649.6417049253155,MEDIUM
2018-07-22 19:00:00,3661,3325.3053677908074,MEDIUM
2018-07-22 20:00:00,3135,2785.473659911468,MEDIUM
2018-07-22 21:00:00,2803,2274.8756896867026,MEDIUM
2018-07-22 22:00:00,2224,1657.2182029873068,LOW
2018-07-22 23:00:00,1397,804.1926267504335,LOW
2018-07-23 00:00:00,714,464.2879201808114,LOW
2018-07-23 01:00:00,402,306.55297128622965,LOW
2018-07-23 02:00:00,354,381.82129329708704,LOW
2018-07-23 02:00:00,354,381.82129329708704,LOW
2018-07-23 03:00:00,355,828.5680359683602,LOW
2018-07-23 03:00:00,355,828.5680359683602,LOW
2018-07-23 04:00:00,957,2755.1129427249343,MEDIUM
2018-07-23 04:00:00,957,2755.1129427249343,MEDIUM
2018-07-23 05:00:00,3008,5434.0350532059565,HIGH
2018-07-23 05:00:00,3008,5434.0350532059565,HIGH
2018-07-23 06:00:00,5617,6138.172845265878,HIGH
2018-07-23 06:00:00,5617,6138.172845265878,HIGH
2018-07-23 07:00:00,6306,5884.692933953903,HIGH
2018-07-23 07:00:00,6306,5884.692933953903,HIGH
2018-07-23 08:00:00,5522,4702.352969058212,HIGH
2018-07-23 09:00:00,4735,4262.879281331339,MEDIUM
2018-07-23 10:00:00,4209,4387.753717550108,MEDIUM
2018-07-23 11:00:00,4485,4677.267732891475,HIGH
2018-07-23 12:00:00,4800,4877.207332229153,HIGH
2018-07-23 13:00:00,4475,4719.618788566475,HIGH
2018-07-23 14:00:00,4677,4951.137525073944,HIGH
2018-07-23 15:00:00,5413,6037.734718124601,HIGH
2018-07-23 16:00:00,6317,5905.839671514788,HIGH
2018-07-23 17:00:00,5701,4486.710237821012,MEDIUM
2018-07-23 18:00:00,4293,3322.0359142206116,MEDIUM
2018-07-23 19:00:00,3143,2748.3508240855444,MEDIUM
2018-07-23 20:00:00,2833,2603.2554021461547,MEDIUM
2018-07-23 21:00:00,2492,1650.6802994331454,LOW
2018-07-23 22:00:00,1690,1129.3467383817726,LOW
2018-07-23 23:00:00,1182,664.1198547090393,LOW
2018-07-24 00:00:00,638,407.3443370555879,LOW
2018-07-24 01:00:00,391,301.5298705529881,LOW
2018-07-24 02:00:00,297,373.7329242599316,LOW
2018-07-24 03:00:00,390,846.8790183484739,LOW
2018-07-24 04:00:00,891,2782.2206183080516,MEDIUM
2018-07-24 05:00:00,3184,5304.281138369241,HIGH
2018-07-24 06:00:00,5782,6138.712928868295,HIGH
2018-07-24 07:00:00,6409,5868.3169200029815,HIGH
2018-07-24 08:00:00,5658,5044.69282789932,HIGH
2018-07-24 09:00:00,4984,4450.272602130499,MEDIUM
2018-07-24 10:00:00,4386,4579.525523873191,HIGH
2018-07-24 11:00:00,4634,4834.426678900955,HIGH
2018-07-24 12:00:00,4805,4876.408566873789,HIGH
2018-07-24 13:00:00,4664,5023.42881136865,HIGH
2018-07-24 14:00:00,4944,5339.037163724641,HIGH
2018-07-24 15:00:00,5699,6408.349576653005,HIGH
2018-07-24 16:00:00,6558,6055.250567466474,HIGH
2018-07-24 17:00:00,5636,4299.996788182416,MEDIUM
2018-07-24 18:00:00,4430,3369.1992567510583,MEDIUM
2018-07-24 19:00:00,3371,3000.4516331273353,MEDIUM
2018-07-24 20:00:00,3266,3000.432972638836,MEDIUM
2018-07-24 21:00:00,2727,2158.625687184302,MEDIUM
2018-07-24 22:00:00,2178,1378.0244090086894,LOW
2018-07-24 23:00:00,1269,706.3904445908472,LOW
2018-07-25 00:00:00,664,429.97018387743447,LOW
2018-07-25 01:00:00,388,302.0755699688669,LOW
2018-07-25 02:00:00,290,369.8260614576551,LOW
2018-07-25 03:00:00,372,835.6258959009908,LOW
2018-07-25 04:00:00,955,2778.9573734177266,MEDIUM
2018-07-25 05:00:00,3121,5657.450242087747,HIGH
2018-07-25 06:00:00,5926,6243.238980508269,HIGH
2018-07-25 07:00:00,6595,6099.46051243372,HIGH
2018-07-25 08:00:00,5651,5194.196291269915,HIGH
2018-07-25 09:00:00,4974,4622.43411803957,HIGH
2018-07-25 09:00:00,4974,4622.43411803957,HIGH
2018-07-25 10:00:00,4545,4752.109485566523,HIGH
2018-07-25 11:00:00,4879,5120.850096268272,HIGH
2018-07-25 12:00:00,4799,4870.562098380485,HIGH
2018-07-25 13:00:00,4860,5192.04199014153,HIGH
2018-07-25 14:00:00,5032,5493.0498408856665,HIGH
2018-07-25 15:00:00,5826,6488.271188283321,HIGH
2018-07-25 15:00:00,5826,6488.271188283321,HIGH
2018-07-25 16:00:00,6668,6193.828801616391,HIGH
2018-07-25 16:00:00,6668,6193.828801616391,HIGH
2018-07-25 17:00:00,6108,4454.6887162230605,MEDIUM
2018-07-25 18:00:00,4459,3504.868603260497,MEDIUM
2018-07-25 19:00:00,3473,3144.5111409870406,MEDIUM
2018-07-25 20:00:00,3053,2738.800374870708,MEDIUM
2018-07-25 21:00:00,3072,2367.5130167288958,MEDIUM
2018-07-25 22:00:00,2422,1434.2439868605697,LOW
2018-07-25 23:00:00,1922,1117.7986228859447,LOW
2018-07-26 00:00:00,750,464.9249723600597,LOW
2018-07-26 01:00:00,411,307.3493346084729,LOW
2018-07-26 02:00:00,306,384.39805196885465,LOW
2018-07-26 03:00:00,409,911.8543023662467,LOW
2018-07-26 04:00:00,911,2311.898485671664,MEDIUM
2018-07-26 05:00:00,3147,5649.125187698578,HIGH
2018-07-26 06:00:00,5813,6191.487492087298,HIGH
2018-07-26 07:00:00,6299,5858.979850497235,HIGH
2018-07-26 08:00:00,5866,5178.820801545913,HIGH
2018-07-26 09:00:00,4925,4603.167675542648,HIGH
2018-07-26 10:00:00,4390,4570.226775100342,HIGH
2018-07-26 11:00:00,4654,4866.670523073462,HIGH
2018-07-26 12:00:00,4806,4879.114464594433,HIGH
2018-07-26 13:00:00,5029,5308.4852422028525,HIGH
2018-07-26 14:00:00,5264,5701.899225017853,HIGH
2018-07-26 14:00:00,5264,5701.899225017853,HIGH
2018-07-26 14:00:00,5264,5701.899225017853,HIGH
2018-07-26 15:00:00,5752,6381.8239437615375,HIGH
2018-07-26 16:00:00,6566,6168.4653481339765,HIGH
2018-07-26 17:00:00,5905,4595.907248832735,HIGH
2018-07-26 18:00:00,4555,3731.767555309204,MEDIUM
2018-07-26 19:00:00,3707,3264.461963528798,MEDIUM
2018-07-26 20:00:00,3154,3081.645416374576,MEDIUM
2018-07-26 21:00:00,3206,2534.4532536190563,MEDIUM
2018-07-26 22:00:00,2959,1930.4807695763488,LOW
2018-07-26 23:00:00,1412,1044.2391644406366,LOW
2018-07-27 00:00:00,774,474.0794417810632,LOW
2018-07-27 01:00:00,456,343.02339014187714,LOW
2018-07-27 02:00:00,344,397.0154060973003,LOW
2018-07-27 03:00:00,390,809.4770629002954,LOW
2018-07-27 04:00:00,836,2721.2278643976447,MEDIUM
2018-07-27 05:00:00,2945,5575.023211780348,HIGH
2018-07-27 06:00:00,5353,5919.151856955478,HIGH
2018-07-27 07:00:00,5950,5397.164825869458,HIGH
2018-07-27 08:00:00,5232,4729.226084125811,HIGH
2018-07-27 09:00:00,4674,4552.9818520192675,HIGH
2018-07-27 10:00:00,4571,4869.872988665086,HIGH
2018-07-27 11:00:00,4813,5110.04952781288,HIGH
2018-07-27 12:00:00,5121,5099.221576952052,HIGH
2018-07-27 13:00:00,5228,5523.072272028041,HIGH
2018-07-27 14:00:00,5400,5806.633508678092,HIGH
2018-07-27 15:00:00,5795,6046.517175254833,HIGH
2018-07-27 16:00:00,6254,5780.5346342507855,HIGH
2018-07-27 17:00:00,5160,4428.682348556192,MEDIUM
2018-07-27 18:00:00,4303,3580.0598567808443,MEDIUM
2018-07-27 19:00:00,3506,3172.944989165042,MEDIUM
2018-07-27 20:00:00,3184,3164.941753621146,MEDIUM
2018-07-27 21:00:00,3191,2865.2892201323107,MEDIUM
2018-07-27 22:00:00,3112,2191.432825684102,MEDIUM
2018-07-27 23:00:00,2048,1324.9967755531286,LOW
2018-07-28 00:00:00,1225,800.1718346960405,LOW
2018-07-28 01:00:00,871,658.4095662043567,LOW
2018-07-28 02:00:00,581,427.2757609582659,LOW
2018-07-28 03:00:00,384,407.62199047661835,LOW
2018-07-28 04:00:00,451,845.8449066837809,LOW
2018-07-28 05:00:00,902,1425.6009212393274,LOW
2018-07-28 06:00:00,1530,1981.5067564457659,LOW
2018-07-28 07:00:00,1974,2808.8671018291193,MEDIUM
2018-07-28 08:00:00,2713,3467.5981367761856,MEDIUM
2018-07-28 09:00:00,3457,3901.7638478131494,MEDIUM
2018-07-28 10:00:00,3639,3995.143767858037,MEDIUM
2018-07-28 11:00:00,4009,4246.005580780773,MEDIUM
2018-07-28 12:00:00,4158,4224.483581591947,MEDIUM
2018-07-28 13:00:00,4229,4269.235757806346,MEDIUM
2018-07-28 14:00:00,4175,4245.979237104776,MEDIUM
2018-07-28 15:00:00,3948,3949.709044382415,MEDIUM
2018-07-28 16:00:00,3974,3803.8723198400367,MEDIUM
2018-07-28 17:00:00,4007,3850.0676237128873,MEDIUM
2018-07-28 18:00:00,3657,3433.1008432350586,MEDIUM
2018-07-28 19:00:00,3247,2929.517781900427,MEDIUM
2018-07-28 20:00:00,2937,2976.2238534056482,MEDIUM
2018-07-28 20:00:00,2937,2976.2238534056482,MEDIUM
2018-07-28 21:00:00,3001,2851.313230444452,MEDIUM
2018-07-28 22:00:00,3005,2340.697163318919,MEDIUM
2018-07-28 23:00:00,1968,1273.2330619077884,LOW
2018-07-29 00:00:00,1487,885.9888176903785,LOW
2018-07-29 01:00:00,924,687.586806011662,LOW
2018-07-29 02:00:00,869,520.0381013814617,LOW
2018-07-29 03:00:00,546,503.69137301587295,LOW
2018-07-29 04:00:00,378,616.9857782240364,LOW
2018-07-29 05:00:00,657,1241.7934752026258,LOW
2018-07-29 06:00:00,1210,1784.3188690230327,LOW
2018-07-29 07:00:00,1286,1818.5112907300831,LOW
2018-07-29 07:00:00,1286,1818.5112907300831,LOW
2018-07-29 08:00:00,1866,2624.4201814916055,MEDIUM
2018-07-29 08:00:00,1866,2624.4201814916055,MEDIUM
2018-07-29 09:00:00,2855,3590.3223133285296,MEDIUM
2018-07-29 10:00:00,3500,4012.8028214364754,MEDIUM
2018-07-29 11:00:00,3824,4187.751217085862,MEDIUM
2018-07-29 12:00:00,4016,4039.488865942023,MEDIUM
2018-07-29 13:00:00,4489,4475.937487066961,MEDIUM
2018-07-29 14:00:00,4435,4424.032439539466,MEDIUM
2018-07-29 15:00:00,4412,4433.188630701619,MEDIUM
2018-07-29 15:00:00,4412,4433.188630701619,MEDIUM
2018-07-29 16:00:00,4485,4397.278977478387,MEDIUM
2018-07-29 16:00:00,4485,4397.278977478387,MEDIUM
2018-07-29 16:00:00,4485,4397.278977478387,MEDIUM
2018-07-29 17:00:00,4146,3948.0538313579746,MEDIUM
2018-07-29 17:00:00,4146,3948.0538313579746,MEDIUM
2018-07-29 18:00:00,3947,3498.5293447504705,MEDIUM
2018-07-29 19:00:00,3604,3206.1339615621814,MEDIUM
2018-07-29 20:00:00,3344,2851.8492511209315,MEDIUM
2018-07-29 21:00:00,2794,2222.2392296189923,MEDIUM
2018-07-29 22:00:00,2084,1442.9502071388522,LOW
2018-07-29 23:00:00,1224,693.8215404620651,LOW
2018-07-30 00:00:00,640,417.82570944953795,LOW
2018-07-30 01:00:00,384,301.9835689936606,LOW
2018-07-30 02:00:00,317,363.46169887774727,LOW
2018-07-30 03:00:00,333,764.0682981060477,LOW
2018-07-30 04:00:00,915,2757.497189049655,MEDIUM
2018-07-30 05:00:00,3051,5510.311474372068,HIGH
2018-07-30 06:00:00,5560,6077.988353745913,HIGH
2018-07-30 07:00:00,6313,5881.176365488359,HIGH
2018-07-30 07:00:00,6313,5881.176365488359,HIGH
2018-07-30 08:00:00,5427,4755.605464278881,HIGH
2018-07-30 09:00:00,4638,4304.121121967466,MEDIUM
2018-07-30 10:00:00,4233,4421.227145054371,MEDIUM
2018-07-30 11:00:00,4491,4689.2177591504615,HIGH
2018-07-30 12:00:00,4522,4719.763546164943,HIGH
2018-07-30 13:00:00,4625,5003.274710300989,HIGH
2018-07-30 14:00:00,4808,5148.350310615374,HIGH
2018-07-30 15:00:00,5483,6276.731856846649,HIGH
2018-07-30 16:00:00,5632,5175.660670191803,HIGH
2018-07-30 17:00:00,5590,4164.65129956331,MEDIUM
2018-07-30 18:00:00,4288,3283.679592143243,MEDIUM
2018-07-30 19:00:00,3190,2820.4693871837803,MEDIUM
2018-07-30 20:00:00,2911,2647.885545472453,MEDIUM
2018-07-30 21:00:00,2431,1831.0218267138093,LOW
2018-07-30 22:00:00,1742,1112.4598205526893,LOW
2018-07-30 23:00:00,1116,677.2738774953832,LOW
2018-07-31 00:00:00,625,410.7475991151178,LOW
2018-07-31 01:00:00,368,307.3009376694489,LOW
2018-07-31 02:00:00,299,375.5823932338673,LOW
2018-07-31 03:00:00,352,948.4801902131729,LOW
2018-07-31 04:00:00,819,2755.629294836617,MEDIUM
2018-07-31 05:00:00,2764,5073.7332052529055,HIGH
2018-07-31 06:00:00,4240,4482.5959169223825,MEDIUM
2018-07-31 07:00:00,5655,5437.7365798198325,HIGH
2018-07-31 08:00:00,5960,5167.634432371694,HIGH
2018-07-31 09:00:00,4925,4453.532528034977,MEDIUM
2018-07-31 10:00:00,4455,4664.065885051755,HIGH
2018-07-31 11:00:00,4727,4918.471864532695,HIGH
2018-07-31 12:00:00,4998,5034.236726582061,HIGH
2018-07-31 13:00:00,4875,5156.976423271239,HIGH
2018-07-31 14:00:00,4922,5351.239027448456,HIGH
2018-07-31 15:00:00,5722,6444.017907745468,HIGH
2018-07-31 16:00:00,6357,5948.6957565390285,HIGH
2018-07-31 17:00:00,5912,4455.111355498447,MEDIUM
2018-07-31 18:00:00,4740,3527.3965311828388,MEDIUM
2018-07-31 19:00:00,3288,2923.575060764467,MEDIUM
2018-07-31 20:00:00,3076,2829.8533397780243,MEDIUM
2018-07-31 21:00:00,2686,2169.8966921163583,MEDIUM
2018-07-31 22:00:00,2152,1309.9040819223906,LOW
2018-07-31 23:00:00,1263,705.71657201638,LOW
2018-08-01 00:00:00,662,439.618755598916,LOW
2018-08-01 01:00:00,398,331.4486257995416,LOW
2018-08-01 02:00:00,352,401.00932731914435,LOW
2018-08-01 03:00:00,409,826.1642161343493,LOW
2018-08-01 04:00:00,908,2782.8874980857754,MEDIUM
2018-08-01 05:00:00,3063,5420.107656283715,HIGH
2018-08-01 05:00:00,3063,5420.107656283715,HIGH
2018-08-01 06:00:00,5431,5760.155882181495,HIGH
2018-08-01 06:00:00,5431,5760.155882181495,HIGH
2018-08-01 07:00:00,5853,5491.998405467883,HIGH
2018-08-01 07:00:00,5853,5491.998405467883,HIGH
2018-08-01 08:00:00,5873,5406.645556140073,HIGH
2018-08-01 09:00:00,5068,4697.711811448505,HIGH
2018-08-01 09:00:00,5068,4697.711811448505,HIGH
2018-08-01 10:00:00,4665,4882.586186797951,HIGH
2018-08-01 11:00:00,4986,5215.13742746355,HIGH
2018-08-01 12:00:00,5141,5250.937120439665,HIGH
2018-08-01 13:00:00,4874,5163.340878748672,HIGH
2018-08-01 14:00:00,5044,5510.451513652565,HIGH
2018-08-01 15:00:00,5655,6276.510964446015,HIGH
2018-08-01 15:00:00,5655,6276.510964446015,HIGH
2018-08-01 16:00:00,6455,6131.746348767521,HIGH
2018-08-01 17:00:00,5773,5098.62995431057,HIGH
2018-08-01 18:00:00,4500,3791.092312266175,MEDIUM
2018-08-01 19:00:00,3389,3060.317515047649,MEDIUM
2018-08-01 20:00:00,2992,2607.0652196582705,MEDIUM
2018-08-01 21:00:00,2559,1789.552110739183,LOW
2018-08-01 22:00:00,2344,1682.1666136773838,LOW
2018-08-01 23:00:00,1320,716.9769623885775,LOW
2018-08-02 00:00:00,709,480.96202675714574,LOW
2018-08-02 01:00:00,413,317.80903213165425,LOW
2018-08-02 02:00:00,324,366.9925900662386,LOW
2018-08-02 03:00:00,403,822.5665477282602,LOW
2018-08-02 04:00:00,887,2656.064308549755,MEDIUM
2018-08-02 05:00:00,3091,5045.550351857287,HIGH
2018-08-02 06:00:00,5589,5999.321033563096,HIGH
2018-08-02 07:00:00,6435,5893.684755999904,HIGH
2018-08-02 08:00:00,5736,5281.9112770962865,HIGH
2018-08-02 09:00:00,4976,4645.492955724166,HIGH
2018-08-02 10:00:00,4388,4563.273394816413,HIGH
2018-08-02 11:00:00,4652,4860.677240114729,HIGH
2018-08-02 12:00:00,4977,4982.767796861001,HIGH
2018-08-02 13:00:00,4931,5209.396169256001,HIGH
2018-08-02 14:00:00,5104,5545.591226659138,HIGH
2018-08-02 15:00:00,5707,6188.820622595005,HIGH
2018-08-02 16:00:00,6303,5950.320870145055,HIGH
2018-08-02 17:00:00,5783,4503.486380563886,MEDIUM
2018-08-02 18:00:00,4569,3622.226543247172,MEDIUM
2018-08-02 19:00:00,3570,3208.4397769885977,MEDIUM
2018-08-02 20:00:00,3103,3059.769415625521,MEDIUM
2018-08-02 21:00:00,3023,2259.8888475664403,MEDIUM
2018-08-02 22:00:00,2303,1579.5023814814867,LOW
2018-08-02 23:00:00,1379,767.7947741702685,LOW
2018-08-03 00:00:00,778,454.7401318363616,LOW
2018-08-03 01:00:00,435,332.136812679716,LOW
2018-08-03 02:00:00,371,412.4579045954065,LOW
2018-08-03 03:00:00,398,815.4956402613406,LOW
2018-08-03 04:00:00,853,2700.9407434569125,MEDIUM
2018-08-03 05:00:00,2900,5563.889826758225,HIGH
2018-08-03 06:00:00,5265,5914.202007743226,HIGH
2018-08-03 07:00:00,5783,5363.591122272358,HIGH
2018-08-03 08:00:00,5213,4790.262485656601,HIGH
2018-08-03 09:00:00,4577,4375.667430221181,MEDIUM
2018-08-03 10:00:00,4384,4607.4374425183305,HIGH
2018-08-03 10:00:00,4384,4607.4374425183305,HIGH
2018-08-03 11:00:00,4820,5065.636580145827,HIGH
2018-08-03 11:00:00,4820,5065.636580145827,HIGH
2018-08-03 11:00:00,4820,5065.636580145827,HIGH
2018-08-03 12:00:00,5073,5086.719452921353,HIGH
2018-08-03 13:00:00,5067,5342.2833692384265,HIGH
2018-08-03 14:00:00,5456,5766.464773450759,HIGH
2018-08-03 15:00:00,5646,5955.068084191619,HIGH
2018-08-03 16:00:00,5888,5338.684364590639,HIGH
2018-08-03 17:00:00,5135,4478.009260312292,MEDIUM
2018-08-03 18:00:00,4753,3740.0734794797177,MEDIUM
2018-08-03 19:00:00,3767,3321.4639321134428,MEDIUM
2018-08-03 20:00:00,3461,3194.3905817415925,MEDIUM
2018-08-03 21:00:00,2632,2467.8151630035413,MEDIUM
2018-08-03 21:00:00,2632,2467.8151630035413,MEDIUM
2018-08-03 21:00:00,2632,2467.8151630035413,MEDIUM
2018-08-03 22:00:00,2594,2182.7939959313703,MEDIUM
2018-08-03 22:00:00,2594,2182.7939959313703,MEDIUM
2018-08-03 22:00:00,2594,2182.7939959313703,MEDIUM
2018-08-03 23:00:00,1833,1253.837912212728,LOW
2018-08-03 23:00:00,1833,1253.837912212728,LOW
2018-08-04 00:00:00,1078,720.1872032371294,LOW
2018-08-04 00:00:00,1078,720.1872032371294,LOW
2018-08-04 01:00:00,668,562.3102597578821,LOW
2018-08-04 01:00:00,668,562.3102597578821,LOW
2018-08-04 02:00:00,519,429.0121871648349,LOW
2018-08-04 03:00:00,362,387.8040595238095,LOW
2018-08-04 04:00:00,423,818.3637162124159,LOW
2018-08-04 05:00:00,850,1262.1743216061186,LOW
2018-08-04 06:00:00,1427,1883.516198778586,LOW
2018-08-04 06:00:00,1427,1883.516198778586,LOW
2018-08-04 07:00:00,1817,2456.6476368796207,MEDIUM
2018-08-04 08:00:00,2559,3256.799631936028,MEDIUM
2018-08-04 08:00:00,2559,3256.799631936028,MEDIUM
2018-08-04 09:00:00,3477,4037.786549437794,MEDIUM
2018-08-04 10:00:00,3962,4223.102861266496,MEDIUM
2018-08-04 11:00:00,4236,4453.245109874282,MEDIUM
2018-08-04 11:00:00,4236,4453.245109874282,MEDIUM
2018-08-04 12:00:00,4263,4289.994894450337,MEDIUM
2018-08-04 12:00:00,4263,4289.994894450337,MEDIUM
2018-08-04 13:00:00,4552,4489.510811586991,MEDIUM
2018-08-04 13:00:00,4552,4489.510811586991,MEDIUM
2018-08-04 13:00:00,4552,4489.510811586991,MEDIUM
2018-08-04 14:00:00,4379,4375.716333666665,MEDIUM
2018-08-04 14:00:00,4379,4375.716333666665,MEDIUM
2018-08-04 15:00:00,4493,4467.6248158745575,MEDIUM
2018-08-04 16:00:00,4300,4213.660352597232,MEDIUM
2018-08-04 17:00:00,4602,4272.944223121073,MEDIUM
2018-08-04 18:00:00,4087,3616.715748498384,MEDIUM
2018-08-04 19:00:00,3237,2891.048679403256,MEDIUM
2018-08-04 20:00:00,2962,2937.018319734439,MEDIUM
2018-08-04 21:00:00,2938,2768.1745697098318,MEDIUM
2018-08-04 22:00:00,2573,2213.330456592426,MEDIUM
2018-08-04 23:00:00,2015,1303.9839068694112,LOW
2018-08-05 00:00:00,1323,864.1059467665625,LOW
2018-08-05 01:00:00,812,608.4440186361319,LOW
2018-08-05 02:00:00,689,447.4744287569829,LOW
2018-08-05 03:00:00,396,366.02277073603295,LOW
2018-08-05 04:00:00,356,1626.561398358363,LOW
2018-08-05 04:00:00,356,1626.561398358363,LOW
2018-08-05 05:00:00,504,854.7307430880697,LOW
2018-08-05 06:00:00,962,1296.724389769772,LOW
2018-08-05 06:00:00,962,1296.724389769772,LOW
2018-08-05 07:00:00,1210,1780.0474743844156,LOW
2018-08-05 08:00:00,1903,2689.303521888445,MEDIUM
2018-08-05 09:00:00,3030,3668.78566103575,MEDIUM
2018-08-05 10:00:00,3735,4110.900088783812,MEDIUM
2018-08-05 11:00:00,4072,4351.596562402472,MEDIUM
2018-08-05 12:00:00,4454,4453.959368345883,MEDIUM
2018-08-05 13:00:00,4507,4488.070194987379,MEDIUM
2018-08-05 14:00:00,4396,4376.044672720981,MEDIUM
2018-08-05 15:00:00,4595,4526.477276511266,MEDIUM
2018-08-05 16:00:00,4875,4546.61868462767,HIGH
2018-08-05 17:00:00,4555,4236.62261621596,MEDIUM
2018-08-05 18:00:00,4229,3561.812866834855,MEDIUM
2018-08-05 19:00:00,3684,3273.6233177761223,MEDIUM
2018-08-05 20:00:00,3316,2847.192068000019,MEDIUM
2018-08-05 21:00:00,2735,2304.579090358764,MEDIUM
2018-08-05 22:00:00,2109,1475.9678929255688,LOW
2018-08-05 23:00:00,1560,972.9622861432903,LOW
2018-08-06 00:00:00,703,461.6942095549553,LOW
2018-08-06 01:00:00,421,308.9713891891334,LOW
2018-08-06 02:00:00,327,360.61081004401854,LOW
2018-08-06 03:00:00,375,865.9630608704252,LOW
2018-08-06 03:00:00,375,865.9630608704252,LOW
2018-08-06 04:00:00,890,2776.0555021959567,MEDIUM
2018-08-06 04:00:00,890,2776.0555021959567,MEDIUM
2018-08-06 05:00:00,3047,5018.95175855434,HIGH
2018-08-06 05:00:00,3047,5018.95175855434,HIGH
2018-08-06 06:00:00,5580,6151.326193924777,HIGH
2018-08-06 06:00:00,5580,6151.326193924777,HIGH
2018-08-06 07:00:00,6280,5849.540928270864,HIGH
2018-08-06 07:00:00,6280,5849.540928270864,HIGH
2018-08-06 08:00:00,5582,4681.719245587685,HIGH
2018-08-06 08:00:00,5582,4681.719245587685,HIGH
2018-08-06 09:00:00,4694,4257.741538988879,MEDIUM
2018-08-06 09:00:00,4694,4257.741538988879,MEDIUM
2018-08-06 10:00:00,4357,4566.006639331666,HIGH
2018-08-06 11:00:00,4432,4625.476176326368,HIGH
2018-08-06 12:00:00,4606,4706.116152227993,HIGH
2018-08-06 13:00:00,4669,5041.19692617103,HIGH
2018-08-06 14:00:00,4814,5192.778571646866,HIGH
2018-08-06 15:00:00,5395,6056.28602617216,HIGH
2018-08-06 16:00:00,6651,6191.015495090065,HIGH
2018-08-06 17:00:00,5590,4140.395561282669,MEDIUM
2018-08-06 18:00:00,4308,3207.6821888677737,MEDIUM
2018-08-06 19:00:00,3314,2862.262613865139,MEDIUM
2018-08-06 20:00:00,2795,2539.939497542323,MEDIUM
2018-08-06 21:00:00,2330,1865.1433780212503,LOW
2018-08-06 22:00:00,1723,1194.4441808595202,LOW
2018-08-06 23:00:00,1148,653.4220774837618,LOW
2018-08-07 00:00:00,606,415.087705161672,LOW
2018-08-07 01:00:00,376,296.4944119942834,LOW
2018-08-07 02:00:00,288,364.6973608263738,LOW
2018-08-07 03:00:00,362,948.7761501832539,LOW
2018-08-07 04:00:00,912,2774.1903621885413,MEDIUM
2018-08-07 05:00:00,3153,5651.343586294986,HIGH
2018-08-07 06:00:00,5814,6118.881064245023,HIGH
2018-08-07 06:00:00,5814,6118.881064245023,HIGH
2018-08-07 10:00:00,4416,4634.198065899605,HIGH
2018-08-07 11:00:00,4515,4683.9903247654265,HIGH
2018-08-07 11:00:00,4515,4683.9903247654265,HIGH
2018-08-07 12:00:00,4940,4988.051962589004,HIGH
2018-08-07 12:00:00,4940,4988.051962589004,HIGH
2018-08-07 13:00:00,4726,5047.909209622766,HIGH
2018-08-07 13:00:00,4726,5047.909209622766,HIGH
2018-08-07 13:00:00,4726,5047.909209622766,HIGH
2018-08-07 14:00:00,5040,5531.598960363438,HIGH
2018-08-07 14:00:00,5040,5531.598960363438,HIGH
2018-08-07 15:00:00,5555,6258.834900724628,HIGH
2018-08-07 15:00:00,5555,6258.834900724628,HIGH
2018-08-07 16:00:00,6471,6103.3168756477335,HIGH
2018-08-07 17:00:00,5656,4403.07421711169,MEDIUM
2018-08-07 18:00:00,4121,3195.1573736706655,MEDIUM
2018-08-07 19:00:00,3272,2936.953376256728,MEDIUM
2018-08-07 20:00:00,2888,2686.298384039373,MEDIUM
2018-08-07 21:00:00,2532,1886.027422948145,LOW
2018-08-07 22:00:00,1771,1135.3907360759442,LOW
2018-08-07 23:00:00,1168,662.5425318219682,LOW
2018-08-08 00:00:00,643,664.2023867877069,LOW
2018-08-08 01:00:00,393,302.6749004160664,LOW
2018-08-08 02:00:00,295,366.23769699994443,LOW
2018-08-08 02:00:00,295,366.23769699994443,LOW
2018-08-08 03:00:00,374,1243.4801114411225,LOW
2018-08-08 04:00:00,912,2779.604551547027,MEDIUM
2018-08-08 04:00:00,912,2779.604551547027,MEDIUM
2018-08-08 05:00:00,3119,5377.067707321782,HIGH
2018-08-08 06:00:00,5730,6124.820786409978,HIGH
2018-08-08 07:00:00,6430,5858.9068984967735,HIGH
2018-08-08 08:00:00,5864,5170.44645835833,HIGH
2018-08-08 09:00:00,4902,4486.263608841967,MEDIUM
2018-08-08 10:00:00,4610,4854.432259962953,HIGH
2018-08-08 11:00:00,4838,5148.449312297299,HIGH
2018-08-08 12:00:00,5004,5015.028711679182,HIGH
2018-08-08 13:00:00,4741,5058.792045173686,HIGH
2018-08-08 14:00:00,5128,5589.345622814062,HIGH
2018-08-08 15:00:00,5798,6462.041022326094,HIGH
2018-08-08 16:00:00,6652,6078.328271435387,HIGH
2018-08-08 17:00:00,6043,4656.272553096196,HIGH
2018-08-08 18:00:00,4806,3532.6365328529005,MEDIUM
2018-08-08 19:00:00,3655,3207.5827884689684,MEDIUM
2018-08-08 20:00:00,3130,2919.396442872088,MEDIUM
2018-08-08 21:00:00,3267,2408.9344160396195,MEDIUM
2018-08-08 22:00:00,2711,1893.644054350461,LOW
2018-08-08 23:00:00,1478,793.6139230543004,LOW
2018-08-09 00:00:00,801,524.7828349682609,LOW
2018-08-09 01:00:00,482,366.11506151222835,LOW
2018-08-09 02:00:00,336,377.71170071283314,LOW
2018-08-09 02:00:00,336,377.71170071283314,LOW
2018-08-09 03:00:00,379,1152.347322934351,LOW
2018-08-09 03:00:00,379,1152.347322934351,LOW
2018-08-09 04:00:00,936,2409.249318339483,MEDIUM
2018-08-09 04:00:00,936,2409.249318339483,MEDIUM
2018-08-09 05:00:00,3022,4355.169618613335,MEDIUM
2018-08-09 05:00:00,3022,4355.169618613335,MEDIUM
2018-08-09 06:00:00,5423,5977.9207846169475,HIGH
2018-08-09 06:00:00,5423,5977.9207846169475,HIGH
2018-08-09 07:00:00,6313,5900.790060962325,HIGH
2018-08-09 07:00:00,6313,5900.790060962325,HIGH
2018-08-09 08:00:00,5908,5189.762646963725,HIGH
2018-08-09 08:00:00,5908,5189.762646963725,HIGH
2018-08-09 09:00:00,4788,4421.124389974208,MEDIUM
2018-08-09 10:00:00,4517,4737.04084556787,HIGH
2018-08-09 11:00:00,4675,4906.271012980109,HIGH
2018-08-09 12:00:00,4927,4970.027382795502,HIGH
2018-08-09 13:00:00,4990,5327.667968656406,HIGH
2018-08-09 14:00:00,5155,5602.861103022875,HIGH
2018-08-09 15:00:00,5654,6141.418459273763,HIGH
2018-08-09 16:00:00,6532,6106.605352511095,HIGH
2018-08-09 17:00:00,5871,4548.054125530738,HIGH
2018-08-09 18:00:00,4426,3569.8046814326435,MEDIUM
2018-08-09 19:00:00,3530,3176.793942902693,MEDIUM
2018-08-09 20:00:00,3290,3159.5349571728016,MEDIUM
2018-08-09 21:00:00,3176,2473.4319970979086,MEDIUM
2018-08-09 22:00:00,2420,1441.573366674199,LOW
2018-08-09 23:00:00,1406,798.0156924183204,LOW
2018-08-10 00:00:00,731,513.9335346979556,LOW
2018-08-10 01:00:00,471,462.26859667621056,LOW
2018-08-10 02:00:00,374,430.4707658285897,LOW
2018-08-10 03:00:00,404,866.3717674368173,LOW
2018-08-10 04:00:00,818,2784.14208417589,MEDIUM
2018-08-10 05:00:00,2854,5382.727136066631,HIGH
2018-08-10 05:00:00,2854,5382.727136066631,HIGH
2018-08-10 06:00:00,5227,5935.854078878007,HIGH
2018-08-10 07:00:00,5950,5448.0481298000295,HIGH
2018-08-10 08:00:00,5211,4728.437229968986,HIGH
2018-08-10 09:00:00,4584,4403.836610989456,MEDIUM
2018-08-10 10:00:00,4512,4703.193395919905,HIGH
2018-08-10 11:00:00,4796,5087.8002833421615,HIGH
2018-08-10 12:00:00,4941,4886.2694283364135,HIGH
2018-08-10 13:00:00,5053,5413.824931816554,HIGH
2018-08-10 14:00:00,5367,5762.062185363801,HIGH
2018-08-10 15:00:00,5684,5974.2103734960365,HIGH
2018-08-10 16:00:00,5868,5119.388088524163,HIGH
2018-08-10 17:00:00,5309,4591.631570298794,HIGH
2018-08-10 18:00:00,4616,3746.652669082807,MEDIUM
2018-08-10 19:00:00,3713,3231.4529753784864,MEDIUM
2018-08-10 20:00:00,3344,3132.0638582886813,MEDIUM
2018-08-10 21:00:00,3374,3024.223619716136,MEDIUM
2018-08-10 22:00:00,3117,2180.913904912657,MEDIUM
2018-08-10 23:00:00,2271,1877.658912886348,LOW
2018-08-11 00:00:00,1412,937.9450652586856,LOW
2018-08-11 01:00:00,831,609.6278727176758,LOW
2018-08-11 02:00:00,665,456.1305923933571,LOW
2018-08-11 03:00:00,423,529.8086011843748,LOW
2018-08-11 03:00:00,423,529.8086011843748,LOW
2018-08-11 04:00:00,459,834.0621478534289,LOW
2018-08-11 05:00:00,876,1553.1163158574811,LOW
2018-08-11 05:00:00,876,1553.1163158574811,LOW
2018-08-11 05:00:00,876,1553.1163158574811,LOW
2018-08-11 06:00:00,1560,2266.5886203769087,MEDIUM
2018-08-11 07:00:00,2004,2794.251179638133,MEDIUM
2018-08-11 07:00:00,2004,2794.251179638133,MEDIUM
2018-08-11 08:00:00,2806,3574.7853801630567,MEDIUM
2018-08-11 09:00:00,3514,3966.2814483522147,MEDIUM
2018-08-11 10:00:00,3971,4219.131093617497,MEDIUM
2018-08-11 11:00:00,4198,4560.274672822333,HIGH
2018-08-11 12:00:00,4310,4405.052973909876,MEDIUM
2018-08-11 13:00:00,4262,4336.317634784948,MEDIUM
2018-08-11 14:00:00,4280,4326.945296823731,MEDIUM
2018-08-11 15:00:00,4188,4209.061948195099,MEDIUM
2018-08-11 16:00:00,4305,4191.693815839864,MEDIUM
2018-08-11 17:00:00,4134,3994.304946516021,MEDIUM
2018-08-11 18:00:00,3920,3464.661902231337,MEDIUM
2018-08-11 19:00:00,3567,3226.4289782097276,MEDIUM
2018-08-11 20:00:00,3362,3152.3752085530987,MEDIUM
2018-08-11 21:00:00,3378,3134.167654210691,MEDIUM
2018-08-11 22:00:00,3167,2475.1383522495635,MEDIUM
2018-08-11 23:00:00,2511,1741.391711686748,LOW
2018-08-11 23:00:00,2511,1741.391711686748,LOW
2018-08-12 00:00:00,1406,919.9727954276453,LOW
2018-08-12 01:00:00,868,655.8857838499075,LOW
2018-08-12 01:00:00,868,655.8857838499075,LOW
2018-08-12 02:00:00,678,453.04442166234026,LOW
2018-08-12 03:00:00,392,361.12878649611275,LOW
2018-08-12 03:00:00,392,361.12878649611275,LOW
2018-08-12 04:00:00,365,714.0281773630788,LOW
2018-08-12 04:00:00,365,714.0281773630788,LOW
2018-08-12 05:00:00,529,877.0896341795695,LOW
2018-08-12 06:00:00,984,1382.2601125128872,LOW
2018-08-12 06:00:00,984,1382.2601125128872,LOW
2018-08-12 07:00:00,1196,1690.4921978540347,LOW
2018-08-12 07:00:00,1196,1690.4921978540347,LOW
2018-08-12 08:00:00,1850,2579.3348515374664,MEDIUM
2018-08-12 08:00:00,1850,2579.3348515374664,MEDIUM
2018-08-12 09:00:00,2713,3482.2540460356304,MEDIUM
2018-08-12 09:00:00,2713,3482.2540460356304,MEDIUM
2018-08-12 10:00:00,3534,4012.531788208019,MEDIUM
2018-08-12 11:00:00,3856,4172.0387563232025,MEDIUM
2018-08-12 12:00:00,4037,4109.982847610656,MEDIUM
2018-08-12 13:00:00,4522,4498.212473421046,MEDIUM
2018-08-12 14:00:00,4468,4459.941473755883,MEDIUM
2018-08-12 15:00:00,4351,4437.473942860058,MEDIUM
2018-08-12 16:00:00,4466,4381.541173514867,MEDIUM
2018-08-12 17:00:00,4313,3876.3878346737247,MEDIUM
2018-08-12 18:00:00,4012,3532.7288331649283,MEDIUM
2018-08-12 19:00:00,3658,3543.365127609697,MEDIUM
2018-08-12 20:00:00,3151,2778.479612891494,MEDIUM
2018-08-12 21:00:00,2708,2176.6561169919746,MEDIUM
2018-08-12 22:00:00,1930,1253.8368999973293,LOW
2018-08-12 23:00:00,1282,715.1025748806211,LOW
2018-08-13 00:00:00,651,460.549949086735,LOW
2018-08-13 01:00:00,434,542.1280913555769,LOW
2018-08-13 02:00:00,355,377.4084984696209,LOW
2018-08-13 03:00:00,348,900.1288760156556,LOW
2018-08-13 04:00:00,924,2768.31696347865,MEDIUM
2018-08-13 05:00:00,3025,5683.032316676623,HIGH
2018-08-13 06:00:00,5546,5970.724107275146,HIGH
2018-08-13 07:00:00,6383,5819.94997446135,HIGH
2018-08-13 08:00:00,5642,4807.8697007374985,HIGH
2018-08-13 09:00:00,4714,4312.252184741059,MEDIUM
2018-08-13 10:00:00,4216,4383.1297019009635,MEDIUM
2018-08-13 11:00:00,4440,4635.6884895025105,HIGH
2018-08-13 12:00:00,4673,4771.423335002717,HIGH
2018-08-13 13:00:00,4494,4888.304521863722,HIGH
2018-08-13 14:00:00,4811,5175.759197442377,HIGH
2018-08-13 15:00:00,5245,5926.437339712684,HIGH
2018-08-13 16:00:00,6163,5460.849397909313,HIGH
2018-08-13 17:00:00,5603,4181.486046639591,MEDIUM
2018-08-13 18:00:00,4077,3174.2211221691437,MEDIUM
2018-08-13 19:00:00,3247,2906.308508911047,MEDIUM
2018-08-13 20:00:00,2835,2542.9220559650344,MEDIUM
2018-08-13 21:00:00,2615,1917.39018447568,LOW
2018-08-13 22:00:00,1823,1267.720854972778,LOW
2018-08-13 23:00:00,1117,694.9027744412056,LOW
2018-08-14 00:00:00,571,382.06082688284937,LOW
2018-08-14 01:00:00,394,313.7398749942577,LOW
2018-08-14 02:00:00,284,581.5464656392836,LOW
2018-08-14 03:00:00,340,791.9101189222814,LOW
2018-08-14 04:00:00,940,2715.7562904499714,MEDIUM
2018-08-14 05:00:00,3184,5541.057536156618,HIGH
2018-08-14 06:00:00,5702,6276.924505358034,HIGH
2018-08-14 07:00:00,6573,6058.218931108604,HIGH
2018-08-14 08:00:00,5841,5208.755664058854,HIGH
2018-08-14 09:00:00,4766,4351.469802182082,MEDIUM
2018-08-14 10:00:00,4478,4650.368165781935,HIGH
2018-08-14 11:00:00,4741,4919.228028386735,HIGH
2018-08-14 12:00:00,4996,5006.499849613604,HIGH
2018-08-14 13:00:00,4832,5148.656429713138,HIGH
2018-08-14 14:00:00,4985,5447.592765885721,HIGH
2018-08-14 15:00:00,5672,6345.836102316304,HIGH
2018-08-14 16:00:00,6373,5962.380262616231,HIGH
2018-08-14 17:00:00,6014,4438.774712914772,MEDIUM
2018-08-14 18:00:00,4525,3522.232617913441,MEDIUM
2018-08-14 19:00:00,3423,2997.130197194934,MEDIUM
2018-08-14 20:00:00,3046,2807.3501000048473,MEDIUM
2018-08-14 21:00:00,2784,2164.424525768839,MEDIUM
2018-08-14 22:00:00,2287,1378.4007950958885,LOW
2018-08-14 23:00:00,2772,1049.2871388888886,LOW
2018-08-15 00:00:00,793,545.327906998342,LOW
2018-08-15 01:00:00,492,362.38525258395924,LOW
2018-08-15 02:00:00,335,378.53428855290963,LOW
2018-08-15 03:00:00,403,900.0350412692917,LOW
2018-08-15 04:00:00,948,2937.4054287307135,MEDIUM
2018-08-15 05:00:00,3181,5384.883467917726,HIGH
2018-08-15 06:00:00,5767,6102.559276789649,HIGH
2018-08-15 07:00:00,6561,6115.3388952537025,HIGH
2018-08-15 08:00:00,5930,5187.376836054134,HIGH
2018-08-15 09:00:00,4672,4336.466096359083,MEDIUM
2018-08-15 10:00:00,4638,4877.834766565941,HIGH
2018-08-15 11:00:00,4979,5227.174210322093,HIGH
2018-08-15 12:00:00,5016,5095.675307050215,HIGH
2018-08-15 13:00:00,4841,5148.083204590602,HIGH
2018-08-15 14:00:00,4968,5385.441614765465,HIGH
2018-08-15 15:00:00,5428,6220.451047051898,HIGH
2018-08-15 16:00:00,5541,5226.457828114194,HIGH
2018-08-15 17:00:00,5920,4601.739365001938,HIGH
2018-08-15 18:00:00,4545,3480.2747660300083,MEDIUM
2018-08-15 19:00:00,3358,2969.2410029975795,MEDIUM
2018-08-15 20:00:00,3133,2900.9279800281056,MEDIUM
2018-08-15 21:00:00,2687,2195.658321594973,MEDIUM
2018-08-15 22:00:00,1742,1169.9145126665758,LOW
2018-08-15 23:00:00,1051,635.9464371782393,LOW
2018-08-16 00:00:00,652,456.65035181837334,LOW
2018-08-16 01:00:00,399,305.09591607769414,LOW
2018-08-16 02:00:00,300,374.25708455177215,LOW
2018-08-16 03:00:00,412,1051.5993100832764,LOW
2018-08-16 04:00:00,977,2703.312138980672,MEDIUM
2018-08-16 05:00:00,3150,5737.526472753505,HIGH
2018-08-16 06:00:00,5386,6003.7125806012555,HIGH
2018-08-16 07:00:00,6494,5995.820198282491,HIGH
2018-08-16 08:00:00,5847,5192.066918657603,HIGH
2018-08-16 09:00:00,4976,4656.6212119821175,HIGH
2018-08-16 10:00:00,4466,4680.16480602743,HIGH
2018-08-16 11:00:00,4574,4821.672242559544,HIGH
2018-08-16 12:00:00,4961,4980.2670092800145,HIGH
2018-08-16 13:00:00,4785,5102.955534089354,HIGH
2018-08-16 14:00:00,4927,5291.490162766032,HIGH
2018-08-16 15:00:00,5729,6355.102495237745,HIGH
2018-08-16 16:00:00,6272,5932.262228774701,HIGH
2018-08-16 16:00:00,6272,5932.262228774701,HIGH
2018-08-16 17:00:00,5928,4719.561625354297,HIGH
2018-08-16 18:00:00,4580,3628.8436755626935,MEDIUM
2018-08-16 19:00:00,3725,3262.8591642245256,MEDIUM
2018-08-16 20:00:00,3205,3186.801481559068,MEDIUM
2018-08-16 21:00:00,3090,2460.9846101154603,MEDIUM
2018-08-16 22:00:00,2377,1499.3107894523469,LOW
2018-08-16 23:00:00,1380,789.3622525801468,LOW
2018-08-17 00:00:00,809,517.2313833262748,LOW
2018-08-17 01:00:00,449,504.3575008989835,LOW
2018-08-17 02:00:00,363,423.06027229379464,LOW
2018-08-17 02:00:00,363,423.06027229379464,LOW
2018-08-17 03:00:00,408,845.0609694553182,LOW
2018-08-17 04:00:00,899,2772.3408445842665,MEDIUM
2018-08-17 05:00:00,2821,5348.318397636524,HIGH
2018-08-17 06:00:00,5243,5986.510486602383,HIGH
2018-08-17 07:00:00,5994,5563.565454157148,HIGH
2018-08-17 07:00:00,5994,5563.565454157148,HIGH
2018-08-17 08:00:00,5406,4931.098895751489,HIGH
2018-08-17 09:00:00,4719,4527.248573964567,MEDIUM
2018-08-17 10:00:00,4510,4697.033809477119,HIGH
2018-08-17 11:00:00,4948,5248.2197524330695,HIGH
2018-08-17 12:00:00,5076,5072.8347465691,HIGH
2018-08-17 13:00:00,5027,5258.247028905174,HIGH
2018-08-17 14:00:00,5289,5654.733384383126,HIGH
2018-08-17 15:00:00,5581,5938.492599408052,HIGH
2018-08-17 16:00:00,5734,4988.220571331176,HIGH
2018-08-17 17:00:00,5141,4467.245992664798,MEDIUM
2018-08-17 18:00:00,4536,3727.163457469306,MEDIUM
2018-08-17 19:00:00,3703,3307.457100948165,MEDIUM
2018-08-17 20:00:00,3279,3149.0658743577246,MEDIUM
2018-08-17 21:00:00,3177,2759.71958577946,MEDIUM
2018-08-17 22:00:00,2903,2306.9928270054907,MEDIUM
2018-08-17 23:00:00,2126,1364.4028301200838,LOW
2018-08-18 00:00:00,1569,940.6960281689326,LOW
2018-08-18 01:00:00,806,600.527506616289,LOW
2018-08-18 02:00:00,598,428.62951071569114,LOW
2018-08-18 02:00:00,598,428.62951071569114,LOW
2018-08-18 03:00:00,448,460.0081680502304,LOW
2018-08-18 03:00:00,448,460.0081680502304,LOW
2018-08-18 04:00:00,523,892.8252665877133,LOW
2018-08-18 04:00:00,523,892.8252665877133,LOW
2018-08-18 05:00:00,940,2017.5736593137256,LOW
2018-08-18 05:00:00,940,2017.5736593137256,LOW
2018-08-18 06:00:00,1648,2360.3290599281363,MEDIUM
2018-08-18 06:00:00,1648,2360.3290599281363,MEDIUM
2018-08-18 07:00:00,2229,3019.0234592834627,MEDIUM
2018-08-18 07:00:00,2229,3019.0234592834627,MEDIUM
2018-08-18 08:00:00,2987,3687.243778325041,MEDIUM
2018-08-18 08:00:00,2987,3687.243778325041,MEDIUM
2018-08-18 09:00:00,3922,4244.172586405667,MEDIUM
2018-08-18 09:00:00,3922,4244.172586405667,MEDIUM
2018-08-18 10:00:00,5146,5384.124542353598,HIGH
2018-08-18 10:00:00,5146,5384.124542353598,HIGH
2018-08-18 11:00:00,4916,5066.149931894019,HIGH
2018-08-18 12:00:00,4448,4430.830839276387,MEDIUM
2018-08-18 13:00:00,4438,4436.558447624686,MEDIUM
2018-08-18 14:00:00,4710,4623.131350351583,HIGH
2018-08-18 15:00:00,4893,4669.012451178928,HIGH
2018-08-18 16:00:00,4897,4588.187712338133,HIGH
2018-08-18 17:00:00,4664,4080.7446972327,MEDIUM
2018-08-18 18:00:00,4157,3630.821739904421,MEDIUM
2018-08-18 19:00:00,3619,3287.1585338884493,MEDIUM
2018-08-18 20:00:00,3543,3417.8626107909063,MEDIUM
2018-08-18 21:00:00,3442,3555.8208305989415,MEDIUM
2018-08-18 22:00:00,3128,2411.846834633219,MEDIUM
2018-08-18 23:00:00,2044,1336.200979560774,LOW
2018-08-19 00:00:00,1346,898.0948614094204,LOW
2018-08-19 01:00:00,997,762.6332309320235,LOW
2018-08-19 02:00:00,726,455.89264529843945,LOW
2018-08-19 03:00:00,386,323.64737039642364,LOW
2018-08-19 04:00:00,388,729.6409473130923,LOW
2018-08-19 05:00:00,552,1346.632095147082,LOW
2018-08-19 06:00:00,994,1393.5012181511356,LOW
2018-08-19 07:00:00,1277,1876.1024398231789,LOW
2018-08-19 08:00:00,1971,2835.4345368503496,MEDIUM
2018-08-19 09:00:00,2895,3612.713119627872,MEDIUM
2018-08-19 10:00:00,3766,4117.904890143862,MEDIUM
2018-08-19 11:00:00,4384,4726.072041454739,HIGH
2018-08-19 12:00:00,4624,4578.002915624849,HIGH
2018-08-19 13:00:00,4596,4515.471943876272,MEDIUM
2018-08-19 14:00:00,4742,4663.322553246405,HIGH
2018-08-19 15:00:00,4779,4655.241910661347,HIGH
2018-08-19 16:00:00,4989,4778.464503573238,HIGH
2018-08-19 17:00:00,4870,4360.442294779846,MEDIUM
2018-08-19 18:00:00,4287,3662.064191132402,MEDIUM
2018-08-19 19:00:00,3792,3416.1461954258634,MEDIUM
2018-08-19 20:00:00,3213,2690.910051397434,MEDIUM
2018-08-19 21:00:00,2682,2074.326374695056,LOW
2018-08-19 22:00:00,1973,1364.2520653302959,LOW
2018-08-19 23:00:00,2369,1006.215986969211,LOW
2018-08-20 00:00:00,922,486.91857421710097,LOW
2018-08-20 01:00:00,473,434.8836302059371,LOW
2018-08-20 02:00:00,346,384.8142283375913,LOW
2018-08-20 03:00:00,369,845.0766196632404,LOW
2018-08-20 04:00:00,941,2903.047680428619,MEDIUM
2018-08-20 05:00:00,3005,5489.892232301911,HIGH
2018-08-20 05:00:00,3005,5489.892232301911,HIGH
2018-08-20 05:00:00,3005,5489.892232301911,HIGH
2018-08-20 05:00:00,3005,5489.892232301911,HIGH
2018-08-20 06:00:00,5352,6034.284937362365,HIGH
2018-08-20 07:00:00,6077,5635.997830670405,HIGH
2018-08-20 08:00:00,5349,4658.6914829904645,HIGH
2018-08-20 08:00:00,5349,4658.6914829904645,HIGH
2018-08-20 09:00:00,4777,4429.545465847809,MEDIUM
2018-08-20 09:00:00,4777,4429.545465847809,MEDIUM
2018-08-20 09:00:00,4777,4429.545465847809,MEDIUM
2018-08-20 10:00:00,4375,4561.442674669909,HIGH
2018-08-20 10:00:00,4375,4561.442674669909,HIGH
2018-08-20 10:00:00,4375,4561.442674669909,HIGH
2018-08-20 10:00:00,4375,4561.442674669909,HIGH
2018-08-20 11:00:00,4532,4804.362374353477,HIGH
2018-08-20 11:00:00,4532,4804.362374353477,HIGH
2018-08-20 11:00:00,4532,4804.362374353477,HIGH
2018-08-20 12:00:00,4842,4878.122916062346,HIGH
2018-08-20 13:00:00,4690,5081.803774528978,HIGH
2018-08-20 14:00:00,5001,5475.15654254851,HIGH
2018-08-20 14:00:00,5001,5475.15654254851,HIGH
2018-08-20 15:00:00,5388,5987.168092030133,HIGH
2018-08-20 16:00:00,6423,5899.3597391282565,HIGH
2018-08-20 16:00:00,6423,5899.3597391282565,HIGH
2018-08-20 17:00:00,5848,4415.400214169258,MEDIUM
2018-08-20 17:00:00,5848,4415.400214169258,MEDIUM
2018-08-20 18:00:00,4285,3299.9310155119974,MEDIUM
2018-08-20 19:00:00,3231,2894.8991173775266,MEDIUM
2018-08-20 19:00:00,3231,2894.8991173775266,MEDIUM
2018-08-20 20:00:00,2726,2497.3576755845916,MEDIUM
2018-08-20 20:00:00,2726,2497.3576755845916,MEDIUM
2018-08-20 21:00:00,2240,1756.6774474717615,LOW
2018-08-20 22:00:00,1617,1191.2819546693222,LOW
2018-08-20 23:00:00,1005,621.1629801613992,LOW
2018-08-21 00:00:00,659,433.2919894477797,LOW
2018-08-21 01:00:00,416,306.46102029022234,LOW
2018-08-21 02:00:00,316,363.30188113862073,LOW
2018-08-21 03:00:00,336,761.6009376096583,LOW
2018-08-21 04:00:00,996,2613.9057195511564,MEDIUM
2018-08-21 05:00:00,3136,5392.74967981272,HIGH
2018-08-21 06:00:00,5701,5943.774548908563,HIGH
2018-08-21 07:00:00,6837,6228.660614196046,HIGH
2018-08-21 08:00:00,6123,5689.261340010459,HIGH
2018-08-21 09:00:00,5053,4709.144401223269,HIGH
2018-08-21 10:00:00,4540,4823.936137434893,HIGH
2018-08-21 11:00:00,4652,4862.545200143139,HIGH
2018-08-21 12:00:00,4794,4870.907041046555,HIGH
2018-08-21 13:00:00,4762,5162.624655114197,HIGH
2018-08-21 14:00:00,4994,5504.651434534931,HIGH
2018-08-21 15:00:00,5660,6127.003775606061,HIGH
2018-08-21 16:00:00,6229,5828.6445522966105,HIGH
2018-08-21 17:00:00,5875,4434.30300957015,MEDIUM
2018-08-21 18:00:00,4435,3193.250616791864,MEDIUM
2018-08-21 19:00:00,3410,3000.450379444023,MEDIUM
2018-08-21 20:00:00,3003,2681.917047871796,MEDIUM
2018-08-21 21:00:00,2504,1771.1619581440768,LOW
2018-08-21 22:00:00,1747,1118.5648016262169,LOW
2018-08-21 23:00:00,1117,634.8551555436998,LOW
2018-08-22 00:00:00,635,403.0821391023765,LOW
2018-08-22 01:00:00,425,318.997362241505,LOW
2018-08-22 02:00:00,279,361.4836005011647,LOW
2018-08-22 03:00:00,393,914.4583986414665,LOW
2018-08-22 04:00:00,994,2783.722752142187,MEDIUM
2018-08-22 05:00:00,3163,5385.828030311545,HIGH
2018-08-22 06:00:00,5766,6153.055696193118,HIGH
2018-08-22 07:00:00,6589,6089.129913819542,HIGH
2018-08-22 08:00:00,6056,5190.375161302572,HIGH
2018-08-22 09:00:00,5116,4703.028992411267,HIGH
2018-08-22 10:00:00,4583,4836.544464817598,HIGH
2018-08-22 11:00:00,4734,4919.057224255602,HIGH
2018-08-22 12:00:00,5043,5104.377055844898,HIGH
2018-08-22 13:00:00,4938,5217.2531385469965,HIGH
2018-08-22 14:00:00,5216,5663.470242180658,HIGH
2018-08-22 15:00:00,5707,6400.535861597064,HIGH
2018-08-22 16:00:00,6470,6127.144274891283,HIGH
2018-08-22 17:00:00,5819,4389.392064615239,MEDIUM
2018-08-22 18:00:00,4446,3429.7408289912687,MEDIUM
2018-08-22 19:00:00,3444,3119.5402515430555,MEDIUM
2018-08-22 20:00:00,3154,2873.903043195965,MEDIUM
2018-08-22 21:00:00,2627,1929.911339424382,LOW
2018-08-22 22:00:00,1928,1207.0599013470028,LOW
2018-08-22 23:00:00,1169,655.3230152649027,LOW
2018-08-23 00:00:00,596,370.8359224321167,LOW
2018-08-23 01:00:00,402,308.8786258425023,LOW
2018-08-23 03:00:00,381,1602.5147370242908,LOW
2018-08-23 04:00:00,976,2716.541169687619,MEDIUM
2018-08-23 05:00:00,3163,5278.865331645436,HIGH
2018-08-23 06:00:00,5860,6222.10006556916,HIGH
2018-08-23 07:00:00,6815,6129.8858571662395,HIGH
2018-08-23 08:00:00,6162,5393.313907556549,HIGH
2018-08-23 09:00:00,5583,4915.9488331594075,HIGH
2018-08-23 10:00:00,4837,5109.2724278509,HIGH
2018-08-23 11:00:00,5015,5240.916234827704,HIGH
2018-08-23 12:00:00,5136,5192.276747232057,HIGH
2018-08-23 13:00:00,5051,5422.8342931776015,HIGH
2018-08-23 14:00:00,5312,5660.134998534969,HIGH
2018-08-23 15:00:00,5848,6376.00407163346,HIGH
2018-08-23 16:00:00,6586,6189.2209454908725,HIGH
2018-08-23 17:00:00,5780,4816.540610111199,HIGH
2018-08-23 18:00:00,4750,3652.670004552843,MEDIUM
2018-08-23 19:00:00,3519,3179.1296405673334,MEDIUM
2018-08-23 20:00:00,2996,2926.294899912578,MEDIUM
2018-08-23 21:00:00,2717,2153.624597796703,MEDIUM
2018-08-23 22:00:00,2107,1680.5347984948457,LOW
2018-08-23 23:00:00,1904,1494.87163180537,LOW
2018-08-24 00:00:00,790,515.6152111621171,LOW
2018-08-24 01:00:00,505,420.2648964566953,LOW
2018-08-24 01:00:00,505,420.2648964566953,LOW
2018-08-24 02:00:00,387,439.83276773414497,LOW
2018-08-24 02:00:00,387,439.83276773414497,LOW
2018-08-24 03:00:00,424,1167.6062979000067,LOW
2018-08-24 03:00:00,424,1167.6062979000067,LOW
2018-08-24 03:00:00,424,1167.6062979000067,LOW
2018-08-24 04:00:00,916,2202.392449670242,MEDIUM
2018-08-24 04:00:00,916,2202.392449670242,MEDIUM
2018-08-24 05:00:00,2950,4179.200512224301,MEDIUM
2018-08-24 05:00:00,2950,4179.200512224301,MEDIUM
2018-08-24 05:00:00,2950,4179.200512224301,MEDIUM
2018-08-24 06:00:00,5259,5814.82418765366,HIGH
2018-08-24 06:00:00,5259,5814.82418765366,HIGH
2018-08-24 06:00:00,5259,5814.82418765366,HIGH
2018-08-24 07:00:00,6243,5725.357985191997,HIGH
2018-08-24 07:00:00,6243,5725.357985191997,HIGH
2018-08-24 07:00:00,6243,5725.357985191997,HIGH
2018-08-24 07:00:00,6243,5725.357985191997,HIGH
2018-08-24 07:00:00,6243,5725.357985191997,HIGH
2018-08-24 08:00:00,5687,5303.366503473575,HIGH
2018-08-24 08:00:00,5687,5303.366503473575,HIGH
2018-08-24 08:00:00,5687,5303.366503473575,HIGH
2018-08-24 09:00:00,4971,4729.273009199227,HIGH
2018-08-24 09:00:00,4971,4729.273009199227,HIGH
2018-08-24 09:00:00,4971,4729.273009199227,HIGH
2018-08-24 09:00:00,4971,4729.273009199227,HIGH
2018-08-24 10:00:00,4539,4778.448380355243,HIGH
2018-08-24 10:00:00,4539,4778.448380355243,HIGH
2018-08-24 10:00:00,4539,4778.448380355243,HIGH
2018-08-24 11:00:00,4391,4585.160321869454,HIGH
2018-08-24 11:00:00,4391,4585.160321869454,HIGH
2018-08-24 11:00:00,4391,4585.160321869454,HIGH
2018-08-24 11:00:00,4391,4585.160321869454,HIGH
2018-08-24 12:00:00,4971,4982.945343845905,HIGH
2018-08-24 12:00:00,4971,4982.945343845905,HIGH
2018-08-24 12:00:00,4971,4982.945343845905,HIGH
2018-08-24 13:00:00,5149,5360.88486727017,HIGH
2018-08-24 13:00:00,5149,5360.88486727017,HIGH
2018-08-24 13:00:00,5149,5360.88486727017,HIGH
2018-08-24 13:00:00,5149,5360.88486727017,HIGH
2018-08-24 14:00:00,5499,5823.48060715917,HIGH
2018-08-24 14:00:00,5499,5823.48060715917,HIGH
2018-08-24 14:00:00,5499,5823.48060715917,HIGH
2018-08-24 15:00:00,5879,6059.427284822794,HIGH
2018-08-24 15:00:00,5879,6059.427284822794,HIGH
2018-08-24 16:00:00,6088,5813.931693838507,HIGH
2018-08-24 16:00:00,6088,5813.931693838507,HIGH
2018-08-24 16:00:00,6088,5813.931693838507,HIGH
2018-08-24 17:00:00,5750,4788.928920103695,HIGH
2018-08-24 17:00:00,5750,4788.928920103695,HIGH
2018-08-24 17:00:00,5750,4788.928920103695,HIGH
2018-08-24 18:00:00,4755,4046.603238165484,MEDIUM
2018-08-24 18:00:00,4755,4046.603238165484,MEDIUM
2018-08-24 18:00:00,4755,4046.603238165484,MEDIUM
2018-08-24 19:00:00,3467,3169.841633668209,MEDIUM
2018-08-24 20:00:00,3076,3038.6320390453316,MEDIUM
2018-08-24 21:00:00,3164,2717.138702054941,MEDIUM
2018-08-24 22:00:00,2435,1862.8056145178748,LOW
2018-08-24 23:00:00,1860,1349.616736515917,LOW
2018-08-25 00:00:00,1089,837.8431673154564,LOW
2018-08-25 00:00:00,1089,837.8431673154564,LOW
2018-08-25 01:00:00,725,576.3621262222321,LOW
2018-08-25 01:00:00,725,576.3621262222321,LOW
2018-08-25 02:00:00,495,451.73907184164096,LOW
2018-08-25 02:00:00,495,451.73907184164096,LOW
2018-08-25 02:00:00,495,451.73907184164096,LOW
2018-08-25 03:00:00,366,414.637869047619,LOW
2018-08-25 03:00:00,366,414.637869047619,LOW
2018-08-25 04:00:00,500,751.6767657774569,LOW
2018-08-25 04:00:00,500,751.6767657774569,LOW
2018-08-25 05:00:00,875,1378.8313055555557,LOW
2018-08-25 05:00:00,875,1378.8313055555557,LOW
2018-08-25 06:00:00,1837,2343.8417133463117,MEDIUM
2018-08-25 06:00:00,1837,2343.8417133463117,MEDIUM
2018-08-25 07:00:00,2672,3143.45429730864,MEDIUM
2018-08-25 07:00:00,2672,3143.45429730864,MEDIUM
2018-08-25 07:00:00,2672,3143.45429730864,MEDIUM
2018-08-25 08:00:00,3503,4071.4320337865674,MEDIUM
2018-08-25 08:00:00,3503,4071.4320337865674,MEDIUM
2018-08-25 08:00:00,3503,4071.4320337865674,MEDIUM
2018-08-25 09:00:00,4100,4399.524183447587,MEDIUM
2018-08-25 09:00:00,4100,4399.524183447587,MEDIUM
2018-08-25 09:00:00,4100,4399.524183447587,MEDIUM
2018-08-25 10:00:00,4509,4749.132565622314,HIGH
2018-08-25 10:00:00,4509,4749.132565622314,HIGH
2018-08-25 11:00:00,4647,4906.132661670963,HIGH
2018-08-25 11:00:00,4647,4906.132661670963,HIGH
2018-08-25 12:00:00,4846,4776.641094153513,HIGH
2018-08-25 13:00:00,4585,4517.879181724275,MEDIUM
2018-08-25 14:00:00,4696,4637.380354829941,HIGH
2018-08-25 15:00:00,5015,5032.943707524507,HIGH
2018-08-25 16:00:00,4677,4402.262306876557,MEDIUM
2018-08-25 17:00:00,4541,4157.019462730409,MEDIUM
2018-08-25 18:00:00,3914,3478.819572680863,MEDIUM
2018-08-25 19:00:00,3371,3102.804941604941,MEDIUM
2018-08-25 20:00:00,3071,3092.1120033654843,MEDIUM
2018-08-25 21:00:00,3156,2769.108757749753,MEDIUM
2018-08-25 21:00:00,3156,2769.108757749753,MEDIUM
2018-08-25 22:00:00,2713,2145.817637792455,LOW
2018-08-25 22:00:00,2713,2145.817637792455,LOW
2018-08-25 22:00:00,2713,2145.817637792455,LOW
2018-08-25 23:00:00,2134,1617.3048990490322,LOW
2018-08-25 23:00:00,2134,1617.3048990490322,LOW
2018-08-25 23:00:00,2134,1617.3048990490322,LOW
2018-08-26 00:00:00,1375,972.9776826608219,LOW
2018-08-26 00:00:00,1375,972.9776826608219,LOW
2018-08-26 01:00:00,855,656.3017588841259,LOW
2018-08-26 01:00:00,855,656.3017588841259,LOW
2018-08-26 01:00:00,855,656.3017588841259,LOW
2018-08-26 02:00:00,614,426.02924991788524,LOW
2018-08-26 02:00:00,614,426.02924991788524,LOW
2018-08-26 02:00:00,614,426.02924991788524,LOW
2018-08-26 03:00:00,382,322.83392560947823,LOW
2018-08-26 03:00:00,382,322.83392560947823,LOW
2018-08-26 03:00:00,382,322.83392560947823,LOW
2018-08-26 04:00:00,325,474.74859086341786,LOW
2018-08-26 04:00:00,325,474.74859086341786,LOW
2018-08-26 05:00:00,551,1213.1830572105318,LOW
2018-08-26 05:00:00,551,1213.1830572105318,LOW
2018-08-26 06:00:00,1106,1378.7706338853357,LOW
2018-08-26 06:00:00,1106,1378.7706338853357,LOW
2018-08-26 06:00:00,1106,1378.7706338853357,LOW
2018-08-26 07:00:00,1657,2151.6597526501832,MEDIUM
2018-08-26 07:00:00,1657,2151.6597526501832,MEDIUM
2018-08-26 07:00:00,1657,2151.6597526501832,MEDIUM
2018-08-26 08:00:00,2467,2926.2282185580075,MEDIUM
2018-08-26 08:00:00,2467,2926.2282185580075,MEDIUM
2018-08-26 09:00:00,3408,3990.275514056482,MEDIUM
2018-08-26 09:00:00,3408,3990.275514056482,MEDIUM
2018-08-26 10:00:00,4017,4300.467089553086,MEDIUM
2018-08-26 11:00:00,4394,4801.2293849795105,HIGH
2018-08-26 12:00:00,4638,4596.303990662089,HIGH
2018-08-26 13:00:00,4494,4492.146033176262,MEDIUM
2018-08-26 13:00:00,4494,4492.146033176262,MEDIUM
2018-08-26 13:00:00,4494,4492.146033176262,MEDIUM
2018-08-26 14:00:00,4565,4547.846259879335,HIGH
2018-08-26 14:00:00,4565,4547.846259879335,HIGH
2018-08-26 15:00:00,4289,4362.839668566946,MEDIUM
2018-08-26 15:00:00,4289,4362.839668566946,MEDIUM
2018-08-26 16:00:00,4259,4222.33341301299,MEDIUM
2018-08-26 17:00:00,3998,3805.803381230935,MEDIUM
2018-08-26 17:00:00,3998,3805.803381230935,MEDIUM
2018-08-26 18:00:00,3688,3323.3453132376853,MEDIUM
2018-08-26 19:00:00,3165,2875.702814392754,MEDIUM
2018-08-26 20:00:00,2840,2627.914785757006,MEDIUM
2018-08-26 21:00:00,2330,1868.4748218941784,LOW
2018-08-26 22:00:00,1913,1555.3343618012711,LOW
2018-08-26 23:00:00,1208,3487.697659538631,MEDIUM
2018-08-27 00:00:00,666,752.2422760201946,LOW
2018-08-27 01:00:00,337,307.65972973360743,LOW
2018-08-27 01:00:00,337,307.65972973360743,LOW
2018-08-27 02:00:00,292,364.0025854147935,LOW
2018-08-27 02:00:00,292,364.0025854147935,LOW
2018-08-27 03:00:00,358,794.1818100014927,LOW
2018-08-27 04:00:00,933,3267.2793162858625,MEDIUM
2018-08-27 05:00:00,3129,4402.451944444444,MEDIUM
2018-08-27 06:00:00,5575,6121.557654083841,HIGH
2018-08-27 07:00:00,6493,6080.106089115595,HIGH
2018-08-27 08:00:00,6125,5387.386317774629,HIGH
2018-08-27 09:00:00,5094,4765.446479450274,HIGH
2018-08-27 10:00:00,4672,4891.835736426465,HIGH
2018-08-27 11:00:00,4775,4925.143651800263,HIGH
2018-08-27 12:00:00,4880,4909.25480893238,HIGH
2018-08-27 13:00:00,4890,5164.137445065391,HIGH
2018-08-27 14:00:00,5048,5409.454408705218,HIGH
2018-08-27 15:00:00,5661,5762.20416976726,HIGH
2018-08-27 16:00:00,6535,6052.347609949907,HIGH
2018-08-27 17:00:00,5298,3931.486495892997,MEDIUM
2018-08-27 18:00:00,3629,3268.3036717903615,MEDIUM
2018-08-27 18:00:00,3629,3268.3036717903615,MEDIUM
2018-08-27 18:00:00,3629,3268.3036717903615,MEDIUM
2018-08-27 19:00:00,2922,2610.548223624451,MEDIUM
2018-08-27 19:00:00,2922,2610.548223624451,MEDIUM
2018-08-27 20:00:00,2536,2306.1269965410384,MEDIUM
2018-08-27 21:00:00,2139,1834.9333987191992,LOW
2018-08-27 22:00:00,1503,1208.2771659414827,LOW
2018-08-27 23:00:00,1014,1045.881373749441,LOW
2018-08-28 00:00:00,576,449.9606108630712,LOW
2018-08-28 01:00:00,364,326.3344030673491,LOW
2018-08-28 01:00:00,364,326.3344030673491,LOW
2018-08-28 02:00:00,234,306.93403333878126,LOW
2018-08-28 02:00:00,234,306.93403333878126,LOW
2018-08-28 03:00:00,367,791.6148818043673,LOW
2018-08-28 03:00:00,367,791.6148818043673,LOW
2018-08-28 04:00:00,986,2048.7081717900387,LOW
2018-08-28 04:00:00,986,2048.7081717900387,LOW
2018-08-28 05:00:00,3161,4611.524056554217,HIGH
2018-08-28 05:00:00,3161,4611.524056554217,HIGH
2018-08-28 05:00:00,3161,4611.524056554217,HIGH
2018-08-28 06:00:00,5611,6009.139613095135,HIGH
2018-08-28 06:00:00,5611,6009.139613095135,HIGH
2018-08-28 07:00:00,6147,5850.926208536707,HIGH
2018-08-28 07:00:00,6147,5850.926208536707,HIGH
2018-08-28 08:00:00,5692,5258.052878269202,HIGH
2018-08-28 08:00:00,5692,5258.052878269202,HIGH
2018-08-28 08:00:00,5692,5258.052878269202,HIGH
2018-08-28 09:00:00,5153,4788.002988087619,HIGH
2018-08-28 09:00:00,5153,4788.002988087619,HIGH
2018-08-28 09:00:00,5153,4788.002988087619,HIGH
2018-08-28 10:00:00,4624,4804.214067213443,HIGH
2018-08-28 10:00:00,4624,4804.214067213443,HIGH
2018-08-28 10:00:00,4624,4804.214067213443,HIGH
2018-08-28 11:00:00,4678,4863.798713257871,HIGH
2018-08-28 11:00:00,4678,4863.798713257871,HIGH
2018-08-28 11:00:00,4678,4863.798713257871,HIGH
2018-08-28 12:00:00,4954,4964.032913391546,HIGH
2018-08-28 12:00:00,4954,4964.032913391546,HIGH
2018-08-28 13:00:00,5032,5244.316420515599,HIGH
2018-08-28 13:00:00,5032,5244.316420515599,HIGH
2018-08-28 14:00:00,5273,5696.919794927073,HIGH
2018-08-28 15:00:00,5865,6456.969828877727,HIGH
2018-08-28 16:00:00,6657,6225.374749939288,HIGH
2018-08-28 17:00:00,5716,4328.2473440986005,MEDIUM
2018-08-28 18:00:00,4363,3576.367166482105,MEDIUM
2018-08-28 19:00:00,3406,3035.45736811494,MEDIUM
2018-08-28 19:00:00,3406,3035.45736811494,MEDIUM
2018-08-28 20:00:00,2896,2652.7461502684005,MEDIUM
2018-08-28 21:00:00,2576,1943.7831034733642,LOW
2018-08-28 22:00:00,1733,1331.2093462586126,LOW
2018-08-28 23:00:00,1153,771.3878072066393,LOW
2018-08-29 00:00:00,623,415.6865585364434,LOW
2018-08-29 01:00:00,335,276.7328325722217,LOW
2018-08-29 02:00:00,299,381.1530816673466,LOW
2018-08-29 03:00:00,372,969.9229181764506,LOW
2018-08-29 03:00:00,372,969.9229181764506,LOW
2018-08-29 04:00:00,981,2572.330067807505,MEDIUM
2018-08-29 05:00:00,3103,5323.701022075407,HIGH
2018-08-29 06:00:00,5902,5979.672527447965,HIGH
2018-08-29 06:00:00,5902,5979.672527447965,HIGH
2018-08-29 07:00:00,6775,6163.684653542539,HIGH
2018-08-29 07:00:00,6775,6163.684653542539,HIGH
2018-08-29 08:00:00,6164,5694.821029081495,HIGH
2018-08-29 08:00:00,6164,5694.821029081495,HIGH
2018-08-29 09:00:00,5421,4840.839406006413,HIGH
2018-08-29 10:00:00,4871,5090.821220260493,HIGH
2018-08-29 11:00:00,4969,5107.070262516727,HIGH
2018-08-29 12:00:00,5134,5075.143549461407,HIGH
2018-08-29 13:00:00,4999,5267.260233205042,HIGH
2018-08-29 14:00:00,5349,5815.430174529356,HIGH
2018-08-29 15:00:00,5814,6460.146176724686,HIGH
2018-08-29 16:00:00,6578,6200.889813644035,HIGH
2018-08-29 17:00:00,5860,4420.919183056502,MEDIUM
2018-08-29 18:00:00,4554,3385.748077627552,MEDIUM
2018-08-29 19:00:00,3487,3166.363893649335,MEDIUM
2018-08-29 20:00:00,3205,2781.429887419581,MEDIUM
2018-08-29 21:00:00,2800,2122.0514558676596,LOW
2018-08-29 22:00:00,2106,1307.7910906470815,LOW
2018-08-29 23:00:00,1272,806.5990610423112,LOW
2018-08-30 00:00:00,670,426.9996782182566,LOW
2018-08-30 01:00:00,456,367.0479581672423,LOW
2018-08-30 02:00:00,326,375.2972040760658,LOW
2018-08-30 03:00:00,388,1148.1772990159811,LOW
2018-08-30 03:00:00,388,1148.1772990159811,LOW
2018-08-30 04:00:00,1008,2579.3391607484537,MEDIUM
2018-08-30 04:00:00,1008,2579.3391607484537,MEDIUM
2018-08-30 05:00:00,3070,5538.0916338836905,HIGH
2018-08-30 06:00:00,5886,6145.331509283183,HIGH
2018-08-30 07:00:00,6466,6029.653280706071,HIGH
2018-08-30 07:00:00,6466,6029.653280706071,HIGH
2018-08-30 08:00:00,5995,5216.137799901467,HIGH
2018-08-30 09:00:00,5467,4912.481769096339,HIGH
2018-08-30 10:00:00,4911,5355.405897911455,HIGH
2018-08-30 11:00:00,5095,5259.03470004163,HIGH
2018-08-30 12:00:00,5308,5247.698535307503,HIGH
2018-08-30 13:00:00,5213,5485.532732334504,HIGH
2018-08-30 14:00:00,5680,6069.844489604874,HIGH
2018-08-30 15:00:00,6238,6547.170583488928,HIGH
2018-08-30 16:00:00,6453,6132.901806780803,HIGH
2018-08-30 17:00:00,5775,4502.068779214709,MEDIUM
2018-08-30 18:00:00,4531,3421.8249102138484,MEDIUM
2018-08-30 19:00:00,3884,3265.2445836839247,MEDIUM
2018-08-30 20:00:00,3332,3105.600873522313,MEDIUM
2018-08-30 21:00:00,3049,2647.8217977472837,MEDIUM
2018-08-30 22:00:00,2221,1758.7941408468926,LOW
2018-08-30 23:00:00,1396,982.8525958462167,LOW
2018-08-31 00:00:00,764,478.6660146224338,LOW
2018-08-31 01:00:00,456,402.3155859593806,LOW
2018-08-31 02:00:00,358,415.3196806441863,LOW
2018-08-31 02:00:00,358,415.3196806441863,LOW
2018-08-31 03:00:00,378,733.629142252008,LOW
2018-08-31 03:00:00,378,733.629142252008,LOW
2018-08-31 03:00:00,378,733.629142252008,LOW
2018-08-31 04:00:00,851,2308.624505854146,MEDIUM
2018-08-31 04:00:00,851,2308.624505854146,MEDIUM
2018-08-31 04:00:00,851,2308.624505854146,MEDIUM
2018-08-31 05:00:00,2754,4253.52336495287,MEDIUM
2018-08-31 05:00:00,2754,4253.52336495287,MEDIUM
2018-08-31 06:00:00,5200,5728.795386960241,HIGH
2018-08-31 07:00:00,6270,5666.532693718108,HIGH
2018-08-31 08:00:00,5687,5136.4583492986385,HIGH
2018-08-31 08:00:00,5687,5136.4583492986385,HIGH
2018-08-31 09:00:00,5328,4922.154504930591,HIGH
2018-08-31 10:00:00,5102,5447.2676298540955,HIGH
2018-08-31 11:00:00,5359,5498.412817268291,HIGH
2018-08-31 12:00:00,5587,5527.260778994334,HIGH
2018-08-31 13:00:00,5400,5683.387949688943,HIGH
2018-08-31 13:00:00,5400,5683.387949688943,HIGH
2018-08-31 14:00:00,5705,5964.003950863699,HIGH
2018-08-31 15:00:00,5998,6269.080832429728,HIGH
2018-08-31 16:00:00,5925,5458.685032147077,HIGH
2018-08-31 17:00:00,5418,4522.080319878473,MEDIUM
2018-08-31 18:00:00,4935,3722.320214747403,MEDIUM
2018-08-31 19:00:00,3945,3374.5111162240664,MEDIUM
2018-08-31 19:00:00,3945,3374.5111162240664,MEDIUM
2018-08-31 20:00:00,3233,3201.801825075422,MEDIUM
2018-08-31 21:00:00,2910,2531.901439201222,MEDIUM
2018-08-31 22:00:00,2830,2134.4209138922683,LOW
2018-08-31 23:00:00,2147,1409.464880298301,LOW
2018-09-01 00:00:00,1335,839.4011696402695,LOW
2018-09-01 01:00:00,785,589.9312169864992,LOW
2018-09-01 02:00:00,569,441.4823018000632,LOW
2018-09-01 03:00:00,425,445.6597684828872,LOW
2018-09-01 04:00:00,419,772.2866257539893,LOW
2018-09-01 05:00:00,741,1169.1019345372881,LOW
2018-09-01 06:00:00,1529,1990.4522437360436,LOW
2018-09-01 07:00:00,2477,3147.7344273572926,MEDIUM
2018-09-01 07:00:00,2477,3147.7344273572926,MEDIUM
2018-09-01 08:00:00,3476,4130.293605402211,MEDIUM
2018-09-01 08:00:00,3476,4130.293605402211,MEDIUM
2018-09-01 09:00:00,4212,4476.341063336516,MEDIUM
2018-09-01 10:00:00,4578,4783.276435716951,HIGH
2018-09-01 10:00:00,4578,4783.276435716951,HIGH
2018-09-01 11:00:00,4897,4986.777680647028,HIGH
2018-09-01 12:00:00,4854,4573.906321497113,HIGH
2018-09-01 13:00:00,4972,4951.907453467399,HIGH
2018-09-01 14:00:00,5056,5032.7314693609915,HIGH
2018-09-01 14:00:00,5056,5032.7314693609915,HIGH
2018-09-01 15:00:00,4719,4607.693588125439,HIGH
2018-09-01 16:00:00,4649,3063.241614849612,MEDIUM
2018-09-01 17:00:00,4622,4026.206130042628,MEDIUM
2018-09-01 18:00:00,4261,3637.484527529517,MEDIUM
2018-09-01 19:00:00,3518,3194.38266881042,MEDIUM
2018-09-01 20:00:00,3196,3100.8263842791366,MEDIUM
2018-09-01 21:00:00,2880,2546.0563534953963,MEDIUM
2018-09-01 22:00:00,2815,2159.1443703627533,MEDIUM
2018-09-01 23:00:00,1945,1299.477579701696,LOW
2018-09-01 23:00:00,1945,1299.477579701696,LOW
2018-09-02 00:00:00,1273,822.9394325145639,LOW
2018-09-02 01:00:00,801,607.0830295442162,LOW
2018-09-02 01:00:00,801,607.0830295442162,LOW
2018-09-02 02:00:00,565,851.5305699864906,LOW
2018-09-02 03:00:00,386,331.7227743559699,LOW
2018-09-02 04:00:00,316,494.37667257994707,LOW
2018-09-02 04:00:00,316,494.37667257994707,LOW
2018-09-02 05:00:00,532,871.8544152129076,LOW
2018-09-02 05:00:00,532,871.8544152129076,LOW
2018-09-02 06:00:00,1003,1380.0251054544872,LOW
2018-09-02 06:00:00,1003,1380.0251054544872,LOW
2018-09-02 07:00:00,1607,2363.2930047860996,MEDIUM
2018-09-02 08:00:00,2334,3011.0646779851745,MEDIUM
2018-09-02 09:00:00,2929,3339.83652322779,MEDIUM
2018-09-02 10:00:00,3571,4022.4651245772943,MEDIUM
2018-09-02 10:00:00,3571,4022.4651245772943,MEDIUM
2018-09-02 11:00:00,4040,4345.868024816002,MEDIUM
2018-09-02 11:00:00,4040,4345.868024816002,MEDIUM
2018-09-02 12:00:00,4549,4462.829132773765,MEDIUM
2018-09-02 13:00:00,4414,4483.833150912687,MEDIUM
2018-09-02 14:00:00,4299,4400.4826263619225,MEDIUM
2018-09-02 15:00:00,4330,4404.545276634792,MEDIUM
2018-09-02 16:00:00,4197,4012.8938632124837,MEDIUM
2018-09-02 17:00:00,3833,3618.522858107771,MEDIUM
2018-09-02 18:00:00,3601,3202.8462469697242,MEDIUM
2018-09-02 19:00:00,3098,2754.3068147942267,MEDIUM
2018-09-02 20:00:00,3115,2541.7660017688086,MEDIUM
2018-09-02 21:00:00,2669,2154.305522928068,MEDIUM
2018-09-02 22:00:00,2066,1333.77725775683,LOW
2018-09-02 22:00:00,2066,1333.77725775683,LOW
2018-09-02 23:00:00,1475,1146.5448924967347,LOW
2018-09-02 23:00:00,1475,1146.5448924967347,LOW
2018-09-03 00:00:00,962,553.4081998769207,LOW
2018-09-03 00:00:00,962,553.4081998769207,LOW
2018-09-03 01:00:00,694,511.16727348520203,LOW
2018-09-03 01:00:00,694,511.16727348520203,LOW
2018-09-03 01:00:00,694,511.16727348520203,LOW
2018-09-03 02:00:00,421,434.89257710832084,LOW
2018-09-03 02:00:00,421,434.89257710832084,LOW
2018-09-03 03:00:00,310,759.1846217955888,LOW
2018-09-03 04:00:00,325,596.9944251363236,LOW
2018-09-03 04:00:00,325,596.9944251363236,LOW
2018-09-03 05:00:00,590,1098.246189839572,LOW
2018-09-03 05:00:00,590,1098.246189839572,LOW
2018-09-03 05:00:00,590,1098.246189839572,LOW
2018-09-03 05:00:00,590,1098.246189839572,LOW
2018-09-03 06:00:00,1141,1564.2470089359654,LOW
2018-09-03 06:00:00,1141,1564.2470089359654,LOW
2018-09-03 07:00:00,1556,2393.733722182904,MEDIUM
2018-09-03 07:00:00,1556,2393.733722182904,MEDIUM
2018-09-03 08:00:00,1995,2536.5473392258637,MEDIUM
2018-09-03 08:00:00,1995,2536.5473392258637,MEDIUM
2018-09-03 09:00:00,2524,3064.8073885801464,MEDIUM
2018-09-03 10:00:00,3050,3587.180124596065,MEDIUM
2018-09-03 10:00:00,3050,3587.180124596065,MEDIUM
2018-09-03 11:00:00,3616,3887.439563665893,MEDIUM
2018-09-03 11:00:00,3616,3887.439563665893,MEDIUM
2018-09-03 12:00:00,3901,3983.8358963716532,MEDIUM
2018-09-03 13:00:00,4110,4289.884524115981,MEDIUM
2018-09-03 14:00:00,4446,4757.676870716853,HIGH
2018-09-03 15:00:00,4411,4484.1355208181885,MEDIUM
2018-09-03 16:00:00,4017,3605.0783011940457,MEDIUM
2018-09-03 16:00:00,4017,3605.0783011940457,MEDIUM
2018-09-03 17:00:00,3900,3766.956132899845,MEDIUM
2018-09-03 18:00:00,3487,3075.764974992262,MEDIUM
2018-09-03 19:00:00,3006,2580.33234260863,MEDIUM
2018-09-03 19:00:00,3006,2580.33234260863,MEDIUM
2018-09-03 19:00:00,3006,2580.33234260863,MEDIUM
2018-09-03 20:00:00,2627,2389.441428684064,MEDIUM
2018-09-03 20:00:00,2627,2389.441428684064,MEDIUM
2018-09-03 21:00:00,2081,1664.7969243585276,LOW
2018-09-03 22:00:00,1588,2244.474352041383,MEDIUM
2018-09-03 22:00:00,1588,2244.474352041383,MEDIUM
2018-09-03 23:00:00,1012,790.1609681114683,LOW
2018-09-03 23:00:00,1012,790.1609681114683,LOW
2018-09-04 00:00:00,528,449.7086329798892,LOW
2018-09-04 01:00:00,321,275.36087861833596,LOW
2018-09-04 01:00:00,321,275.36087861833596,LOW
2018-09-04 01:00:00,321,275.36087861833596,LOW
2018-09-04 02:00:00,254,485.2060564080773,LOW
2018-09-04 02:00:00,254,485.2060564080773,LOW
2018-09-04 03:00:00,332,799.6102075102862,LOW
2018-09-04 04:00:00,901,2331.0216734331907,MEDIUM
2018-09-04 05:00:00,2863,4969.467399512587,HIGH
2018-09-04 05:00:00,2863,4969.467399512587,HIGH
2018-09-04 05:00:00,2863,4969.467399512587,HIGH
2018-09-04 05:00:00,2863,4969.467399512587,HIGH
2018-09-04 06:00:00,5280,5768.642298005079,HIGH
2018-09-04 06:00:00,5280,5768.642298005079,HIGH
2018-09-04 06:00:00,5280,5768.642298005079,HIGH
2018-09-04 07:00:00,6379,5898.735143280437,HIGH
2018-09-04 07:00:00,6379,5898.735143280437,HIGH
2018-09-04 08:00:00,5856,5419.902708406291,HIGH
2018-09-04 08:00:00,5856,5419.902708406291,HIGH
2018-09-04 08:00:00,5856,5419.902708406291,HIGH
2018-09-04 09:00:00,5242,4834.551323183952,HIGH
2018-09-04 09:00:00,5242,4834.551323183952,HIGH
2018-09-04 09:00:00,5242,4834.551323183952,HIGH
2018-09-04 09:00:00,5242,4834.551323183952,HIGH
2018-09-04 10:00:00,4403,4584.6543941915215,HIGH
2018-09-04 10:00:00,4403,4584.6543941915215,HIGH
2018-09-04 10:00:00,4403,4584.6543941915215,HIGH
2018-09-04 10:00:00,4403,4584.6543941915215,HIGH
2018-09-04 11:00:00,4477,4630.357101344493,HIGH
2018-09-04 11:00:00,4477,4630.357101344493,HIGH
2018-09-04 12:00:00,4583,4649.200657304627,HIGH
2018-09-04 12:00:00,4583,4649.200657304627,HIGH
2018-09-04 13:00:00,4652,4856.741918059942,HIGH
2018-09-04 13:00:00,4652,4856.741918059942,HIGH
2018-09-04 14:00:00,4785,5146.643550972451,HIGH
2018-09-04 14:00:00,4785,5146.643550972451,HIGH
2018-09-04 15:00:00,5436,5906.254283430396,HIGH
2018-09-04 15:00:00,5436,5906.254283430396,HIGH
2018-09-04 16:00:00,5667,5349.420727418659,HIGH
2018-09-04 16:00:00,5667,5349.420727418659,HIGH
2018-09-04 17:00:00,5494,4236.627136352828,MEDIUM
2018-09-04 17:00:00,5494,4236.627136352828,MEDIUM
2018-09-04 17:00:00,5494,4236.627136352828,MEDIUM
2018-09-04 18:00:00,4383,3492.5133562678034,MEDIUM
2018-09-04 18:00:00,4383,3492.5133562678034,MEDIUM
2018-09-04 18:00:00,4383,3492.5133562678034,MEDIUM
2018-09-04 18:00:00,4383,3492.5133562678034,MEDIUM
2018-09-04 19:00:00,3017,2592.69637957774,MEDIUM
2018-09-04 19:00:00,3017,2592.69637957774,MEDIUM
2018-09-04 19:00:00,3017,2592.69637957774,MEDIUM
2018-09-04 20:00:00,2385,2178.8398085094414,MEDIUM
2018-09-04 20:00:00,2385,2178.8398085094414,MEDIUM
2018-09-04 20:00:00,2385,2178.8398085094414,MEDIUM
2018-09-04 21:00:00,2105,1684.2330382079724,LOW
2018-09-04 21:00:00,2105,1684.2330382079724,LOW
2018-09-04 21:00:00,2105,1684.2330382079724,LOW
2018-09-04 22:00:00,1351,1063.4814693615474,LOW
2018-09-04 22:00:00,1351,1063.4814693615474,LOW
2018-09-04 22:00:00,1351,1063.4814693615474,LOW
2018-09-04 23:00:00,921,716.1385974656245,LOW
2018-09-04 23:00:00,921,716.1385974656245,LOW
2018-09-05 00:00:00,522,439.5243264626841,LOW
2018-09-05 00:00:00,522,439.5243264626841,LOW
2018-09-05 01:00:00,304,258.33707935304017,LOW
2018-09-05 01:00:00,304,258.33707935304017,LOW
2018-09-05 02:00:00,254,328.6034445702689,LOW
2018-09-05 03:00:00,323,1032.8575265882307,LOW
2018-09-05 03:00:00,323,1032.8575265882307,LOW
2018-09-05 04:00:00,882,2467.8402266356734,MEDIUM
2018-09-05 04:00:00,882,2467.8402266356734,MEDIUM
2018-09-05 05:00:00,3013,5407.938302704136,HIGH
2018-09-05 05:00:00,3013,5407.938302704136,HIGH
2018-09-05 06:00:00,5633,6238.163286956568,HIGH
2018-09-05 06:00:00,5633,6238.163286956568,HIGH
2018-09-05 06:00:00,5633,6238.163286956568,HIGH
2018-09-05 07:00:00,6668,6295.672421127018,HIGH
2018-09-05 07:00:00,6668,6295.672421127018,HIGH
2018-09-05 08:00:00,6327,5818.838145184065,HIGH
2018-09-05 09:00:00,5237,4889.190501166471,HIGH
2018-09-05 10:00:00,4599,4797.717245251486,HIGH
2018-09-05 11:00:00,4635,4805.216332854963,HIGH
2018-09-05 12:00:00,5001,5027.037368501759,HIGH
2018-09-05 13:00:00,4781,5179.3906677167115,HIGH
2018-09-05 14:00:00,4816,5217.404036221511,HIGH
2018-09-05 15:00:00,5661,6258.739070163672,HIGH
2018-09-05 16:00:00,6555,6168.983265486172,HIGH
2018-09-05 17:00:00,5938,4569.58151555559,HIGH
2018-09-05 18:00:00,4426,3533.713188602373,MEDIUM
2018-09-05 19:00:00,3414,3058.3394465749884,MEDIUM
2018-09-05 20:00:00,3130,2729.615547917804,MEDIUM
2018-09-05 21:00:00,2532,2022.145621918172,LOW
2018-09-05 22:00:00,1629,1178.6010082922949,LOW
2018-09-05 23:00:00,993,947.3756752244349,LOW
2018-09-06 00:00:00,570,400.16847505320965,LOW
2018-09-06 00:00:00,570,400.16847505320965,LOW
2018-09-06 01:00:00,350,295.77274630367117,LOW
2018-09-06 01:00:00,350,295.77274630367117,LOW
2018-09-06 02:00:00,281,439.88064807494646,LOW
2018-09-06 02:00:00,281,439.88064807494646,LOW
2018-09-06 03:00:00,337,947.8206426176436,LOW
2018-09-06 03:00:00,337,947.8206426176436,LOW
2018-09-06 04:00:00,909,2302.296150516529,MEDIUM
2018-09-06 04:00:00,909,2302.296150516529,MEDIUM
2018-09-06 05:00:00,3036,4773.954092827938,HIGH
2018-09-06 05:00:00,3036,4773.954092827938,HIGH
2018-09-06 06:00:00,5868,6174.792647969285,HIGH
2018-09-06 07:00:00,6526,6223.061205620186,HIGH
2018-09-06 07:00:00,6526,6223.061205620186,HIGH
2018-09-06 08:00:00,5996,4298.093940863705,MEDIUM
2018-09-06 09:00:00,5328,4851.402180254226,HIGH
2018-09-06 10:00:00,4579,4834.7046699058965,HIGH
2018-09-06 11:00:00,4727,4906.193199966579,HIGH
2018-09-06 12:00:00,4765,4799.005569293489,HIGH
2018-09-06 13:00:00,4853,5167.951906875686,HIGH
2018-09-06 14:00:00,4947,5381.051265600442,HIGH
2018-09-06 15:00:00,5786,6385.896325930621,HIGH
2018-09-06 16:00:00,6396,5883.198658527291,HIGH
2018-09-06 17:00:00,6008,4631.757369590302,HIGH
2018-09-06 18:00:00,4373,3584.0645404887264,MEDIUM
2018-09-06 19:00:00,3382,3007.2614397905663,MEDIUM
2018-09-06 20:00:00,3223,2931.8839565012254,MEDIUM
2018-09-06 21:00:00,2712,2109.994297633552,LOW
2018-09-06 22:00:00,2096,1180.807209982526,LOW
2018-09-06 23:00:00,1248,692.3807613830835,LOW
2018-09-07 00:00:00,550,342.920036668607,LOW
2018-09-07 01:00:00,417,321.22563586672,LOW
2018-09-07 02:00:00,307,443.8710471797633,LOW
2018-09-07 03:00:00,338,868.1846539173308,LOW
2018-09-07 04:00:00,892,2785.178132474921,MEDIUM
2018-09-07 05:00:00,2942,5580.968364243401,HIGH
2018-09-07 06:00:00,5542,6264.87127104764,HIGH
2018-09-07 07:00:00,6675,5901.039202596064,HIGH
2018-09-07 08:00:00,5923,5174.687583974712,HIGH
2018-09-07 09:00:00,5061,4744.151541070966,HIGH
2018-09-07 10:00:00,4720,5038.535167025212,HIGH
2018-09-07 11:00:00,4700,4947.013121015749,HIGH
2018-09-07 12:00:00,5073,5056.378635902805,HIGH
2018-09-07 13:00:00,4832,5229.341638273698,HIGH
2018-09-07 14:00:00,5163,5603.413316445195,HIGH
2018-09-07 15:00:00,4831,5956.863238010843,HIGH
2018-09-07 16:00:00,6148,5417.513722137757,HIGH
2018-09-07 17:00:00,5426,4573.537370729635,HIGH
2018-09-07 18:00:00,4699,3774.933717870573,MEDIUM
2018-09-07 19:00:00,3734,3225.6746831060877,MEDIUM
2018-09-07 20:00:00,3360,3091.4691638607324,MEDIUM
2018-09-07 21:00:00,2803,2629.0943095216912,MEDIUM
2018-09-07 22:00:00,2669,1950.0106449149323,LOW
2018-09-07 23:00:00,1957,1316.4940253245209,LOW
2018-09-08 00:00:00,1131,769.2805352175528,LOW
2018-09-08 01:00:00,690,577.2411943916945,LOW
2018-09-08 02:00:00,488,406.4922427577043,LOW
2018-09-08 03:00:00,393,452.6680669724087,LOW
2018-09-08 04:00:00,459,946.7634229172978,LOW
2018-09-08 05:00:00,830,1395.6204434120386,LOW
2018-09-08 06:00:00,1504,2049.002289736107,LOW
2018-09-08 07:00:00,2063,3060.3154852754437,MEDIUM
2018-09-08 08:00:00,3043,3694.0286086799088,MEDIUM
2018-09-08 09:00:00,3588,3986.9194972836544,MEDIUM
2018-09-08 10:00:00,4039,4363.849455111481,MEDIUM
2018-09-08 11:00:00,4249,4501.32276822354,MEDIUM
2018-09-08 12:00:00,4690,4586.781138451006,HIGH
2018-09-08 13:00:00,4550,4494.1020080329545,MEDIUM
2018-09-08 14:00:00,4612,4538.730025396187,MEDIUM
2018-09-08 15:00:00,4756,4654.664872366585,HIGH
2018-09-08 16:00:00,4848,4587.217985048748,HIGH
2018-09-08 17:00:00,4125,3977.8331798626405,MEDIUM
2018-09-08 18:00:00,3745,3424.1836566956,MEDIUM
2018-09-08 19:00:00,3399,3144.4027593176875,MEDIUM
2018-09-08 20:00:00,3245,3107.4986799225094,MEDIUM
2018-09-08 21:00:00,2814,2807.9481752852876,MEDIUM
2018-09-08 22:00:00,2478,2048.091261360372,LOW
2018-09-08 23:00:00,1916,1212.1487907532282,LOW
2018-09-09 00:00:00,1286,820.3138040601665,LOW
2018-09-09 01:00:00,794,639.1052604032325,LOW
2018-09-09 02:00:00,620,404.7904338128428,LOW
2018-09-09 03:00:00,345,309.06236370715413,LOW
2018-09-09 04:00:00,353,564.0850471242469,LOW
2018-09-09 05:00:00,541,866.902105952113,LOW
2018-09-09 06:00:00,1140,1674.9846533104355,LOW
2018-09-09 07:00:00,1806,2491.0074243520344,MEDIUM
2018-09-09 08:00:00,2224,3258.981801070234,MEDIUM
2018-09-09 09:00:00,3449,3933.8503180169146,MEDIUM
2018-09-09 10:00:00,4322,4583.862621433903,HIGH
2018-09-09 11:00:00,4273,4522.688554608726,MEDIUM
2018-09-09 12:00:00,3990,4116.820340300387,MEDIUM
2018-09-09 13:00:00,3993,4038.046263192179,MEDIUM
2018-09-09 14:00:00,3852,3916.9703179404564,MEDIUM
2018-09-09 15:00:00,3888,3923.2175796047622,MEDIUM
2018-09-09 16:00:00,4126,4012.059390880522,MEDIUM
2018-09-09 17:00:00,3959,3763.2775548143477,MEDIUM
2018-09-09 18:00:00,3692,3235.739910635797,MEDIUM
2018-09-09 19:00:00,3258,2782.392568384672,MEDIUM
2018-09-09 20:00:00,2755,2359.0563816851577,MEDIUM
2018-09-09 21:00:00,2140,1687.6398957901415,LOW
2018-09-09 22:00:00,1534,957.0726056254072,LOW
2018-09-09 23:00:00,996,539.5558749604165,LOW
2018-09-10 00:00:00,534,314.84846071361,LOW
2018-09-10 01:00:00,303,248.20256012731582,LOW
2018-09-10 02:00:00,286,404.1147714356394,LOW
2018-09-10 03:00:00,329,1256.6107959384594,LOW
2018-09-10 04:00:00,861,2789.1980991352502,MEDIUM
2018-09-10 05:00:00,2963,5606.180783526688,HIGH
2018-09-10 06:00:00,5721,6126.630568024898,HIGH
2018-09-10 07:00:00,6561,5961.233968407347,HIGH
2018-09-10 08:00:00,6009,5046.13560073071,HIGH
2018-09-10 09:00:00,5236,4664.136177803516,HIGH
2018-09-10 10:00:00,4201,4394.8159496216795,MEDIUM
2018-09-10 11:00:00,4498,4684.933130920111,HIGH
2018-09-10 12:00:00,4724,4802.546906891269,HIGH
2018-09-10 13:00:00,4462,4818.53685159004,HIGH
2018-09-10 14:00:00,5016,5492.438834360797,HIGH
2018-09-10 15:00:00,5688,6329.609672868749,HIGH
2018-09-10 16:00:00,6344,5790.442538838804,HIGH
2018-09-10 17:00:00,5857,4313.981946534103,MEDIUM
2018-09-10 18:00:00,4245,3235.7554868234256,MEDIUM
2018-09-10 19:00:00,3184,2761.1005982401284,MEDIUM
2018-09-10 20:00:00,2732,2452.345487036518,MEDIUM
2018-09-10 21:00:00,2235,1636.4204799842678,LOW
2018-09-10 22:00:00,1389,1021.2875048507435,LOW
2018-09-10 23:00:00,887,647.7260480729205,LOW
2018-09-11 00:00:00,516,450.22533297996995,LOW
2018-09-11 01:00:00,330,272.13706550997824,LOW
2018-09-11 02:00:00,265,502.6015786401011,LOW
2018-09-11 03:00:00,332,866.4831254586584,LOW
2018-09-11 04:00:00,891,2902.496615040162,MEDIUM
2018-09-11 05:00:00,3055,5601.709939475351,HIGH
2018-09-11 06:00:00,5927,6241.778996648603,HIGH
2018-09-11 07:00:00,6496,5936.8273969862985,HIGH
2018-09-11 08:00:00,6123,5349.262253455968,HIGH
2018-09-11 09:00:00,5471,4740.701521570151,HIGH
2018-09-11 10:00:00,4257,4424.249538695618,MEDIUM
2018-09-11 11:00:00,5074,5312.079642722199,HIGH
2018-09-11 12:00:00,4734,4779.86337287342,HIGH
2018-09-11 13:00:00,4875,5198.234770529464,HIGH
2018-09-11 14:00:00,4922,5426.098795276676,HIGH
2018-09-11 15:00:00,5636,6316.471285940816,HIGH
2018-09-11 16:00:00,6601,6099.272068868964,HIGH
2018-09-11 17:00:00,5859,4447.035801075463,MEDIUM
2018-09-11 18:00:00,4372,3409.9882414450785,MEDIUM
2018-09-11 19:00:00,3427,2980.1995680480636,MEDIUM
2018-09-11 20:00:00,3114,2799.1583976166994,MEDIUM
2018-09-11 21:00:00,2501,1832.2834098224648,LOW
2018-09-11 22:00:00,1860,1438.489647690283,LOW
2018-09-11 23:00:00,2682,788.56625,LOW
2018-09-12 00:00:00,750,456.8687437532589,LOW
2018-09-12 01:00:00,344,280.4136872007333,LOW
2018-09-12 02:00:00,314,773.7725074443326,LOW
2018-09-12 03:00:00,371,952.8377911607001,LOW
2018-09-12 04:00:00,937,2977.752035764162,MEDIUM
2018-09-12 05:00:00,3085,5617.967742445946,HIGH
2018-09-12 06:00:00,5908,6068.065300492912,HIGH
2018-09-12 07:00:00,6677,6083.546451353846,HIGH
2018-09-12 08:00:00,6297,5675.4266054024965,HIGH
2018-09-12 09:00:00,5551,5048.557583419513,HIGH
2018-09-12 09:00:00,5551,5048.557583419513,HIGH
2018-09-12 10:00:00,4499,4669.462845014747,HIGH
2018-09-12 10:00:00,4499,4669.462845014747,HIGH
2018-09-12 11:00:00,4598,4798.6100873498835,HIGH
2018-09-12 12:00:00,4759,4802.520931402317,HIGH
2018-09-12 13:00:00,4733,5116.075382327452,HIGH
2018-09-12 14:00:00,5056,5539.178963129977,HIGH
2018-09-12 15:00:00,5739,6448.839003113102,HIGH
2018-09-12 16:00:00,6450,5873.254829583943,HIGH
2018-09-12 17:00:00,6245,4807.213010327104,HIGH
2018-09-12 18:00:00,4668,3593.044082189835,MEDIUM
2018-09-12 19:00:00,3510,3140.84567702218,MEDIUM
2018-09-12 20:00:00,3064,2672.6766226364753,MEDIUM
2018-09-12 21:00:00,2705,2096.7955196346575,LOW
2018-09-12 22:00:00,1813,1435.696903155526,LOW
2018-09-12 23:00:00,2842,1026.3161388888889,LOW
2018-09-13 00:00:00,699,436.31227154527,LOW
2018-09-13 01:00:00,413,311.89105915015995,LOW
2018-09-13 02:00:00,332,382.4532484989078,LOW
2018-09-13 03:00:00,383,1049.6705465489601,LOW
2018-09-13 04:00:00,914,2815.257230875725,MEDIUM
2018-09-13 05:00:00,3052,5625.072574342564,HIGH
2018-09-13 06:00:00,5830,6170.177947276265,HIGH
2018-09-13 07:00:00,6433,5928.958518070543,HIGH
2018-09-13 08:00:00,6162,5386.720562278043,HIGH
2018-09-13 09:00:00,5092,4694.836436420364,HIGH
2018-09-13 10:00:00,4584,4834.907223454474,HIGH
2018-09-13 11:00:00,4767,4916.2835452160725,HIGH
2018-09-13 12:00:00,4851,4879.518434373326,HIGH
2018-09-13 13:00:00,4826,5189.58866627449,HIGH
2018-09-13 14:00:00,5014,5471.6585369078275,HIGH
2018-09-13 15:00:00,5617,6148.489660083379,HIGH
2018-09-13 16:00:00,6514,5829.086656927093,HIGH
2018-09-13 17:00:00,5701,4496.094936204952,MEDIUM
2018-09-13 18:00:00,4443,3543.516147158494,MEDIUM
2018-09-13 19:00:00,3669,3237.8710676150486,MEDIUM
2018-09-13 20:00:00,3282,2860.882769639762,MEDIUM
2018-09-13 21:00:00,2676,2189.7147590306295,MEDIUM
2018-09-13 22:00:00,1921,1410.3624456906766,LOW
2018-09-13 23:00:00,1167,926.140959976613,LOW
2018-09-14 00:00:00,603,435.6294075449086,LOW
2018-09-14 01:00:00,376,306.6927856484376,LOW
2018-09-14 02:00:00,333,493.750529582852,LOW
2018-09-14 03:00:00,377,1308.574997530135,LOW
2018-09-14 04:00:00,892,2402.487748393307,MEDIUM
2018-09-14 05:00:00,2899,5456.9305503096875,HIGH
2018-09-14 06:00:00,5569,6011.331937617262,HIGH
2018-09-14 07:00:00,6728,6065.802446253075,HIGH
2018-09-14 08:00:00,5934,5225.730278180173,HIGH
2018-09-14 09:00:00,5025,4799.989885965519,HIGH
2018-09-14 10:00:00,4566,4863.296896400588,HIGH
2018-09-14 11:00:00,4836,5116.951231861234,HIGH
2018-09-14 12:00:00,5019,5069.301135809786,HIGH
2018-09-14 13:00:00,4830,5197.251088208288,HIGH
2018-09-14 14:00:00,5231,5497.446965494011,HIGH
2018-09-14 15:00:00,5953,6240.715284172775,HIGH
2018-09-14 16:00:00,6196,5459.735237385303,HIGH
2018-09-14 17:00:00,5358,4648.728247012599,HIGH
2018-09-14 18:00:00,4687,3863.6358070964966,MEDIUM
2018-09-14 19:00:00,3880,3223.6141191393067,MEDIUM
2018-09-14 20:00:00,3329,3083.036600205737,MEDIUM
2018-09-14 21:00:00,3169,2839.3431592730985,MEDIUM
2018-09-14 22:00:00,2810,2140.236686781088,LOW
2018-09-14 23:00:00,2024,1446.6662978280497,LOW
2018-09-15 00:00:00,1179,777.7116107910908,LOW
2018-09-15 01:00:00,808,594.8462956038969,LOW
2018-09-15 02:00:00,584,433.6147310623167,LOW
2018-09-15 03:00:00,428,439.1375032742397,LOW
2018-09-15 04:00:00,502,909.6442276810392,LOW
2018-09-15 05:00:00,871,1639.7483076157225,LOW
2018-09-15 06:00:00,1469,2067.9331850804565,LOW
2018-09-15 07:00:00,2117,2864.828560124379,MEDIUM
2018-09-15 07:00:00,2117,2864.828560124379,MEDIUM
2018-09-15 08:00:00,3442,4216.365921974855,MEDIUM
2018-09-15 09:00:00,3999,4294.277718482679,MEDIUM
2018-09-15 10:00:00,4448,4620.986204712145,HIGH
2018-09-15 11:00:00,4772,4727.864975620448,HIGH
2018-09-15 12:00:00,4990,4959.408624472822,HIGH
2018-09-15 13:00:00,4848,4710.854276095372,HIGH
2018-09-15 14:00:00,4343,4355.52326753626,MEDIUM
2018-09-15 15:00:00,4296,4344.477339063513,MEDIUM
2018-09-15 16:00:00,4219,3980.4019655735888,MEDIUM
2018-09-15 17:00:00,3953,3735.2610425347048,MEDIUM
2018-09-15 18:00:00,3826,3408.9927917942814,MEDIUM
2018-09-15 19:00:00,3455,3181.9429523109384,MEDIUM
2018-09-15 20:00:00,3208,3099.9114850508317,MEDIUM
2018-09-15 21:00:00,3055,2911.7801109857874,MEDIUM
2018-09-15 22:00:00,2741,2189.0770322351004,MEDIUM
2018-09-15 23:00:00,2123,1340.135455562787,LOW
2018-09-16 00:00:00,1353,884.3646127206039,LOW
2018-09-16 01:00:00,786,587.4776652744785,LOW
2018-09-16 02:00:00,607,411.4297539769243,LOW
2018-09-16 03:00:00,401,360.096726470483,LOW
2018-09-16 04:00:00,313,524.0490618054805,LOW
2018-09-16 05:00:00,467,679.3289411623836,LOW
2018-09-16 06:00:00,850,1052.3159601056595,LOW
2018-09-16 07:00:00,1302,1937.6395811916175,LOW
2018-09-16 08:00:00,2090,3067.250921634948,MEDIUM
2018-09-16 09:00:00,3039,3670.25814371138,MEDIUM
2018-09-16 10:00:00,3278,3817.0285957600877,MEDIUM
2018-09-16 11:00:00,4352,4782.430264645972,HIGH
2018-09-16 12:00:00,3978,4036.6650000427353,MEDIUM
2018-09-16 13:00:00,3935,3973.630427258015,MEDIUM
2018-09-16 14:00:00,3829,3826.2494141703764,MEDIUM
2018-09-16 15:00:00,4101,4161.257113591208,MEDIUM
2018-09-16 16:00:00,4539,4392.872433898981,MEDIUM
2018-09-16 17:00:00,4154,3993.6639760789285,MEDIUM
2018-09-16 18:00:00,3701,3376.542414215399,MEDIUM
2018-09-16 19:00:00,3400,2982.8708161612863,MEDIUM
2018-09-16 20:00:00,3092,2495.3003988625755,MEDIUM
2018-09-16 21:00:00,2623,2175.6121683910633,MEDIUM
2018-09-16 22:00:00,1725,1314.6072751609559,LOW
2018-09-16 23:00:00,1088,677.5256575248158,LOW
2018-09-17 00:00:00,550,356.7052543171643,LOW
2018-09-17 01:00:00,280,238.91803496319096,LOW
2018-09-17 02:00:00,260,1832.7207408005168,LOW
2018-09-17 03:00:00,344,1004.7430855185652,LOW
2018-09-17 04:00:00,880,2426.2269387234865,MEDIUM
2018-09-17 05:00:00,2965,5663.990387412097,HIGH
2018-09-17 06:00:00,5667,6255.907508675437,HIGH
2018-09-17 07:00:00,6533,6020.904507834987,HIGH
2018-09-17 08:00:00,6070,5133.192425876461,HIGH
2018-09-17 09:00:00,5145,4609.93364976327,HIGH
2018-09-17 10:00:00,4201,4390.488833845337,MEDIUM
2018-09-17 11:00:00,4371,4563.7449722599,HIGH
2018-09-17 12:00:00,4533,4703.734144956846,HIGH
2018-09-17 13:00:00,4680,4908.872648244737,HIGH
2018-09-17 14:00:00,4930,5297.448406104916,HIGH
2018-09-17 14:00:00,4930,5297.448406104916,HIGH
2018-09-17 15:00:00,5327,5882.296895142031,HIGH
2018-09-17 15:00:00,5327,5882.296895142031,HIGH
2018-09-17 15:00:00,5327,5882.296895142031,HIGH
2018-09-17 15:00:00,5327,5882.296895142031,HIGH
2018-09-17 16:00:00,6354,5925.742072301473,HIGH
2018-09-17 16:00:00,6354,5925.742072301473,HIGH
2018-09-17 16:00:00,6354,5925.742072301473,HIGH
2018-09-17 17:00:00,5412,4042.252682040181,MEDIUM
2018-09-17 17:00:00,5412,4042.252682040181,MEDIUM
2018-09-17 17:00:00,5412,4042.252682040181,MEDIUM
2018-09-17 18:00:00,4000,3040.0938513838178,MEDIUM
2018-09-17 18:00:00,4000,3040.0938513838178,MEDIUM
2018-09-17 19:00:00,2897,2494.453219740785,MEDIUM
2018-09-17 19:00:00,2897,2494.453219740785,MEDIUM
2018-09-17 20:00:00,2466,2273.109972572124,MEDIUM
2018-09-17 20:00:00,2466,2273.109972572124,MEDIUM
2018-09-17 21:00:00,2090,1586.7388027383518,LOW
2018-09-17 22:00:00,1434,1134.591779211462,LOW
2018-09-17 23:00:00,869,587.3315500552203,LOW
2018-09-18 00:00:00,536,419.0059405264731,LOW
2018-09-18 00:00:00,536,419.0059405264731,LOW
2018-09-18 01:00:00,351,507.59534871775196,LOW
2018-09-18 01:00:00,351,507.59534871775196,LOW
2018-09-18 01:00:00,351,507.59534871775196,LOW
2018-09-18 02:00:00,227,367.5740112066998,LOW
2018-09-18 02:00:00,227,367.5740112066998,LOW
2018-09-18 03:00:00,340,780.3359085060947,LOW
2018-09-18 03:00:00,340,780.3359085060947,LOW
2018-09-18 03:00:00,340,780.3359085060947,LOW
2018-09-18 04:00:00,858,1798.2942577585582,LOW
2018-09-18 04:00:00,858,1798.2942577585582,LOW
2018-09-18 04:00:00,858,1798.2942577585582,LOW
2018-09-18 05:00:00,3027,4662.348173572991,HIGH
2018-09-18 05:00:00,3027,4662.348173572991,HIGH
2018-09-18 05:00:00,3027,4662.348173572991,HIGH
2018-09-18 06:00:00,5642,5918.2429540071125,HIGH
2018-09-18 06:00:00,5642,5918.2429540071125,HIGH
2018-09-18 06:00:00,5642,5918.2429540071125,HIGH
2018-09-18 07:00:00,6516,6095.136950108222,HIGH
2018-09-18 07:00:00,6516,6095.136950108222,HIGH
2018-09-18 08:00:00,5873,5504.117574951074,HIGH
2018-09-18 08:00:00,5873,5504.117574951074,HIGH
2018-09-18 08:00:00,5873,5504.117574951074,HIGH
2018-09-18 09:00:00,5123,4771.179977408726,HIGH
2018-09-18 09:00:00,5123,4771.179977408726,HIGH
2018-09-18 09:00:00,5123,4771.179977408726,HIGH
2018-09-18 10:00:00,4527,4742.2990519156765,HIGH
2018-09-18 10:00:00,4527,4742.2990519156765,HIGH
2018-09-18 10:00:00,4527,4742.2990519156765,HIGH
2018-09-18 11:00:00,4593,4732.39171385734,HIGH
2018-09-18 12:00:00,4725,4779.532876949709,HIGH
2018-09-18 13:00:00,4737,5095.501697613733,HIGH
2018-09-18 14:00:00,4931,5336.70223912448,HIGH
2018-09-18 15:00:00,5623,6096.279157519768,HIGH
2018-09-18 16:00:00,6623,6208.872132288382,HIGH
2018-09-18 17:00:00,5916,4713.265268641663,HIGH
2018-09-18 18:00:00,4423,3514.0198530719754,MEDIUM
2018-09-18 18:00:00,4423,3514.0198530719754,MEDIUM
2018-09-18 19:00:00,3309,2900.1366141966173,MEDIUM
2018-09-18 19:00:00,3309,2900.1366141966173,MEDIUM
2018-09-18 20:00:00,2805,2507.154594136441,MEDIUM
2018-09-18 21:00:00,2400,1792.3338977687627,LOW
2018-09-18 22:00:00,2631,1529.4852626262625,LOW
2018-09-18 22:00:00,2631,1529.4852626262625,LOW
2018-09-18 23:00:00,1501,982.1065191237351,LOW
2018-09-19 00:00:00,617,457.0447207066627,LOW
2018-09-19 00:00:00,617,457.0447207066627,LOW
2018-09-19 01:00:00,401,332.35460611175245,LOW
2018-09-19 01:00:00,401,332.35460611175245,LOW
2018-09-19 02:00:00,282,925.7854764150464,LOW
2018-09-19 02:00:00,282,925.7854764150464,LOW
2018-09-19 03:00:00,358,774.4805831486177,LOW
2018-09-19 03:00:00,358,774.4805831486177,LOW
2018-09-19 04:00:00,913,2327.371347899194,MEDIUM
2018-09-19 04:00:00,913,2327.371347899194,MEDIUM
2018-09-19 04:00:00,913,2327.371347899194,MEDIUM
2018-09-19 05:00:00,3074,4798.502312156134,HIGH
2018-09-19 05:00:00,3074,4798.502312156134,HIGH
2018-09-19 06:00:00,5803,6168.957432066567,HIGH
2018-09-19 06:00:00,5803,6168.957432066567,HIGH
2018-09-19 07:00:00,6510,6077.417399484169,HIGH
2018-09-19 07:00:00,6510,6077.417399484169,HIGH
2018-09-19 07:00:00,6510,6077.417399484169,HIGH
2018-09-19 08:00:00,6101,5661.122854742996,HIGH
2018-09-19 08:00:00,6101,5661.122854742996,HIGH
2018-09-19 09:00:00,5331,4924.449024110256,HIGH
2018-09-19 09:00:00,5331,4924.449024110256,HIGH
2018-09-19 09:00:00,5331,4924.449024110256,HIGH
2018-09-19 09:00:00,5331,4924.449024110256,HIGH
2018-09-19 10:00:00,4266,4395.814668301316,MEDIUM
2018-09-19 10:00:00,4266,4395.814668301316,MEDIUM
2018-09-19 10:00:00,4266,4395.814668301316,MEDIUM
2018-09-19 10:00:00,4266,4395.814668301316,MEDIUM
2018-09-19 11:00:00,4567,4734.217312887777,HIGH
2018-09-19 11:00:00,4567,4734.217312887777,HIGH
2018-09-19 11:00:00,4567,4734.217312887777,HIGH
2018-09-19 12:00:00,4734,4780.318423782068,HIGH
2018-09-19 12:00:00,4734,4780.318423782068,HIGH
2018-09-19 13:00:00,4675,4905.791899212543,HIGH
2018-09-19 13:00:00,4675,4905.791899212543,HIGH
2018-09-19 13:00:00,4675,4905.791899212543,HIGH
2018-09-19 14:00:00,4980,5307.27878476047,HIGH
2018-09-19 14:00:00,4980,5307.27878476047,HIGH
2018-09-19 15:00:00,5718,6383.448641128727,HIGH
2018-09-19 16:00:00,6382,5989.063195082965,HIGH
2018-09-19 16:00:00,6382,5989.063195082965,HIGH
2018-09-19 17:00:00,5647,4900.140344562413,HIGH
2018-09-19 17:00:00,5647,4900.140344562413,HIGH
2018-09-19 17:00:00,5647,4900.140344562413,HIGH
2018-09-19 18:00:00,4469,3674.6749682068994,MEDIUM
2018-09-19 18:00:00,4469,3674.6749682068994,MEDIUM
2018-09-19 18:00:00,4469,3674.6749682068994,MEDIUM
2018-09-19 19:00:00,3460,3036.568970784728,MEDIUM
2018-09-19 19:00:00,3460,3036.568970784728,MEDIUM
2018-09-19 20:00:00,2865,2633.5380093540653,MEDIUM
2018-09-19 21:00:00,2576,1729.0319295940558,LOW
2018-09-19 21:00:00,2576,1729.0319295940558,LOW
2018-09-19 22:00:00,1693,1353.9956271985307,LOW
2018-09-19 22:00:00,1693,1353.9956271985307,LOW
2018-09-19 22:00:00,1693,1353.9956271985307,LOW
2018-09-19 23:00:00,994,707.5705866109647,LOW
2018-09-20 00:00:00,583,420.77562510208986,LOW
2018-09-20 01:00:00,349,299.40181143305807,LOW
2018-09-20 01:00:00,349,299.40181143305807,LOW
2018-09-20 02:00:00,265,598.3214304286063,LOW
2018-09-20 02:00:00,265,598.3214304286063,LOW
2018-09-20 02:00:00,265,598.3214304286063,LOW
2018-09-20 03:00:00,344,929.3622984625063,LOW
2018-09-20 03:00:00,344,929.3622984625063,LOW
2018-09-20 03:00:00,344,929.3622984625063,LOW
2018-09-20 04:00:00,914,1662.4981637869785,LOW
2018-09-20 04:00:00,914,1662.4981637869785,LOW
2018-09-20 05:00:00,2924,4289.511071860843,MEDIUM
2018-09-20 05:00:00,2924,4289.511071860843,MEDIUM
2018-09-20 05:00:00,2924,4289.511071860843,MEDIUM
2018-09-20 05:00:00,2924,4289.511071860843,MEDIUM
2018-09-20 06:00:00,5417,5709.139447323007,HIGH
2018-09-20 06:00:00,5417,5709.139447323007,HIGH
2018-09-20 06:00:00,5417,5709.139447323007,HIGH
2018-09-20 06:00:00,5417,5709.139447323007,HIGH
2018-09-20 07:00:00,5766,5620.571726148862,HIGH
2018-09-20 07:00:00,5766,5620.571726148862,HIGH
2018-09-20 08:00:00,5331,5039.8680361422175,HIGH
2018-09-20 08:00:00,5331,5039.8680361422175,HIGH
2018-09-20 09:00:00,5264,4864.051012918577,HIGH
2018-09-20 09:00:00,5264,4864.051012918577,HIGH
2018-09-20 10:00:00,4326,4453.5235127428605,MEDIUM
2018-09-20 10:00:00,4326,4453.5235127428605,MEDIUM
2018-09-20 10:00:00,4326,4453.5235127428605,MEDIUM
2018-09-20 11:00:00,4592,4751.877863260212,HIGH
2018-09-20 11:00:00,4592,4751.877863260212,HIGH
2018-09-20 11:00:00,4592,4751.877863260212,HIGH
2018-09-20 12:00:00,4695,4832.019181198802,HIGH
2018-09-20 12:00:00,4695,4832.019181198802,HIGH
2018-09-20 13:00:00,4459,4666.838290590618,HIGH
2018-09-20 14:00:00,4517,4695.2093849201165,HIGH
2018-09-20 14:00:00,4517,4695.2093849201165,HIGH
2018-09-20 14:00:00,4517,4695.2093849201165,HIGH
2018-09-20 14:00:00,4517,4695.2093849201165,HIGH
2018-09-20 15:00:00,5257,5638.111889212694,HIGH
2018-09-20 15:00:00,5257,5638.111889212694,HIGH
2018-09-20 15:00:00,5257,5638.111889212694,HIGH
2018-09-20 16:00:00,6331,5946.818450279007,HIGH
2018-09-20 16:00:00,6331,5946.818450279007,HIGH
2018-09-20 16:00:00,6331,5946.818450279007,HIGH
2018-09-20 17:00:00,5065,4492.857335164835,MEDIUM
2018-09-20 17:00:00,5065,4492.857335164835,MEDIUM
2018-09-20 17:00:00,5065,4492.857335164835,MEDIUM
2018-09-20 18:00:00,3898,3337.855518812225,MEDIUM
2018-09-20 18:00:00,3898,3337.855518812225,MEDIUM
2018-09-20 18:00:00,3898,3337.855518812225,MEDIUM
2018-09-20 18:00:00,3898,3337.855518812225,MEDIUM
2018-09-20 18:00:00,3898,3337.855518812225,MEDIUM
2018-09-20 19:00:00,2957,2619.350391312553,MEDIUM
2018-09-20 19:00:00,2957,2619.350391312553,MEDIUM
2018-09-20 19:00:00,2957,2619.350391312553,MEDIUM
2018-09-20 19:00:00,2957,2619.350391312553,MEDIUM
2018-09-20 20:00:00,2740,2739.6575552307804,MEDIUM
2018-09-20 20:00:00,2740,2739.6575552307804,MEDIUM
2018-09-20 20:00:00,2740,2739.6575552307804,MEDIUM
2018-09-20 20:00:00,2740,2739.6575552307804,MEDIUM
2018-09-20 21:00:00,3497,3249.1774923130884,MEDIUM
2018-09-20 22:00:00,2356,1684.8412873190346,LOW
2018-09-20 22:00:00,2356,1684.8412873190346,LOW
2018-09-20 23:00:00,1633,1205.1330037865555,LOW
2018-09-21 00:00:00,698,481.31809483283047,LOW
2018-09-21 01:00:00,407,332.86035919929435,LOW
2018-09-21 02:00:00,304,588.6319342111615,LOW
2018-09-21 03:00:00,377,983.9883594433776,LOW
2018-09-21 04:00:00,867,2314.5375894549334,MEDIUM
2018-09-21 04:00:00,867,2314.5375894549334,MEDIUM
2018-09-21 04:00:00,867,2314.5375894549334,MEDIUM
2018-09-21 05:00:00,2919,5607.731159256734,HIGH
2018-09-21 05:00:00,2919,5607.731159256734,HIGH
2018-09-21 05:00:00,2919,5607.731159256734,HIGH
2018-09-21 06:00:00,5457,5801.531583077258,HIGH
2018-09-21 07:00:00,6539,5848.4413747017425,HIGH
2018-09-21 08:00:00,5653,5264.057623736063,HIGH
2018-09-21 08:00:00,5653,5264.057623736063,HIGH
2018-09-21 08:00:00,5653,5264.057623736063,HIGH
2018-09-21 09:00:00,4981,4703.901302087698,HIGH
2018-09-21 09:00:00,4981,4703.901302087698,HIGH
2018-09-21 09:00:00,4981,4703.901302087698,HIGH
2018-09-21 10:00:00,4548,4772.717240063818,HIGH
2018-09-21 11:00:00,4937,5146.1613123184,HIGH
2018-09-21 12:00:00,5039,5077.9563109912715,HIGH
2018-09-21 13:00:00,4901,5275.230154043836,HIGH
2018-09-21 14:00:00,5185,5562.470925862766,HIGH
2018-09-21 15:00:00,5973,6275.664616966296,HIGH
2018-09-21 16:00:00,6007,5587.417964308043,HIGH
2018-09-21 17:00:00,5489,4566.70797257952,HIGH
2018-09-21 18:00:00,4607,3711.965968731446,MEDIUM
2018-09-21 19:00:00,3958,3354.6965639135406,MEDIUM
2018-09-21 20:00:00,3255,3034.362872825409,MEDIUM
2018-09-21 21:00:00,2931,2601.361357678074,MEDIUM
2018-09-21 22:00:00,2570,1792.9947920668328,LOW
2018-09-21 23:00:00,2179,1453.723546121127,LOW
2018-09-22 00:00:00,1516,912.1017893331392,LOW
2018-09-22 01:00:00,1273,814.6962838463905,LOW
2018-09-22 02:00:00,1207,774.3566575531086,LOW
2018-09-22 03:00:00,611,633.95,LOW
2018-09-22 04:00:00,647,1059.238014609058,LOW
2018-09-22 05:00:00,960,2495.2281111111115,MEDIUM
2018-09-22 06:00:00,1635,2321.7921650912604,MEDIUM
2018-09-22 07:00:00,2445,3418.4438223148013,MEDIUM
2018-09-22 08:00:00,3415,4693.406327370892,HIGH
2018-09-22 09:00:00,3770,4200.1556586063125,MEDIUM
2018-09-22 10:00:00,4308,4592.136213613879,HIGH
2018-09-22 11:00:00,4638,4879.760458363982,HIGH
2018-09-22 12:00:00,4831,4704.775888917467,HIGH
2018-09-22 13:00:00,4565,4529.230380856633,MEDIUM
2018-09-22 14:00:00,4654,4545.874312778219,HIGH
2018-09-22 15:00:00,4589,4464.0508030084,MEDIUM
2018-09-22 16:00:00,4582,4495.811053529088,MEDIUM
2018-09-22 17:00:00,4847,4358.524687885028,MEDIUM
2018-09-22 18:00:00,4620,3811.7748242751513,MEDIUM
2018-09-22 19:00:00,4347,3562.421687879446,MEDIUM
2018-09-22 20:00:00,3602,3281.1562938291086,MEDIUM
2018-09-22 21:00:00,2985,2820.1753182735247,MEDIUM
2018-09-22 22:00:00,2480,2135.8551302846063,LOW
2018-09-22 23:00:00,1871,1276.5608954925715,LOW
2018-09-23 00:00:00,1249,903.0368852681686,LOW
2018-09-23 01:00:00,690,548.5302496597567,LOW
2018-09-23 02:00:00,565,396.3280564871324,LOW
2018-09-23 03:00:00,319,291.15962229325584,LOW
2018-09-23 04:00:00,339,529.8705010696242,LOW
2018-09-23 05:00:00,514,892.4469643937135,LOW
2018-09-23 06:00:00,910,1310.2113292162878,LOW
2018-09-23 07:00:00,1402,2065.217394121518,LOW
2018-09-23 08:00:00,2203,3290.802694774993,MEDIUM
2018-09-23 09:00:00,3562,3980.4912726442694,MEDIUM
2018-09-23 10:00:00,4594,4602.9500655458,HIGH
2018-09-23 11:00:00,4252,4479.501805295116,MEDIUM
2018-09-23 12:00:00,3945,4033.1920845242275,MEDIUM
2018-09-23 13:00:00,4107,4218.934462047949,MEDIUM
2018-09-23 14:00:00,4091,4231.263164249872,MEDIUM
2018-09-23 15:00:00,4195,4230.815844274246,MEDIUM
2018-09-23 16:00:00,4413,4531.85512117884,MEDIUM
2018-09-23 17:00:00,4117,3933.6309617950947,MEDIUM
2018-09-23 18:00:00,3997,3491.5493162797584,MEDIUM
2018-09-23 19:00:00,3516,3131.7311819751076,MEDIUM
2018-09-23 20:00:00,2846,2415.255412462665,MEDIUM
2018-09-23 21:00:00,2346,1867.9873132972723,LOW
2018-09-23 22:00:00,1635,1016.1421195717064,LOW
2018-09-23 23:00:00,934,525.9822825925388,LOW
2018-09-24 00:00:00,509,304.3386337588877,LOW
2018-09-24 01:00:00,344,275.5523213575345,LOW
2018-09-24 02:00:00,219,652.9433403998697,LOW
2018-09-24 03:00:00,328,854.7643305519493,LOW
2018-09-24 04:00:00,888,2869.60620368546,MEDIUM
2018-09-24 05:00:00,2954,5558.41873115781,HIGH
2018-09-24 06:00:00,5747,6119.344904362075,HIGH
2018-09-24 07:00:00,6591,6019.719517030611,HIGH
2018-09-24 08:00:00,5900,5028.301214361282,HIGH
2018-09-24 09:00:00,4936,4585.211327121805,HIGH
2018-09-24 10:00:00,4351,4529.945576827305,MEDIUM
2018-09-24 11:00:00,4468,4638.752686212152,HIGH
2018-09-24 12:00:00,4531,4704.066866679946,HIGH
2018-09-24 13:00:00,4433,4719.760427983044,HIGH
2018-09-24 14:00:00,4816,5210.978138398013,HIGH
2018-09-24 15:00:00,5443,6236.042398846011,HIGH
2018-09-24 16:00:00,6307,5702.887519941632,HIGH
2018-09-24 17:00:00,5562,4178.787219088867,MEDIUM
2018-09-24 18:00:00,4167,3419.9835116758045,MEDIUM
2018-09-24 19:00:00,3253,2802.2707172960377,MEDIUM
2018-09-24 20:00:00,2559,2361.3589262061864,MEDIUM
2018-09-24 21:00:00,2084,1632.4639448389516,LOW
2018-09-24 22:00:00,1392,1158.4790892273245,LOW
2018-09-24 22:00:00,1392,1158.4790892273245,LOW
2018-09-24 22:00:00,1392,1158.4790892273245,LOW
2018-09-24 23:00:00,826,640.2327348706139,LOW
2018-09-24 23:00:00,826,640.2327348706139,LOW
2018-09-24 23:00:00,826,640.2327348706139,LOW
2018-09-25 00:00:00,527,414.0721765643674,LOW
2018-09-25 00:00:00,527,414.0721765643674,LOW
2018-09-25 01:00:00,302,254.87377515348075,LOW
2018-09-25 01:00:00,302,254.87377515348075,LOW
2018-09-25 02:00:00,234,365.78723216676656,LOW
2018-09-25 02:00:00,234,365.78723216676656,LOW
2018-09-25 03:00:00,366,1091.182458744015,LOW
2018-09-25 04:00:00,880,2647.6863616698874,MEDIUM
2018-09-25 05:00:00,3063,5289.916075508813,HIGH
2018-09-25 06:00:00,5833,6175.5688906463165,HIGH
2018-09-25 07:00:00,6568,6109.199608933396,HIGH
2018-09-25 08:00:00,6080,5613.571692331823,HIGH
2018-09-25 09:00:00,5083,4625.248949050523,HIGH
2018-09-25 10:00:00,4385,4552.554682707375,HIGH
2018-09-25 11:00:00,4458,4612.1854614020185,HIGH
2018-09-25 12:00:00,4580,4660.658728574765,HIGH
2018-09-25 12:00:00,4580,4660.658728574765,HIGH
2018-09-25 12:00:00,4580,4660.658728574765,HIGH
2018-09-25 13:00:00,4716,5001.813938441168,HIGH
2018-09-25 14:00:00,4973,5353.127592768062,HIGH
2018-09-25 14:00:00,4973,5353.127592768062,HIGH
2018-09-25 15:00:00,5748,6312.918580954934,HIGH
2018-09-25 16:00:00,6597,6226.678675717038,HIGH
2018-09-25 16:00:00,6597,6226.678675717038,HIGH
2018-09-25 17:00:00,5734,4431.431592061421,MEDIUM
2018-09-25 18:00:00,4320,3657.970017978055,MEDIUM
2018-09-25 19:00:00,3058,2583.76599621664,MEDIUM
2018-09-25 20:00:00,2765,2499.5144349984175,MEDIUM
2018-09-25 21:00:00,2282,1706.5124377571537,LOW
2018-09-25 22:00:00,1571,993.600898164515,LOW
2018-09-25 23:00:00,924,530.8871724479397,LOW
2018-09-26 00:00:00,543,329.5355067781322,LOW
2018-09-26 01:00:00,358,315.5129274605834,LOW
2018-09-26 02:00:00,227,368.3767709914779,LOW
2018-09-26 03:00:00,358,958.0944950615299,LOW
2018-09-26 04:00:00,890,2682.9782657795176,MEDIUM
2018-09-26 05:00:00,3052,5350.880114624647,HIGH
2018-09-26 06:00:00,5930,6282.266286650253,HIGH
2018-09-26 07:00:00,6193,5710.644518259655,HIGH
2018-09-26 08:00:00,6032,5246.404676633042,HIGH
2018-09-26 09:00:00,5320,5074.775887492888,HIGH
2018-09-26 10:00:00,4523,4737.629167194735,HIGH
2018-09-26 11:00:00,4721,4902.685458056839,HIGH
2018-09-26 12:00:00,4793,4862.631463719929,HIGH
2018-09-26 13:00:00,4624,4974.830202561298,HIGH
2018-09-26 14:00:00,4928,5400.172453939186,HIGH
2018-09-26 15:00:00,5693,6369.446436458582,HIGH
2018-09-26 16:00:00,6334,5904.194927713737,HIGH
2018-09-26 17:00:00,5954,4488.794297479157,MEDIUM
2018-09-26 18:00:00,4661,3480.4357660594396,MEDIUM
2018-09-26 19:00:00,3639,3142.8244409368017,MEDIUM
2018-09-26 20:00:00,3197,2810.7175416519476,MEDIUM
2018-09-26 21:00:00,3475,2898.8710160536693,MEDIUM
2018-09-26 22:00:00,1973,1113.3565398919507,LOW
2018-09-26 23:00:00,1209,639.066195185616,LOW
2018-09-27 00:00:00,654,412.76061352432845,LOW
2018-09-27 01:00:00,421,329.872061259801,LOW
2018-09-27 02:00:00,312,384.9960513221307,LOW
2018-09-27 03:00:00,373,994.892845684611,LOW
2018-09-27 04:00:00,919,2458.481273409083,MEDIUM
2018-09-27 05:00:00,3002,5483.110086187994,HIGH
2018-09-27 06:00:00,5685,6254.422468670532,HIGH
2018-09-27 07:00:00,6589,6138.264596838765,HIGH
2018-09-27 07:00:00,6589,6138.264596838765,HIGH
2018-09-27 08:00:00,5946,5180.109949608483,HIGH
2018-09-27 09:00:00,5181,4877.670346054079,HIGH
2018-09-27 10:00:00,4500,4663.726358742125,HIGH
2018-09-27 11:00:00,4670,4892.774895505085,HIGH
2018-09-27 12:00:00,4849,4887.993985633675,HIGH
2018-09-27 13:00:00,4787,5150.330840090202,HIGH
2018-09-27 14:00:00,4943,5268.296987268098,HIGH
2018-09-27 15:00:00,5892,6273.02558404675,HIGH
2018-09-27 16:00:00,6451,6074.027044920529,HIGH
2018-09-27 17:00:00,5968,4779.477922085085,HIGH
2018-09-27 18:00:00,4498,3606.7885825651833,MEDIUM
2018-09-27 19:00:00,3419,3051.005997663185,MEDIUM
2018-09-27 20:00:00,2856,2725.107858268914,MEDIUM
2018-09-27 21:00:00,2649,1882.8624104346566,LOW
2018-09-27 22:00:00,2003,1213.3890463019666,LOW
2018-09-27 23:00:00,1278,709.5663154466164,LOW
2018-09-28 00:00:00,699,424.41075812628156,LOW
2018-09-28 01:00:00,461,344.0246006343701,LOW
2018-09-28 02:00:00,301,397.61017641962826,LOW
2018-09-28 03:00:00,367,810.6307043110594,LOW
2018-09-28 04:00:00,870,3008.7519808089633,MEDIUM
2018-09-28 05:00:00,2751,5722.463025826492,HIGH
2018-09-28 06:00:00,5521,6247.783514671564,HIGH
2018-09-28 07:00:00,6401,5670.00495404275,HIGH
2018-09-28 08:00:00,5798,5142.046880903634,HIGH
2018-09-28 09:00:00,4791,4548.655748667841,HIGH
2018-09-28 10:00:00,4574,4866.522388268656,HIGH
2018-09-28 11:00:00,4863,5065.213967499952,HIGH
2018-09-28 12:00:00,5066,5087.292331729274,HIGH
2018-09-28 13:00:00,4898,5266.445154288602,HIGH
2018-09-28 14:00:00,5193,5622.78726507496,HIGH
2018-09-28 15:00:00,5838,6166.413805985914,HIGH
2018-09-28 16:00:00,6188,5635.494325372493,HIGH
2018-09-28 17:00:00,5695,4789.074207420227,HIGH
2018-09-28 18:00:00,5104,3840.0732409409143,MEDIUM
2018-09-28 19:00:00,4286,3462.48924504926,MEDIUM
2018-09-28 20:00:00,3538,3316.9949674591026,MEDIUM
2018-09-28 21:00:00,3058,2744.685808894632,MEDIUM
2018-09-28 22:00:00,2713,1824.766877607252,LOW
2018-09-28 23:00:00,3544,1937.7724627594625,LOW
2018-09-29 00:00:00,1733,1042.744936247254,LOW
2018-09-29 01:00:00,867,657.6709783163245,LOW
2018-09-29 02:00:00,524,391.7472411762686,LOW
2018-09-29 03:00:00,359,400.99570360195366,LOW
2018-09-29 04:00:00,425,884.3623096899208,LOW
2018-09-29 05:00:00,743,1378.4055109668968,LOW
2018-09-29 06:00:00,1359,2287.382644164306,MEDIUM
2018-09-29 07:00:00,2036,3242.840004777642,MEDIUM
2018-09-29 08:00:00,3073,3730.101328762327,MEDIUM
2018-09-29 09:00:00,3725,4004.589395908817,MEDIUM
2018-09-29 10:00:00,4059,4396.474573556925,MEDIUM
2018-09-29 11:00:00,4378,4639.734734421963,HIGH
2018-09-29 12:00:00,4657,4547.885892918199,HIGH
2018-09-29 13:00:00,4553,4525.083883332665,MEDIUM
2018-09-29 14:00:00,4618,4569.042765339694,HIGH
2018-09-29 15:00:00,4564,4524.392605429453,MEDIUM
2018-09-29 16:00:00,4735,4566.219657196043,HIGH
2018-09-29 17:00:00,4878,4356.6339319538565,MEDIUM
2018-09-29 18:00:00,4569,3755.6663130836114,MEDIUM
2018-09-29 19:00:00,3818,3349.1986288127537,MEDIUM
2018-09-29 19:00:00,3818,3349.1986288127537,MEDIUM
2018-09-29 20:00:00,3338,3171.2102784540843,MEDIUM
2018-09-29 21:00:00,2950,2884.168054349754,MEDIUM
2018-09-29 22:00:00,2607,1919.8800652629052,LOW
2018-09-29 23:00:00,3856,2181.3023333333335,MEDIUM
2018-09-30 00:00:00,1826,996.1781236954267,LOW
2018-09-30 01:00:00,920,757.8864050996818,LOW
2018-09-30 02:00:00,696,491.4862488969542,LOW
2018-09-30 03:00:00,364,301.60754725150434,LOW
2018-09-30 04:00:00,335,491.5216267400483,LOW
2018-09-30 05:00:00,444,736.338290452797,LOW
2018-09-30 06:00:00,802,986.0611890584388,LOW
2018-09-30 07:00:00,1175,1710.1378275101442,LOW
2018-09-30 08:00:00,2002,2934.7805995162257,MEDIUM
2018-09-30 09:00:00,2882,3297.660003971761,MEDIUM
2018-09-30 10:00:00,3701,4104.680066044901,MEDIUM
2018-09-30 11:00:00,4049,4342.1451973264275,MEDIUM
2018-09-30 12:00:00,4429,4391.553657287725,MEDIUM
2018-09-30 13:00:00,4547,4508.695558887893,MEDIUM
2018-09-30 14:00:00,4380,4381.669143852608,MEDIUM
2018-09-30 14:00:00,4380,4381.669143852608,MEDIUM
2018-09-30 15:00:00,4302,4359.644010633429,MEDIUM
2018-09-30 15:00:00,4302,4359.644010633429,MEDIUM
2018-09-30 16:00:00,4283,4172.629653335478,MEDIUM
2018-09-30 17:00:00,4132,3897.128905370977,MEDIUM
2018-09-30 18:00:00,3947,3438.004448561179,MEDIUM
2018-09-30 19:00:00,3543,2989.0299445561577,MEDIUM
2018-09-30 20:00:00,2781,2422.6716283126857,MEDIUM
2018-09-30 21:00:00,2159,1760.6005103753257,LOW
2018-09-30 22:00:00,1450,1054.3033783262886,LOW
2018-09-30 23:00:00,954,670.3042918806455,LOW
